case_name,case_label,system_config_path,data_type,prefill_length,batch_size,hidden_size,num_heads,head_dim,compile_mode,variant,variant_label,attention_variant,total_latency_ms,q_mul_k_ms,softmax_ms,a_mul_v_ms,compute_model_ms,fused_core_ms,hbm_io_ms,onchip_io_ms,kernel_overhead_ms,software_q_tile_size,software_kv_tile_size,logical_q_tile_size,tensor_tflops,vector_tflops,tensor_vector_ratio,source,bottleneck_component,bottleneck_ms,bottleneck_share_of_total
tpuv6e_int8,TPUv6e INT8,${SOURCE_ROOT}/LLMCompass/configs/ours/TPUv6e.json,int8,2048,1,4096,32,128,fixed-tile,baseline,Unfused Attention,trivial,1.233805714285714,0.14720571428571427,0.8798571428571428,0.20674285714285714,0.0,0.0,0.0,0.0,0.0,,,,917.504,7.168,128.0,source_csv,,,
tpuv6e_int8,TPUv6e INT8,${SOURCE_ROOT}/LLMCompass/configs/ours/TPUv6e.json,int8,2048,1,4096,32,128,fixed-tile,customsa,FlashAttention-CustomSA,flashattention_customsa,0.4313645714285714,0.0,0.0,0.0,0.0,0.13136457142857141,0.0,0.052428800000000005,0.3,512,2048,512,917.504,7.168,128.0,source_csv,,,
tpuv6e_int8,TPUv6e INT8,${SOURCE_ROOT}/LLMCompass/configs/ours/TPUv6e.json,int8,2048,1,4096,32,128,fixed-tile,flashattention,FlashAttention,flashattention,0.528278857142857,0.09333028571428571,0.22827885714285714,0.04681142857142857,0.22827885714285714,0.0,0.0,0.052428800000000005,0.3,512,2048,,917.504,7.168,128.0,source_csv,,,
tpuv6e_int8,TPUv6e INT8,${SOURCE_ROOT}/LLMCompass/configs/ours/TPUv6e.json,int8,4096,1,4096,32,128,fixed-tile,baseline,Unfused Attention,trivial,3.3481074285714287,0.24712114285714287,2.6177314285714286,0.48325485714285715,0.0,0.0,0.0,0.0,0.0,,,,917.504,7.168,128.0,source_csv,,,
tpuv6e_int8,TPUv6e INT8,${SOURCE_ROOT}/LLMCompass/configs/ours/TPUv6e.json,int8,4096,1,4096,32,128,fixed-tile,customsa,FlashAttention-CustomSA,flashattention_customsa,0.7874239999999999,0.0,0.0,0.0,0.0,0.48742399999999997,0.0,0.18874368,0.3,512,4096,512,917.504,7.168,128.0,source_csv,,,
tpuv6e_int8,TPUv6e INT8,${SOURCE_ROOT}/LLMCompass/configs/ours/TPUv6e.json,int8,4096,1,4096,32,128,fixed-tile,flashattention,FlashAttention,flashattention,1.2059474285714284,0.37332114285714285,0.9059474285714286,0.16852114285714284,0.9059474285714286,0.0,0.0,0.18874368,0.3,512,4096,,917.504,7.168,128.0,source_csv,,,
tpuv6e_int8,TPUv6e INT8,${SOURCE_ROOT}/LLMCompass/configs/ours/TPUv6e.json,int8,8192,1,4096,32,128,fixed-tile,baseline,Unfused Attention,trivial,11.78170742857143,0.6363188571428571,9.566243428571429,1.5791451428571428,0.0,0.0,0.0,0.0,0.0,,,,917.504,7.168,128.0,source_csv,,,
tpuv6e_int8,TPUv6e INT8,${SOURCE_ROOT}/LLMCompass/configs/ours/TPUv6e.json,int8,8192,1,4096,32,128,fixed-tile,customsa,FlashAttention-CustomSA,flashattention_customsa,2.1736274285714288,0.0,0.0,0.0,0.0,1.8736274285714287,0.0,0.7130316800000001,0.3,512,8192,512,917.504,7.168,128.0,source_csv,,,
tpuv6e_int8,TPUv6e INT8,${SOURCE_ROOT}/LLMCompass/configs/ours/TPUv6e.json,int8,8192,1,4096,32,128,fixed-tile,flashattention,FlashAttention,flashattention,3.909453714285714,1.4932845714285714,3.6094537142857144,0.6366354285714285,3.6094537142857144,0.0,0.0,0.7130316800000001,0.3,512,8192,,917.504,7.168,128.0,source_csv,,,
tpuv6e_int8,TPUv6e INT8,${SOURCE_ROOT}/LLMCompass/configs/ours/TPUv6e.json,int8,16384,1,4096,32,128,fixed-tile,baseline,Unfused Attention,trivial,45.468722285714286,2.172181714285714,37.35818857142857,5.938352,0.0,0.0,0.0,0.0,0.0,,,,917.504,7.168,128.0,source_csv,,,
tpuv6e_int8,TPUv6e INT8,${SOURCE_ROOT}/LLMCompass/configs/ours/TPUv6e.json,int8,16384,1,4096,32,128,fixed-tile,customsa,FlashAttention-CustomSA,flashattention_customsa,7.794509714285715,0.0,0.0,0.0,0.0,7.494509714285715,0.0,2.76824064,0.3,512,8192,512,917.504,7.168,128.0,source_csv,,,
tpuv6e_int8,TPUv6e INT8,${SOURCE_ROOT}/LLMCompass/configs/ours/TPUv6e.json,int8,16384,1,4096,32,128,fixed-tile,flashattention,FlashAttention,flashattention,14.737814857142856,5.973138285714286,14.437814857142858,2.546541714285714,14.437814857142858,0.0,0.0,2.76824064,0.3,512,8192,,917.504,7.168,128.0,source_csv,,,
tpuv6e_int8,TPUv6e INT8,${SOURCE_ROOT}/LLMCompass/configs/ours/TPUv6e.json,int8,32768,1,4096,32,128,fixed-tile,baseline,Unfused Attention,trivial,180.1164217142857,8.273777142857144,148.53275428571428,23.309890285714285,0.0,0.0,0.0,0.0,0.0,,,,917.504,7.168,128.0,source_csv,,,
tpuv6e_int8,TPUv6e INT8,${SOURCE_ROOT}/LLMCompass/configs/ours/TPUv6e.json,int8,32768,1,4096,32,128,fixed-tile,customsa,FlashAttention-CustomSA,flashattention_customsa,30.27803885714286,0.0,0.0,0.0,0.0,29.97803885714286,0.0,10.9051904,0.3,512,8192,512,917.504,7.168,128.0,source_csv,,,
tpuv6e_int8,TPUv6e INT8,${SOURCE_ROOT}/LLMCompass/configs/ours/TPUv6e.json,int8,32768,1,4096,32,128,fixed-tile,flashattention,FlashAttention,flashattention,58.05125942857143,23.892553142857142,57.75125942857143,10.186166857142856,57.75125942857143,0.0,0.0,10.9051904,0.3,512,8192,,917.504,7.168,128.0,source_csv,,,
tpuv6e_int8,TPUv6e INT8,${SOURCE_ROOT}/LLMCompass/configs/ours/TPUv6e.json,int8,65536,1,4096,32,128,fixed-tile,baseline,Unfused Attention,trivial,430.68781824,86.34489024,257.99803776000005,86.34489024,0.0,0.0,0.0,0.0,0.0,,,,1835.008,7.168,256.0,fixed_tile_model,softmax,257.99803776000005,0.5990372302943361
tpuv6e_int8,TPUv6e INT8,${SOURCE_ROOT}/LLMCompass/configs/ours/TPUv6e.json,int8,65536,1,4096,32,128,fixed-tile,customsa,FlashAttention-CustomSA,flashattention_customsa,120.21215542857144,0.0,0.0,0.0,0.0,119.91215542857144,0.0,43.285217280000005,0.3,512,8192,512,1835.008,7.168,256.0,fixed_tile_model,fused_core,119.91215542857144,0.9975044121043296
tpuv6e_int8,TPUv6e INT8,${SOURCE_ROOT}/LLMCompass/configs/ours/TPUv6e.json,int8,65536,1,4096,32,128,fixed-tile,flashattention,FlashAttention,flashattention,231.3050377142857,95.57021257142857,231.00503771428572,40.744667428571425,231.00503771428572,0.0,0.0,43.285217280000005,0.3,512,8192,,1835.008,7.168,256.0,fixed_tile_model,softmax,231.00503771428572,0.9987030113871944
tpuv6e_int8,TPUv6e INT8,${SOURCE_ROOT}/LLMCompass/configs/ours/TPUv6e.json,int8,131072,1,4096,32,128,fixed-tile,baseline,Unfused Attention,trivial,1719.8490956800001,344.37847232,1031.0921510399999,344.37847232,0.0,0.0,0.0,0.0,0.0,,,,1835.008,7.168,256.0,fixed_tile_model,softmax,1031.0921510399999,0.599524780185626
tpuv6e_int8,TPUv6e INT8,${SOURCE_ROOT}/LLMCompass/configs/ours/TPUv6e.json,int8,131072,1,4096,32,128,fixed-tile,customsa,FlashAttention-CustomSA,flashattention_customsa,479.94862171428576,0.0,0.0,0.0,0.0,479.64862171428575,0.0,172.46978048,0.3,512,8192,512,1835.008,7.168,256.0,fixed_tile_model,fused_core,479.64862171428575,0.9993749330940289
tpuv6e_int8,TPUv6e INT8,${SOURCE_ROOT}/LLMCompass/configs/ours/TPUv6e.json,int8,131072,1,4096,32,128,fixed-tile,flashattention,FlashAttention,flashattention,924.3201508571428,382.2808502857143,924.0201508571429,162.9786697142857,924.0201508571429,0.0,0.0,172.46978048,0.3,512,8192,,1835.008,7.168,256.0,fixed_tile_model,softmax,924.0201508571429,0.9996754371310398
tpuv6e_int8,TPUv6e INT8,${SOURCE_ROOT}/LLMCompass/configs/ours/TPUv6e.json,int8,262144,1,4096,32,128,fixed-tile,baseline,Unfused Attention,trivial,6875.152028160001,1375.8417120000001,4123.46860416,1375.8417120000001,0.0,0.0,0.0,0.0,0.0,,,,1835.008,7.168,256.0,fixed_tile_model,softmax,4123.46860416,0.5997639888209956
tpuv6e_int8,TPUv6e INT8,${SOURCE_ROOT}/LLMCompass/configs/ours/TPUv6e.json,int8,262144,1,4096,32,128,fixed-tile,customsa,FlashAttention-CustomSA,flashattention_customsa,1918.894486857143,0.0,0.0,0.0,0.0,1918.594486857143,0.0,688.53694464,0.3,512,8192,512,1835.008,7.168,256.0,fixed_tile_model,fused_core,1918.594486857143,0.9998436599812784
tpuv6e_int8,TPUv6e INT8,${SOURCE_ROOT}/LLMCompass/configs/ours/TPUv6e.json,int8,262144,1,4096,32,128,fixed-tile,flashattention,FlashAttention,flashattention,3696.3806034285717,1529.1234011428571,3696.0806034285715,651.9146788571428,3696.0806034285715,0.0,0.0,688.53694464,0.3,512,8192,,1835.008,7.168,256.0,fixed_tile_model,softmax,3696.0806034285715,0.9999188395265027
tpuv6e_int8,TPUv6e INT8,${SOURCE_ROOT}/LLMCompass/configs/ours/TPUv6e.json,int8,524288,1,4096,32,128,fixed-tile,baseline,Unfused Attention,trivial,27493.67940352,5500.35249344,16492.974416639998,5500.35249344,0.0,0.0,0.0,0.0,0.0,,,,1835.008,7.168,256.0,fixed_tile_model,softmax,16492.974416639998,0.5998824011357465
tpuv6e_int8,TPUv6e INT8,${SOURCE_ROOT}/LLMCompass/configs/ours/TPUv6e.json,int8,524288,1,4096,32,128,fixed-tile,customsa,FlashAttention-CustomSA,flashattention_customsa,7674.677947428572,0.0,0.0,0.0,0.0,7674.377947428572,0.0,2751.463424,0.3,512,8192,512,1835.008,7.168,256.0,fixed_tile_model,fused_core,7674.377947428572,0.9999609104118694
tpuv6e_int8,TPUv6e INT8,${SOURCE_ROOT}/LLMCompass/configs/ours/TPUv6e.json,int8,524288,1,4096,32,128,fixed-tile,flashattention,FlashAttention,flashattention,14784.622413714285,6116.4936045714285,14784.322413714286,2607.658715428571,14784.322413714286,0.0,0.0,2751.463424,0.3,512,8192,,1835.008,7.168,256.0,fixed_tile_model,softmax,14784.322413714286,0.9999797086464839
