case_name,case_label,system_config_path,data_type,prefill_length,batch_size,hidden_size,num_heads,head_dim,compile_mode,variant,variant_label,attention_variant,total_latency_ms,q_mul_k_ms,softmax_ms,a_mul_v_ms,compute_model_ms,fused_core_ms,hbm_io_ms,configured_hbm_io_ms,onchip_io_ms,kernel_overhead_ms,non_hbm_critical_ms,bottleneck_component,bottleneck_ms,bottleneck_share_of_total,software_q_tile_size,software_kv_tile_size,logical_q_tile_size,tensor_tflops,vector_tflops,tensor_vector_ratio,hbm_bytes,hbm_mib,configured_hbm_bandwidth_tbps,active_hbm_bandwidth_tbps,configured_onchip_bandwidth_tbps,active_onchip_bandwidth_tbps,required_hbm_bandwidth_tbps,required_hbm_bandwidth_over_config_x,ignore_hbm_bottleneck,ignore_onchip_io_bottleneck,sram_kib,l2_mb
a100_fp16,A100 FP16,${SOURCE_ROOT}/LLMCompass/configs/ours/GA100.json,fp16,2048,1,4096,32,128,heuristic-GPU,baseline,Unfused Attention,trivial,0.4636914893617022,0.1342,0.19140992907801418,0.13808156028368795,0.0,0.0,0.0,0.0,0.0,0.0,0.0,softmax,0.19140992907801418,0.4127958642102767,,,,311.86944,77.96736,4.0,0,0.0,2.039,inf,inf,inf,,,1,1,192,48.0
a100_fp16,A100 FP16,${SOURCE_ROOT}/LLMCompass/configs/ours/GA100.json,fp16,2048,1,4096,32,128,heuristic-GPU,customsa,FlashAttention-CustomSA,flashattention_customsa,0.2701914893617022,0.0,0.0,0.0,0.0,0.24919148936170216,0.0,2.122864996566945,0.0,0.020999999999999998,0.24919148936170216,fused_core,0.24919148936170216,0.9222773446728089,16,256,16,311.86944,77.96736,4.0,4328521728,4128.0,2.039,inf,inf,inf,17.37026308196721,8.519010829802456,1,1,192,48.0
a100_fp16,A100 FP16,${SOURCE_ROOT}/LLMCompass/configs/ours/GA100.json,fp16,2048,1,4096,32,128,heuristic-GPU,flashattention,FlashAttention,flashattention,0.27964943525085373,0.13578019437877595,0.06821287102705542,0.12286924087207776,0.2586494352508537,0.0,0.0,2.122864996566945,0.0,0.020999999999999998,0.2586494352508537,matmul_pair,0.2586494352508537,0.9249059810145427,16,256,,311.86944,77.96736,4.0,4328521728,4128.0,2.039,inf,inf,inf,16.73509058236273,8.20749905952071,1,1,192,48.0
a100_fp16,A100 FP16,${SOURCE_ROOT}/LLMCompass/configs/ours/GA100.json,fp16,4096,1,4096,32,128,heuristic-GPU,baseline,Unfused Attention,trivial,1.6983914893617023,0.4738,0.7354836879432624,0.4891078014184397,0.0,0.0,0.0,0.0,0.0,0.0,0.0,softmax,0.7354836879432624,0.43304720528226115,,,,311.86944,77.96736,4.0,0,0.0,2.039,inf,inf,inf,,,1,1,192,48.0
a100_fp16,A100 FP16,${SOURCE_ROOT}/LLMCompass/configs/ours/GA100.json,fp16,4096,1,4096,32,128,heuristic-GPU,customsa,FlashAttention-CustomSA,flashattention_customsa,0.967927659574468,0.0,0.0,0.0,0.0,0.946927659574468,0.0,8.45854735066209,0.0,0.020999999999999998,0.946927659574468,fused_core,0.946927659574468,0.978304163754105,16,256,16,311.86944,77.96736,4.0,17246978048,16448.0,2.039,inf,inf,inf,18.213617348288754,8.932622534717387,1,1,192,48.0
a100_fp16,A100 FP16,${SOURCE_ROOT}/LLMCompass/configs/ours/GA100.json,fp16,4096,1,4096,32,128,heuristic-GPU,flashattention,FlashAttention,flashattention,1.0555977410034147,0.5431207775151038,0.2728514841082217,0.49147696348831105,1.0345977410034148,0.0,0.0,8.45854735066209,0.0,0.020999999999999998,1.0345977410034148,matmul_pair,1.0345977410034148,0.9801060582224834,16,256,,311.86944,77.96736,4.0,17246978048,16448.0,2.039,inf,inf,inf,16.670225890183026,8.175687047662102,1,1,192,48.0
a100_fp16,A100 FP16,${SOURCE_ROOT}/LLMCompass/configs/ours/GA100.json,fp16,8192,1,4096,32,128,heuristic-GPU,baseline,Unfused Attention,trivial,6.7312765957446805,1.8322,3.005282269503546,1.8937943262411348,0.0,0.0,0.0,0.0,0.0,0.0,0.0,softmax,3.005282269503546,0.4464654255038931,,,,311.86944,77.96736,4.0,0,0.0,2.039,inf,inf,inf,,,1,1,192,48.0
a100_fp16,A100 FP16,${SOURCE_ROOT}/LLMCompass/configs/ours/GA100.json,fp16,8192,1,4096,32,128,heuristic-GPU,customsa,FlashAttention-CustomSA,flashattention_customsa,3.8087106382978724,0.0,0.0,0.0,0.0,3.787710638297872,0.0,33.76836413143698,0.0,0.020999999999999998,3.787710638297872,fused_core,3.787710638297872,0.9944863230645987,16,256,16,311.86944,77.96736,4.0,68853694464,65664.0,2.039,inf,inf,inf,18.178182295081967,8.915243891653736,1,1,192,48.0
a100_fp16,A100 FP16,${SOURCE_ROOT}/LLMCompass/configs/ours/GA100.json,fp16,8192,1,4096,32,128,heuristic-GPU,flashattention,FlashAttention,flashattention,4.159390964013659,2.172483110060415,1.0914059364328867,1.9659078539532442,4.138390964013659,0.0,0.0,33.76836413143698,0.0,0.020999999999999998,4.138390964013659,matmul_pair,4.138390964013659,0.994951183915701,16,256,,311.86944,77.96736,4.0,68853694464,65664.0,2.039,inf,inf,inf,16.637793544093178,8.1597810417328,1,1,192,48.0
a100_fp16,A100 FP16,${SOURCE_ROOT}/LLMCompass/configs/ours/GA100.json,fp16,16384,1,4096,32,128,heuristic-GPU,baseline,Unfused Attention,trivial,27.55904397163121,7.2658000000000005,12.779909219858157,7.51333475177305,0.0,0.0,0.0,0.0,0.0,0.0,0.0,softmax,12.779909219858157,0.4637283221077469,,,,311.86944,77.96736,4.0,0,0.0,2.039,inf,inf,inf,,,1,1,192,48.0
a100_fp16,A100 FP16,${SOURCE_ROOT}/LLMCompass/configs/ours/GA100.json,fp16,16384,1,4096,32,128,heuristic-GPU,customsa,FlashAttention-CustomSA,flashattention_customsa,15.171842553191489,0.0,0.0,0.0,0.0,15.150842553191488,0.0,134.94180598332517,0.0,0.020999999999999998,15.150842553191488,fused_core,15.150842553191488,0.9986158569780581,16,256,16,311.86944,77.96736,4.0,275146342400,262400.0,2.039,inf,inf,inf,18.160464768478572,8.906554570121909,1,1,192,48.0
a100_fp16,A100 FP16,${SOURCE_ROOT}/LLMCompass/configs/ours/GA100.json,fp16,16384,1,4096,32,128,heuristic-GPU,flashattention,FlashAttention,flashattention,16.574563856054638,8.68993244024166,4.365623745731547,7.863631415812977,16.553563856054637,0.0,0.0,134.94180598332517,0.0,0.020999999999999998,16.553563856054637,matmul_pair,16.553563856054637,0.998732998335137,16,256,,311.86944,77.96736,4.0,275146342400,262400.0,2.039,inf,inf,inf,16.621577371048254,8.151828038768148,1,1,192,48.0
a100_fp16,A100 FP16,${SOURCE_ROOT}/LLMCompass/configs/ours/GA100.json,fp16,32768,1,4096,32,128,heuristic-GPU,baseline,Unfused Attention,trivial,116.45776737588652,29.0002,57.465253900709214,29.99231347517731,0.0,0.0,0.0,0.0,0.0,0.0,0.0,softmax,57.465253900709214,0.49344286083753175,,,,311.86944,77.96736,4.0,0,0.0,2.039,inf,inf,inf,,,1,1,192,48.0
a100_fp16,A100 FP16,${SOURCE_ROOT}/LLMCompass/configs/ours/GA100.json,fp16,32768,1,4096,32,128,heuristic-GPU,customsa,FlashAttention-CustomSA,flashattention_customsa,60.62437021276595,0.0,0.0,0.0,0.0,60.60337021276595,0.0,539.5039228484552,0.0,0.020999999999999998,60.60337021276595,fused_core,60.60337021276595,0.9996536046489836,16,256,16,311.86944,77.96736,4.0,1100048498688,1049088.0,2.039,inf,inf,inf,18.15160600517688,8.902209909355998,1,1,192,48.0
a100_fp16,A100 FP16,${SOURCE_ROOT}/LLMCompass/configs/ours/GA100.json,fp16,32768,1,4096,32,128,heuristic-GPU,flashattention,FlashAttention,flashattention,66.23525542421854,34.75972976096664,17.462494982926188,31.454525663251907,66.21425542421855,0.0,0.0,539.5039228484552,0.0,0.020999999999999998,66.21425542421855,matmul_pair,66.21425542421855,0.9996829483050154,16,256,,311.86944,77.96736,4.0,1100048498688,1049088.0,2.039,inf,inf,inf,16.613469284525788,8.14785153728582,1,1,192,48.0
a100_int8,A100 INT8,${SOURCE_ROOT}/LLMCompass/configs/ours/GA100.json,int8,2048,1,4096,32,128,heuristic-GPU,baseline,Unfused Attention,trivial,0.34617872340425526,0.07716737588652482,0.19140992907801418,0.07760141843971631,0.0,0.0,0.0,0.0,0.0,0.0,0.0,softmax,0.19140992907801418,0.5529222801324287,,,,311.86944,77.96736,4.0,0,0.0,2.039,inf,inf,inf,,,1,1,192,48.0
a100_int8,A100 INT8,${SOURCE_ROOT}/LLMCompass/configs/ours/GA100.json,int8,2048,1,4096,32,128,heuristic-GPU,customsa,FlashAttention-CustomSA,flashattention_customsa,0.14559574468085107,0.0,0.0,0.0,0.0,0.12459574468085108,0.0,1.0614324982834724,0.0,0.020999999999999998,0.12459574468085108,fused_core,0.12459574468085108,0.8557650153441474,16,512,16,311.86944,77.96736,4.0,2164260864,2064.0,2.039,inf,inf,inf,17.37026308196721,8.519010829802456,1,1,192,48.0
a100_int8,A100 INT8,${SOURCE_ROOT}/LLMCompass/configs/ours/GA100.json,int8,2048,1,4096,32,128,heuristic-GPU,flashattention,FlashAttention,flashattention,0.14731216180719725,0.06799768846861046,0.06681418439716312,0.05831447333858681,0.12631216180719726,0.0,0.0,1.0614324982834724,0.0,0.020999999999999998,0.12631216180719726,matmul_pair,0.12631216180719726,0.8574455785430338,16,512,,311.86944,77.96736,4.0,2164260864,2064.0,2.039,inf,inf,inf,17.13422391822828,8.40324861119582,1,1,192,48.0
a100_int8,A100 INT8,${SOURCE_ROOT}/LLMCompass/configs/ours/GA100.json,int8,4096,1,4096,32,128,heuristic-GPU,baseline,Unfused Attention,trivial,1.228555319148936,0.24566950354609932,0.7354836879432624,0.24740212765957445,0.0,0.0,0.0,0.0,0.0,0.0,0.0,softmax,0.7354836879432624,0.5986573632294866,,,,311.86944,77.96736,4.0,0,0.0,2.039,inf,inf,inf,,,1,1,192,48.0
a100_int8,A100 INT8,${SOURCE_ROOT}/LLMCompass/configs/ours/GA100.json,int8,4096,1,4096,32,128,heuristic-GPU,customsa,FlashAttention-CustomSA,flashattention_customsa,0.494463829787234,0.0,0.0,0.0,0.0,0.473463829787234,0.0,4.229273675331045,0.0,0.020999999999999998,0.473463829787234,fused_core,0.473463829787234,0.9575297549892856,16,512,16,311.86944,77.96736,4.0,8623489024,8224.0,2.039,inf,inf,inf,18.213617348288754,8.932622534717387,1,1,192,48.0
a100_int8,A100 INT8,${SOURCE_ROOT}/LLMCompass/configs/ours/GA100.json,int8,4096,1,4096,32,128,heuristic-GPU,flashattention,FlashAttention,flashattention,0.5262486472287891,0.2719907538744418,0.2672567375886525,0.23325789335434724,0.505248647228789,0.0,0.0,4.229273675331045,0.0,0.020999999999999998,0.505248647228789,matmul_pair,0.505248647228789,0.9600949092969921,16,512,,311.86944,77.96736,4.0,8623489024,8224.0,2.039,inf,inf,inf,17.06781219761499,8.370677880144674,1,1,192,48.0
a100_int8,A100 INT8,${SOURCE_ROOT}/LLMCompass/configs/ours/GA100.json,int8,8192,1,4096,32,128,heuristic-GPU,baseline,Unfused Attention,trivial,4.851129078014184,0.9196780141843971,3.005282269503546,0.9261687943262411,0.0,0.0,0.0,0.0,0.0,0.0,0.0,softmax,3.005282269503546,0.6195016090426855,,,,311.86944,77.96736,4.0,0,0.0,2.039,inf,inf,inf,,,1,1,192,48.0
a100_int8,A100 INT8,${SOURCE_ROOT}/LLMCompass/configs/ours/GA100.json,int8,8192,1,4096,32,128,heuristic-GPU,customsa,FlashAttention-CustomSA,flashattention_customsa,1.9148553191489361,0.0,0.0,0.0,0.0,1.893855319148936,0.0,16.88418206571849,0.0,0.020999999999999998,1.893855319148936,fused_core,1.893855319148936,0.9890331139956132,16,512,16,311.86944,77.96736,4.0,34426847232,32832.0,2.039,inf,inf,inf,18.178182295081967,8.915243891653736,1,1,192,48.0
a100_int8,A100 INT8,${SOURCE_ROOT}/LLMCompass/configs/ours/GA100.json,int8,8192,1,4096,32,128,heuristic-GPU,flashattention,FlashAttention,flashattention,2.0419945889151565,1.0879630154977673,1.06902695035461,0.933031573417389,2.020994588915156,0.0,0.0,16.88418206571849,0.0,0.020999999999999998,2.020994588915156,matmul_pair,2.020994588915156,0.9897159374887683,16,512,,311.86944,77.96736,4.0,34426847232,32832.0,2.039,inf,inf,inf,17.03460633730835,8.354392514619102,1,1,192,48.0
a100_int8,A100 INT8,${SOURCE_ROOT}/LLMCompass/configs/ours/GA100.json,int8,16384,1,4096,32,128,heuristic-GPU,baseline,Unfused Attention,trivial,20.038243971631207,3.6156382978723407,12.779909219858157,3.6426964539007094,0.0,0.0,0.0,0.0,0.0,0.0,0.0,softmax,12.779909219858157,0.6377759068085551,,,,311.86944,77.96736,4.0,0,0.0,2.039,inf,inf,inf,,,1,1,192,48.0
a100_int8,A100 INT8,${SOURCE_ROOT}/LLMCompass/configs/ours/GA100.json,int8,16384,1,4096,32,128,heuristic-GPU,customsa,FlashAttention-CustomSA,flashattention_customsa,7.596421276595745,0.0,0.0,0.0,0.0,7.575421276595744,0.0,67.47090299166258,0.0,0.020999999999999998,7.575421276595744,fused_core,7.575421276595744,0.9972355403636314,16,512,16,311.86944,77.96736,4.0,137573171200,131200.0,2.039,inf,inf,inf,18.160464768478572,8.906554570121909,1,1,192,48.0
a100_int8,A100 INT8,${SOURCE_ROOT}/LLMCompass/configs/ours/GA100.json,int8,16384,1,4096,32,128,heuristic-GPU,flashattention,FlashAttention,flashattention,8.104978355660625,4.351852061991069,4.27610780141844,3.732126293669556,8.083978355660625,0.0,0.0,67.47090299166258,0.0,0.020999999999999998,8.083978355660625,matmul_pair,8.083978355660625,0.9974089998666889,16,512,,311.86944,77.96736,4.0,137573171200,131200.0,2.039,inf,inf,inf,17.018003407155028,8.346249831856316,1,1,192,48.0
a100_int8,A100 INT8,${SOURCE_ROOT}/LLMCompass/configs/ours/GA100.json,int8,32768,1,4096,32,128,heuristic-GPU,baseline,Unfused Attention,trivial,86.37374468085108,14.399229787234043,57.465253900709214,14.509260992907802,0.0,0.0,0.0,0.0,0.0,0.0,0.0,softmax,57.465253900709214,0.6653092801874222,,,,311.86944,77.96736,4.0,0,0.0,2.039,inf,inf,inf,,,1,1,192,48.0
a100_int8,A100 INT8,${SOURCE_ROOT}/LLMCompass/configs/ours/GA100.json,int8,32768,1,4096,32,128,heuristic-GPU,customsa,FlashAttention-CustomSA,flashattention_customsa,30.322685106382977,0.0,0.0,0.0,0.0,30.301685106382976,0.0,269.7519614242276,0.0,0.020999999999999998,30.301685106382976,fused_core,30.301685106382976,0.9993074491943466,16,512,16,311.86944,77.96736,4.0,550024249344,524544.0,2.039,inf,inf,inf,18.15160600517688,8.902209909355998,1,1,192,48.0
a100_int8,A100 INT8,${SOURCE_ROOT}/LLMCompass/configs/ours/GA100.json,int8,32768,1,4096,32,128,heuristic-GPU,flashattention,FlashAttention,flashattention,32.3569134226425,17.407408247964277,17.10443120567376,14.928505174678223,32.3359134226425,0.0,0.0,269.7519614242276,0.0,0.020999999999999998,32.3359134226425,matmul_pair,32.3359134226425,0.9993509887755454,16,512,,311.86944,77.96736,4.0,550024249344,524544.0,2.039,inf,inf,inf,17.009701942078365,8.342178490474922,1,1,192,48.0
b200_fp16,B200 FP16,${SOURCE_ROOT}/LLMCompass/configs/ours/B200_fp16.json,fp16,2048,1,4096,32,128,heuristic-GPU,baseline,Unfused Attention,trivial,0.19356432432432433,0.037628108108108106,0.11807567567567569,0.03786054054054054,0.0,0.0,0.0,0.0,0.0,0.0,0.0,softmax,0.11807567567567569,0.6100074282171721,,,,2242.9696,70.0928,32.0,0,0.0,8.0,inf,inf,inf,,,1,1,228,126.0
b200_fp16,B200 FP16,${SOURCE_ROOT}/LLMCompass/configs/ours/B200_fp16.json,fp16,2048,1,4096,32,128,heuristic-GPU,customsa,FlashAttention-CustomSA,flashattention_customsa,0.05933081081081081,0.0,0.0,0.0,0.0,0.038330810810810814,0.0,0.27262976,0.0,0.020999999999999998,0.038330810810810814,fused_core,0.038330810810810814,0.6460523678504401,32,256,32,2242.9696,70.0928,32.0,2181038080,2080.0,8.0,inf,inf,inf,56.90038989169675,7.112548736462093,1,1,228,126.0
b200_fp16,B200 FP16,${SOURCE_ROOT}/LLMCompass/configs/ours/B200_fp16.json,fp16,2048,1,4096,32,128,heuristic-GPU,flashattention,FlashAttention,flashattention,0.0660589919649379,0.018909218407596785,0.045058991964937914,0.017114039444850255,0.045058991964937914,0.0,0.0,0.27262976,0.0,0.020999999999999998,0.045058991964937914,softmax,0.045058991964937914,0.682102324371735,32,256,,2242.9696,70.0928,32.0,2181038080,2080.0,8.0,inf,inf,inf,48.404058432934924,6.0505073041168655,1,1,228,126.0
b200_fp16,B200 FP16,${SOURCE_ROOT}/LLMCompass/configs/ours/B200_fp16.json,fp16,4096,1,4096,32,128,heuristic-GPU,baseline,Unfused Attention,trivial,0.613545945945946,0.08749513513513513,0.43772972972972973,0.08832108108108108,0.0,0.0,0.0,0.0,0.0,0.0,0.0,softmax,0.43772972972972973,0.7134424611914788,,,,2242.9696,70.0928,32.0,0,0.0,8.0,inf,inf,inf,,,1,1,228,126.0
b200_fp16,B200 FP16,${SOURCE_ROOT}/LLMCompass/configs/ours/B200_fp16.json,fp16,4096,1,4096,32,128,heuristic-GPU,customsa,FlashAttention-CustomSA,flashattention_customsa,0.15515783783783782,0.0,0.0,0.0,0.0,0.13415783783783783,0.0,1.082130432,0.0,0.020999999999999998,0.13415783783783783,fused_core,0.13415783783783783,0.8646539530800371,32,256,32,2242.9696,70.0928,32.0,8657043456,8256.0,8.0,inf,inf,inf,64.52879381124292,8.066099226405365,1,1,228,126.0
b200_fp16,B200 FP16,${SOURCE_ROOT}/LLMCompass/configs/ours/B200_fp16.json,fp16,4096,1,4096,32,128,heuristic-GPU,flashattention,FlashAttention,flashattention,0.20123596785975165,0.07563687363038714,0.18023596785975166,0.06845615777940102,0.18023596785975166,0.0,0.0,1.082130432,0.0,0.020999999999999998,0.18023596785975166,softmax,0.18023596785975166,0.8956448977618374,32,256,,2242.9696,70.0928,32.0,8657043456,8256.0,8.0,inf,inf,inf,48.03171952191235,6.003964940239044,1,1,228,126.0
b200_fp16,B200 FP16,${SOURCE_ROOT}/LLMCompass/configs/ours/B200_fp16.json,fp16,8192,1,4096,32,128,heuristic-GPU,baseline,Unfused Attention,trivial,2.321675675675676,0.28698054054054056,1.744410810810811,0.2902843243243244,0.0,0.0,0.0,0.0,0.0,0.0,0.0,softmax,1.744410810810811,0.7513585248306209,,,,2242.9696,70.0928,32.0,0,0.0,8.0,inf,inf,inf,,,1,1,228,126.0
b200_fp16,B200 FP16,${SOURCE_ROOT}/LLMCompass/configs/ours/B200_fp16.json,fp16,8192,1,4096,32,128,heuristic-GPU,customsa,FlashAttention-CustomSA,flashattention_customsa,0.5576313513513513,0.0,0.0,0.0,0.0,0.5366313513513513,0.0,4.311744512,0.0,0.020999999999999998,0.5366313513513513,fused_core,0.5366313513513513,0.9623407113873546,32,256,32,2242.9696,70.0928,32.0,34493956096,32896.0,8.0,inf,inf,inf,64.27868220732337,8.034835275915421,1,1,228,126.0
b200_fp16,B200 FP16,${SOURCE_ROOT}/LLMCompass/configs/ours/B200_fp16.json,fp16,8192,1,4096,32,128,heuristic-GPU,flashattention,FlashAttention,flashattention,0.7419438714390065,0.30254749452154855,0.7209438714390066,0.2738246311176041,0.7209438714390066,0.0,0.0,4.311744512,0.0,0.020999999999999998,0.7209438714390066,softmax,0.7209438714390066,0.9716959721504671,32,256,,2242.9696,70.0928,32.0,34493956096,32896.0,8.0,inf,inf,inf,47.84555006640106,5.9806937583001325,1,1,228,126.0
b200_fp16,B200 FP16,${SOURCE_ROOT}/LLMCompass/configs/ours/B200_fp16.json,fp16,16384,1,4096,32,128,heuristic-GPU,baseline,Unfused Attention,trivial,9.373143783783785,1.084922162162162,7.188994594594595,1.099227027027027,0.0,0.0,0.0,0.0,0.0,0.0,0.0,softmax,7.188994594594595,0.7669779489600996,,,,2242.9696,70.0928,32.0,0,0.0,8.0,inf,inf,inf,,,1,1,228,126.0
b200_fp16,B200 FP16,${SOURCE_ROOT}/LLMCompass/configs/ours/B200_fp16.json,fp16,16384,1,4096,32,128,heuristic-GPU,customsa,FlashAttention-CustomSA,flashattention_customsa,2.1675254054054056,0.0,0.0,0.0,0.0,2.1465254054054053,0.0,17.213423616,0.0,0.020999999999999998,2.1465254054054053,fused_core,2.1465254054054053,0.9903115322442679,32,256,32,2242.9696,70.0928,32.0,137707388928,131328.0,8.0,inf,inf,inf,64.1536264053636,8.01920330067045,1,1,228,126.0
b200_fp16,B200 FP16,${SOURCE_ROOT}/LLMCompass/configs/ours/B200_fp16.json,fp16,16384,1,4096,32,128,heuristic-GPU,flashattention,FlashAttention,flashattention,2.9047754857560264,1.2101899780861942,2.8837754857560265,1.0952985244704163,2.8837754857560265,0.0,0.0,17.213423616,0.0,0.020999999999999998,2.8837754857560265,softmax,2.8837754857560265,0.9927705256041383,32,256,,2242.9696,70.0928,32.0,137707388928,131328.0,8.0,inf,inf,inf,47.752465338645415,5.969058167330677,1,1,228,126.0
b200_fp16,B200 FP16,${SOURCE_ROOT}/LLMCompass/configs/ours/B200_fp16.json,fp16,32768,1,4096,32,128,heuristic-GPU,baseline,Unfused Attention,trivial,38.31774918918919,4.276688648648649,29.70557837837838,4.335482162162162,0.0,0.0,0.0,0.0,0.0,0.0,0.0,softmax,29.70557837837838,0.7752433012625748,,,,2242.9696,70.0928,32.0,0,0.0,8.0,inf,inf,inf,,,1,1,228,126.0
b200_fp16,B200 FP16,${SOURCE_ROOT}/LLMCompass/configs/ours/B200_fp16.json,fp16,32768,1,4096,32,128,heuristic-GPU,customsa,FlashAttention-CustomSA,flashattention_customsa,8.607101621621622,0.0,0.0,0.0,0.0,8.586101621621621,0.0,68.78658560000001,0.0,0.020999999999999998,8.586101621621621,fused_core,8.586101621621621,0.9975601542861714,32,256,32,2242.9696,70.0928,32.0,550292684800,524800.0,8.0,inf,inf,inf,64.09109850438371,8.011387313047964,1,1,228,126.0
b200_fp16,B200 FP16,${SOURCE_ROOT}/LLMCompass/configs/ours/B200_fp16.json,fp16,32768,1,4096,32,128,heuristic-GPU,flashattention,FlashAttention,flashattention,11.556101943024107,4.840759912344777,11.535101943024106,4.381194097881665,11.535101943024106,0.0,0.0,68.78658560000001,0.0,0.020999999999999998,11.535101943024106,softmax,11.535101943024106,0.9981827782323539,32,256,,2242.9696,70.0928,32.0,550292684800,524800.0,8.0,inf,inf,inf,47.705922974767596,5.9632403718459495,1,1,228,126.0
b200_int8,B200 INT8,${SOURCE_ROOT}/LLMCompass/configs/ours/B200_fp16.json,int8,2048,1,4096,32,128,heuristic-GPU,baseline,Unfused Attention,trivial,0.17630324324324326,0.029041621621621622,0.11807567567567569,0.02918594594594594,0.0,0.0,0.0,0.0,0.0,0.0,0.0,softmax,0.11807567567567569,0.6697305931733101,,,,2242.9696,70.0928,32.0,0,0.0,8.0,inf,inf,inf,,,1,1,228,126.0
b200_int8,B200 INT8,${SOURCE_ROOT}/LLMCompass/configs/ours/B200_fp16.json,int8,2048,1,4096,32,128,heuristic-GPU,customsa,FlashAttention-CustomSA,flashattention_customsa,0.040165405405405405,0.0,0.0,0.0,0.0,0.019165405405405407,0.0,0.13631488,0.0,0.020999999999999998,0.019165405405405407,fused_core,0.019165405405405407,0.4771620057599656,32,512,32,2242.9696,70.0928,32.0,1090519040,1040.0,8.0,inf,inf,inf,56.90038989169675,7.112548736462093,1,1,228,126.0
b200_int8,B200 INT8,${SOURCE_ROOT}/LLMCompass/configs/ours/B200_fp16.json,int8,2048,1,4096,32,128,heuristic-GPU,flashattention,FlashAttention,flashattention,0.06459292914536158,0.009454609203798392,0.04359292914536158,0.008108224981738497,0.04359292914536158,0.0,0.0,0.13631488,0.0,0.020999999999999998,0.04359292914536158,softmax,0.04359292914536158,0.674887015067221,32,512,,2242.9696,70.0928,32.0,1090519040,1040.0,8.0,inf,inf,inf,25.015961564859296,3.126995195607412,1,1,228,126.0
b200_int8,B200 INT8,${SOURCE_ROOT}/LLMCompass/configs/ours/B200_fp16.json,int8,4096,1,4096,32,128,heuristic-GPU,baseline,Unfused Attention,trivial,0.5444454054054055,0.05316216216216216,0.43772972972972973,0.05355351351351351,0.0,0.0,0.0,0.0,0.0,0.0,0.0,softmax,0.43772972972972973,0.8039919620660347,,,,2242.9696,70.0928,32.0,0,0.0,8.0,inf,inf,inf,,,1,1,228,126.0
b200_int8,B200 INT8,${SOURCE_ROOT}/LLMCompass/configs/ours/B200_fp16.json,int8,4096,1,4096,32,128,heuristic-GPU,customsa,FlashAttention-CustomSA,flashattention_customsa,0.0880789189189189,0.0,0.0,0.0,0.0,0.06707891891891891,0.0,0.541065216,0.0,0.020999999999999998,0.06707891891891891,fused_core,0.06707891891891891,0.7615774551078272,32,512,32,2242.9696,70.0928,32.0,4328521728,4128.0,8.0,inf,inf,inf,64.52879381124292,8.066099226405365,1,1,228,126.0
b200_int8,B200 INT8,${SOURCE_ROOT}/LLMCompass/configs/ours/B200_fp16.json,int8,4096,1,4096,32,128,heuristic-GPU,flashattention,FlashAttention,flashattention,0.1953717165814463,0.03781843681519357,0.17437171658144632,0.03243289992695399,0.17437171658144632,0.0,0.0,0.541065216,0.0,0.020999999999999998,0.17437171658144632,softmax,0.17437171658144632,0.8925125889895862,32,512,,2242.9696,70.0928,32.0,4328521728,4128.0,8.0,inf,inf,inf,24.823531091283456,3.102941386410432,1,1,228,126.0
b200_int8,B200 INT8,${SOURCE_ROOT}/LLMCompass/configs/ours/B200_fp16.json,int8,8192,1,4096,32,128,heuristic-GPU,baseline,Unfused Attention,trivial,2.04555027027027,0.14964864864864866,1.744410810810811,0.1514908108108108,0.0,0.0,0.0,0.0,0.0,0.0,0.0,softmax,1.744410810810811,0.8527831538358278,,,,2242.9696,70.0928,32.0,0,0.0,8.0,inf,inf,inf,,,1,1,228,126.0
b200_int8,B200 INT8,${SOURCE_ROOT}/LLMCompass/configs/ours/B200_fp16.json,int8,8192,1,4096,32,128,heuristic-GPU,customsa,FlashAttention-CustomSA,flashattention_customsa,0.2893156756756757,0.0,0.0,0.0,0.0,0.26831567567567566,0.0,2.155872256,0.0,0.020999999999999998,0.26831567567567566,fused_core,0.26831567567567566,0.9274149250608145,32,512,32,2242.9696,70.0928,32.0,17246978048,16448.0,8.0,inf,inf,inf,64.27868220732337,8.034835275915421,1,1,228,126.0
b200_int8,B200 INT8,${SOURCE_ROOT}/LLMCompass/configs/ours/B200_fp16.json,int8,8192,1,4096,32,128,heuristic-GPU,flashattention,FlashAttention,flashattention,0.7184868663257853,0.15127374726077428,0.6974868663257853,0.12973159970781595,0.6974868663257853,0.0,0.0,2.155872256,0.0,0.020999999999999998,0.6974868663257853,softmax,0.6974868663257853,0.9707719083197855,32,512,,2242.9696,70.0928,32.0,17246978048,16448.0,8.0,inf,inf,inf,24.72731585449554,3.0909144818119425,1,1,228,126.0
b200_int8,B200 INT8,${SOURCE_ROOT}/LLMCompass/configs/ours/B200_fp16.json,int8,16384,1,4096,32,128,heuristic-GPU,baseline,Unfused Attention,trivial,8.268642162162163,0.5355945945945946,7.188994594594595,0.544052972972973,0.0,0.0,0.0,0.0,0.0,0.0,0.0,softmax,7.188994594594595,0.8694286744553895,,,,2242.9696,70.0928,32.0,0,0.0,8.0,inf,inf,inf,,,1,1,228,126.0
b200_int8,B200 INT8,${SOURCE_ROOT}/LLMCompass/configs/ours/B200_fp16.json,int8,16384,1,4096,32,128,heuristic-GPU,customsa,FlashAttention-CustomSA,flashattention_customsa,1.0942627027027025,0.0,0.0,0.0,0.0,1.0732627027027026,0.0,8.606711808,0.0,0.020999999999999998,1.0732627027027026,fused_core,1.0732627027027026,0.9808089959128349,32,512,32,2242.9696,70.0928,32.0,68853694464,65664.0,8.0,inf,inf,inf,64.1536264053636,8.01920330067045,1,1,228,126.0
b200_int8,B200 INT8,${SOURCE_ROOT}/LLMCompass/configs/ours/B200_fp16.json,int8,16384,1,4096,32,128,heuristic-GPU,flashattention,FlashAttention,flashattention,2.8109474653031414,0.6050949890430971,2.789947465303141,0.5189263988312638,2.789947465303141,0.0,0.0,8.606711808,0.0,0.020999999999999998,2.789947465303141,softmax,2.789947465303141,0.992529209364738,32,512,,2242.9696,70.0928,32.0,68853694464,65664.0,8.0,inf,inf,inf,24.679208236101577,3.084901029512697,1,1,228,126.0
b200_int8,B200 INT8,${SOURCE_ROOT}/LLMCompass/configs/ours/B200_fp16.json,int8,32768,1,4096,32,128,heuristic-GPU,baseline,Unfused Attention,trivial,33.8997427027027,2.0793783783783786,29.70557837837838,2.1147859459459464,0.0,0.0,0.0,0.0,0.0,0.0,0.0,softmax,29.70557837837838,0.8762773994744822,,,,2242.9696,70.0928,32.0,0,0.0,8.0,inf,inf,inf,,,1,1,228,126.0
b200_int8,B200 INT8,${SOURCE_ROOT}/LLMCompass/configs/ours/B200_fp16.json,int8,32768,1,4096,32,128,heuristic-GPU,customsa,FlashAttention-CustomSA,flashattention_customsa,4.31405081081081,0.0,0.0,0.0,0.0,4.2930508108108105,0.0,34.393292800000005,0.0,0.020999999999999998,4.2930508108108105,fused_core,4.2930508108108105,0.9951321852892009,32,512,32,2242.9696,70.0928,32.0,275146342400,262400.0,8.0,inf,inf,inf,64.09109850438371,8.011387313047964,1,1,228,126.0
b200_int8,B200 INT8,${SOURCE_ROOT}/LLMCompass/configs/ours/B200_fp16.json,int8,32768,1,4096,32,128,heuristic-GPU,flashattention,FlashAttention,flashattention,11.180789861212565,2.4203799561723884,11.159789861212564,2.075705595325055,11.159789861212564,0.0,0.0,34.393292800000005,0.0,0.020999999999999998,11.159789861212564,softmax,11.159789861212564,0.9981217784914417,32,512,,2242.9696,70.0928,32.0,275146342400,262400.0,8.0,inf,inf,inf,24.6551544269046,3.081894303363075,1,1,228,126.0
h100_fp16,H100 FP16,${SOURCE_ROOT}/LLMCompass/configs/ours/H100_fp16.json,fp16,2048,1,4096,32,128,heuristic-GPU,baseline,Unfused Attention,trivial,0.25716353276353277,0.058743589743589744,0.1381082621082621,0.060311680911680904,0.0,0.0,0.0,0.0,0.0,0.0,0.0,softmax,0.1381082621082621,0.5370445048103127,,,,948.87936,59.30496,16.0,0,0.0,3.35,inf,inf,inf,,,1,1,228,50.0
h100_fp16,H100 FP16,${SOURCE_ROOT}/LLMCompass/configs/ours/H100_fp16.json,fp16,2048,1,4096,32,128,heuristic-GPU,customsa,FlashAttention-CustomSA,flashattention_customsa,0.10181139601139601,0.0,0.0,0.0,0.0,0.080811396011396,0.0,1.2920960382089552,0.0,0.020999999999999998,0.080811396011396,fused_core,0.080811396011396,0.7937362532810235,16,256,16,948.87936,59.30496,16.0,4328521728,4128.0,3.35,inf,inf,inf,53.563258916967506,15.989032512527613,1,1,228,50.0
h100_fp16,H100 FP16,${SOURCE_ROOT}/LLMCompass/configs/ours/H100_fp16.json,fp16,2048,1,4096,32,128,heuristic-GPU,flashattention,FlashAttention,flashattention,0.10615210221876889,0.044697781231114564,0.05332615039281706,0.04045432098765432,0.08515210221876889,0.0,0.0,1.2920960382089552,0.0,0.020999999999999998,0.08515210221876889,matmul_pair,0.08515210221876889,0.8021706630291588,16,256,,948.87936,59.30496,16.0,4328521728,4128.0,3.35,inf,inf,inf,50.83282285714285,15.173976972281448,1,1,228,50.0
h100_fp16,H100 FP16,${SOURCE_ROOT}/LLMCompass/configs/ours/H100_fp16.json,fp16,4096,1,4096,32,128,heuristic-GPU,baseline,Unfused Attention,trivial,0.8761811965811966,0.17197435897435898,0.5259601139601139,0.17824672364672364,0.0,0.0,0.0,0.0,0.0,0.0,0.0,softmax,0.5259601139601139,0.6002869223995868,,,,948.87936,59.30496,16.0,0,0.0,3.35,inf,inf,inf,,,1,1,228,50.0
h100_fp16,H100 FP16,${SOURCE_ROOT}/LLMCompass/configs/ours/H100_fp16.json,fp16,4096,1,4096,32,128,heuristic-GPU,customsa,FlashAttention-CustomSA,flashattention_customsa,0.34424558404558403,0.0,0.0,0.0,0.0,0.323245584045584,0.0,5.148351656119403,0.0,0.020999999999999998,0.323245584045584,fused_core,0.323245584045584,0.9389970388197652,16,256,16,948.87936,59.30496,16.0,17246978048,16448.0,3.35,inf,inf,inf,53.35564938628159,15.927059518293012,1,1,228,50.0
h100_fp16,H100 FP16,${SOURCE_ROOT}/LLMCompass/configs/ours/H100_fp16.json,fp16,4096,1,4096,32,128,heuristic-GPU,flashattention,FlashAttention,flashattention,0.36160840887507556,0.17879112492445826,0.21330460157126824,0.16181728395061729,0.34060840887507554,0.0,0.0,5.148351656119403,0.0,0.020999999999999998,0.34060840887507554,matmul_pair,0.34060840887507554,0.9419261292475782,16,256,,948.87936,59.30496,16.0,17246978048,16448.0,3.35,inf,inf,inf,50.635796411960136,15.1151631080478,1,1,228,50.0
h100_fp16,H100 FP16,${SOURCE_ROOT}/LLMCompass/configs/ours/H100_fp16.json,fp16,8192,1,4096,32,128,heuristic-GPU,baseline,Unfused Attention,trivial,3.4229527065527066,0.6248974358974358,2.148068376068376,0.6499868945868945,0.0,0.0,0.0,0.0,0.0,0.0,0.0,softmax,2.148068376068376,0.6275483654671113,,,,948.87936,59.30496,16.0,0,0.0,3.35,inf,inf,inf,,,1,1,228,50.0
h100_fp16,H100 FP16,${SOURCE_ROOT}/LLMCompass/configs/ours/H100_fp16.json,fp16,8192,1,4096,32,128,heuristic-GPU,customsa,FlashAttention-CustomSA,flashattention_customsa,1.3139823361823362,0.0,0.0,0.0,0.0,1.292982336182336,0.0,20.553341631044773,0.0,0.020999999999999998,1.292982336182336,fused_core,1.292982336182336,0.984018049998287,16,256,16,948.87936,59.30496,16.0,68853694464,65664.0,3.35,inf,inf,inf,53.251844620938634,15.896073021175711,1,1,228,50.0
h100_fp16,H100 FP16,${SOURCE_ROOT}/LLMCompass/configs/ours/H100_fp16.json,fp16,8192,1,4096,32,128,heuristic-GPU,flashattention,FlashAttention,flashattention,1.3834336355003023,0.715164499697833,0.853218406285073,0.6472691358024691,1.3624336355003022,0.0,0.0,20.553341631044773,0.0,0.020999999999999998,1.3624336355003022,matmul_pair,1.3624336355003022,0.9848203777462692,16,256,,948.87936,59.30496,16.0,68853694464,65664.0,3.35,inf,inf,inf,50.537283189368765,15.085756175930975,1,1,228,50.0
h100_fp16,H100 FP16,${SOURCE_ROOT}/LLMCompass/configs/ours/H100_fp16.json,fp16,16384,1,4096,32,128,heuristic-GPU,baseline,Unfused Attention,trivial,14.188864957264958,2.4365897435897437,9.214142450142448,2.5381327635327637,0.0,0.0,0.0,0.0,0.0,0.0,0.0,softmax,9.214142450142448,0.6493924974192273,,,,948.87936,59.30496,16.0,0,0.0,3.35,inf,inf,inf,,,1,1,228,50.0
h100_fp16,H100 FP16,${SOURCE_ROOT}/LLMCompass/configs/ours/H100_fp16.json,fp16,16384,1,4096,32,128,heuristic-GPU,customsa,FlashAttention-CustomSA,flashattention_customsa,5.112117948717949,0.0,0.0,0.0,0.0,5.091117948717949,0.0,82.13323653731342,0.0,0.020999999999999998,5.091117948717949,fused_core,5.091117948717949,0.9958921135602384,16,256,16,948.87936,59.30496,16.0,275146342400,262400.0,3.35,inf,inf,inf,54.044385765858685,16.132652467420503,1,1,228,50.0
h100_fp16,H100 FP16,${SOURCE_ROOT}/LLMCompass/configs/ours/H100_fp16.json,fp16,16384,1,4096,32,128,heuristic-GPU,flashattention,FlashAttention,flashattention,5.4707345420012095,2.860657998791332,3.412873625140292,2.5890765432098766,5.449734542001209,0.0,0.0,82.13323653731342,0.0,0.020999999999999998,5.449734542001209,matmul_pair,5.449734542001209,0.9961613929831955,16,256,,948.87936,59.30496,16.0,275146342400,262400.0,3.35,inf,inf,inf,50.48802657807309,15.071052709872564,1,1,228,50.0
h100_fp16,H100 FP16,${SOURCE_ROOT}/LLMCompass/configs/ours/H100_fp16.json,fp16,32768,1,4096,32,128,heuristic-GPU,baseline,Unfused Attention,trivial,61.850667806267815,9.683358974358976,42.07549857549858,10.091810256410257,0.0,0.0,0.0,0.0,0.0,0.0,0.0,softmax,42.07549857549858,0.6802755745061614,,,,948.87936,59.30496,16.0,0,0.0,3.35,inf,inf,inf,,,1,1,228,50.0
h100_fp16,H100 FP16,${SOURCE_ROOT}/LLMCompass/configs/ours/H100_fp16.json,fp16,32768,1,4096,32,128,heuristic-GPU,customsa,FlashAttention-CustomSA,flashattention_customsa,20.223849002849004,0.0,0.0,0.0,0.0,20.202849002849003,0.0,328.3726861755224,0.0,0.020999999999999998,20.202849002849003,fused_core,20.202849002849003,0.9989616219940605,16,256,16,948.87936,59.30496,16.0,1100048498688,1049088.0,3.35,inf,inf,inf,54.45016683205776,16.25378114389784,1,1,228,50.0
h100_fp16,H100 FP16,${SOURCE_ROOT}/LLMCompass/configs/ours/H100_fp16.json,fp16,32768,1,4096,32,128,heuristic-GPU,flashattention,FlashAttention,flashattention,21.819938168004835,11.442631995165328,13.651494500561167,10.356306172839506,21.798938168004835,0.0,0.0,328.3726861755224,0.0,0.020999999999999998,21.798938168004835,matmul_pair,21.798938168004835,0.9990375774744039,16,256,,948.87936,59.30496,16.0,1100048498688,1049088.0,3.35,inf,inf,inf,50.463398272425245,15.063700976843355,1,1,228,50.0
h100_int8,H100 INT8,${SOURCE_ROOT}/LLMCompass/configs/ours/H100_fp16.json,int8,2048,1,4096,32,128,heuristic-GPU,baseline,Unfused Attention,trivial,0.21831111111111112,0.039875213675213676,0.1381082621082621,0.04032763532763533,0.0,0.0,0.0,0.0,0.0,0.0,0.0,softmax,0.1381082621082621,0.6326213146245719,,,,948.87936,59.30496,16.0,0,0.0,3.35,inf,inf,inf,,,1,1,228,50.0
h100_int8,H100 INT8,${SOURCE_ROOT}/LLMCompass/configs/ours/H100_fp16.json,int8,2048,1,4096,32,128,heuristic-GPU,customsa,FlashAttention-CustomSA,flashattention_customsa,0.06104102564102564,0.0,0.0,0.0,0.0,0.04004102564102564,0.0,0.32552807164179104,0.0,0.020999999999999998,0.04004102564102564,fused_core,0.04004102564102564,0.6559690834243468,32,512,32,948.87936,59.30496,16.0,1090519040,1040.0,3.35,inf,inf,inf,27.235042622950818,8.129863469537558,1,1,228,50.0
h100_int8,H100 INT8,${SOURCE_ROOT}/LLMCompass/configs/ours/H100_fp16.json,int8,2048,1,4096,32,128,heuristic-GPU,flashattention,FlashAttention,flashattention,0.07252267978934646,0.022348890615557282,0.05152267978934646,0.0191662954329621,0.05152267978934646,0.0,0.0,0.32552807164179104,0.0,0.020999999999999998,0.05152267978934646,softmax,0.05152267978934646,0.7104354105364308,32,512,,948.87936,59.30496,16.0,1090519040,1040.0,3.35,inf,inf,inf,21.165805902539464,6.318151015683422,1,1,228,50.0
h100_int8,H100 INT8,${SOURCE_ROOT}/LLMCompass/configs/ours/H100_fp16.json,int8,4096,1,4096,32,128,heuristic-GPU,baseline,Unfused Attention,trivial,0.7205413105413104,0.09619772079772079,0.5259601139601139,0.09838347578347578,0.0,0.0,0.0,0.0,0.0,0.0,0.0,softmax,0.5259601139601139,0.7299513660986121,,,,948.87936,59.30496,16.0,0,0.0,3.35,inf,inf,inf,,,1,1,228,50.0
h100_int8,H100 INT8,${SOURCE_ROOT}/LLMCompass/configs/ours/H100_fp16.json,int8,4096,1,4096,32,128,heuristic-GPU,customsa,FlashAttention-CustomSA,flashattention_customsa,0.18116410256410256,0.0,0.0,0.0,0.0,0.16016410256410257,0.0,1.2920960382089552,0.0,0.020999999999999998,0.16016410256410257,fused_core,0.16016410256410257,0.8840829960087186,32,512,32,948.87936,59.30496,16.0,4328521728,4128.0,3.35,inf,inf,inf,27.025542295081966,8.067326058233423,1,1,228,50.0
h100_int8,H100 INT8,${SOURCE_ROOT}/LLMCompass/configs/ours/H100_fp16.json,int8,4096,1,4096,32,128,heuristic-GPU,flashattention,FlashAttention,flashattention,0.22709071915738582,0.08939556246222913,0.20609071915738583,0.0766651817318484,0.20609071915738583,0.0,0.0,1.2920960382089552,0.0,0.020999999999999998,0.20609071915738583,softmax,0.20609071915738583,0.907525943473516,32,512,,948.87936,59.30496,16.0,4328521728,4128.0,3.35,inf,inf,inf,21.00299201098147,6.269549854024319,1,1,228,50.0
h100_int8,H100 INT8,${SOURCE_ROOT}/LLMCompass/configs/ours/H100_fp16.json,int8,8192,1,4096,32,128,heuristic-GPU,baseline,Unfused Attention,trivial,2.8007578347578344,0.32179088319088317,2.148068376068376,0.33089857549857554,0.0,0.0,0.0,0.0,0.0,0.0,0.0,softmax,2.148068376068376,0.7669596954833144,,,,948.87936,59.30496,16.0,0,0.0,3.35,inf,inf,inf,,,1,1,228,50.0
h100_int8,H100 INT8,${SOURCE_ROOT}/LLMCompass/configs/ours/H100_fp16.json,int8,8192,1,4096,32,128,heuristic-GPU,customsa,FlashAttention-CustomSA,flashattention_customsa,0.6616564102564103,0.0,0.0,0.0,0.0,0.6406564102564103,0.0,5.148351656119403,0.0,0.020999999999999998,0.6406564102564103,fused_core,0.6406564102564103,0.9682614727606705,32,512,32,948.87936,59.30496,16.0,17246978048,16448.0,3.35,inf,inf,inf,26.92079213114754,8.036057352581356,1,1,228,50.0
h100_int8,H100 INT8,${SOURCE_ROOT}/LLMCompass/configs/ours/H100_fp16.json,int8,8192,1,4096,32,128,heuristic-GPU,flashattention,FlashAttention,flashattention,0.8453628766295432,0.3575822498489165,0.8243628766295433,0.3066607269273936,0.8243628766295433,0.0,0.0,5.148351656119403,0.0,0.020999999999999998,0.8243628766295433,softmax,0.8243628766295433,0.9751585968812272,32,512,,948.87936,59.30496,16.0,17246978048,16448.0,3.35,inf,inf,inf,20.92158506520247,6.2452492731947675,1,1,228,50.0
h100_int8,H100 INT8,${SOURCE_ROOT}/LLMCompass/configs/ours/H100_fp16.json,int8,16384,1,4096,32,128,heuristic-GPU,baseline,Unfused Attention,trivial,11.699848433048432,1.2241635327635327,9.214142450142448,1.2615424501424501,0.0,0.0,0.0,0.0,0.0,0.0,0.0,softmax,9.214142450142448,0.7875437449356492,,,,948.87936,59.30496,16.0,0,0.0,3.35,inf,inf,inf,,,1,1,228,50.0
h100_int8,H100 INT8,${SOURCE_ROOT}/LLMCompass/configs/ours/H100_fp16.json,int8,16384,1,4096,32,128,heuristic-GPU,customsa,FlashAttention-CustomSA,flashattention_customsa,2.5836256410256415,0.0,0.0,0.0,0.0,2.562625641025641,0.0,20.553341631044773,0.0,0.020999999999999998,2.562625641025641,fused_core,2.562625641025641,0.9918718874489635,32,512,32,948.87936,59.30496,16.0,68853694464,65664.0,3.35,inf,inf,inf,26.868417049180323,8.02042299975532,1,1,228,50.0
h100_int8,H100 INT8,${SOURCE_ROOT}/LLMCompass/configs/ours/H100_fp16.json,int8,16384,1,4096,32,128,heuristic-GPU,flashattention,FlashAttention,flashattention,3.318451506518173,1.430328999395666,3.2974515065181733,1.2266429077095744,3.2974515065181733,0.0,0.0,20.553341631044773,0.0,0.020999999999999998,3.2974515065181733,softmax,3.2974515065181733,0.9936717472113872,32,512,,948.87936,59.30496,16.0,68853694464,65664.0,3.35,inf,inf,inf,20.880881592312974,6.2330989827799925,1,1,228,50.0
h100_int8,H100 INT8,${SOURCE_ROOT}/LLMCompass/configs/ours/H100_fp16.json,int8,32768,1,4096,32,128,heuristic-GPU,baseline,Unfused Attention,trivial,51.89443760683761,4.833654131054131,42.07549857549858,4.985284900284901,0.0,0.0,0.0,0.0,0.0,0.0,0.0,softmax,42.07549857549858,0.8107901446831501,,,,948.87936,59.30496,16.0,0,0.0,3.35,inf,inf,inf,,,1,1,228,50.0
h100_int8,H100 INT8,${SOURCE_ROOT}/LLMCompass/configs/ours/H100_fp16.json,int8,32768,1,4096,32,128,heuristic-GPU,customsa,FlashAttention-CustomSA,flashattention_customsa,10.11133846153846,0.0,0.0,0.0,0.0,10.090338461538462,0.0,82.13323653731342,0.0,0.020999999999999998,10.090338461538462,fused_core,10.090338461538462,0.9979231236220725,32,512,32,948.87936,59.30496,16.0,275146342400,262400.0,3.35,inf,inf,inf,27.268296643247464,8.139790042760437,1,1,228,50.0
h100_int8,H100 INT8,${SOURCE_ROOT}/LLMCompass/configs/ours/H100_fp16.json,int8,32768,1,4096,32,128,heuristic-GPU,flashattention,FlashAttention,flashattention,13.210806026072692,5.721315997582664,13.189806026072693,4.906571630838298,13.189806026072693,0.0,0.0,82.13323653731342,0.0,0.020999999999999998,13.189806026072693,softmax,13.189806026072693,0.998410392222961,32,512,,948.87936,59.30496,16.0,275146342400,262400.0,3.35,inf,inf,inf,20.860529855868222,6.227023837572603,1,1,228,50.0
