design,data_type,acc_type,array_size,area_scope,power_scope,report_area_um2,report_power_mw,area_per_pe_um2,power_per_pe_mw
Baseline,FP16,FP16,4,whole_array,whole_array,18672.821985,5.786000,1167.051374062,0.361625000000
Baseline,FP16,FP16,8,whole_array,whole_array,76475.951954,19.693000,1194.936749281,0.307703125000
Baseline,FP16,FP16,12,whole_array,whole_array,171245.339856,40.844000,1189.203749000,0.283638888889
Baseline,FP16,FP16,16,whole_array,whole_array,305853.407728,66.881000,1194.739873938,0.261253906250
Baseline,FP16,FP16,20,whole_array,whole_array,480277.727615,99.080000,1200.694319038,0.247700000000
Baseline,FP16,FP16,24,whole_array,whole_array,693270.521462,137.912000,1203.594655316,0.239430555556
Baseline,FP16,FP16,28,whole_array,whole_array,948727.961493,182.776000,1210.112195782,0.233132653061
SCOPE,FP16,FP16,4,whole_array,whole_array,20524.139987,7.923000,1282.758749187,0.495187500000
SCOPE,FP16,FP16,8,whole_array,whole_array,81837.251980,27.013000,1278.707062188,0.422078125000
SCOPE,FP16,FP16,12,whole_array,whole_array,185596.109924,54.693000,1288.861874472,0.379812500000
SCOPE,FP16,FP16,16,whole_array,whole_array,331747.793875,88.700000,1295.889819824,0.346484375000
SCOPE,FP16,FP16,20,whole_array,whole_array,522677.735875,129.118000,1306.694339688,0.322795000000
SCOPE,FP16,FP16,24,whole_array,whole_array,753695.711810,180.997000,1308.499499670,0.314230902778
SCOPE,FP16,FP16,28,whole_array,whole_array,1030439.843688,237.283000,1314.336535316,0.302656887755
OneSA,FP16,FP16,4,whole_array,whole_array,31687.236003,12.549000,1980.452250188,0.784312500000
OneSA,FP16,FP16,8,whole_array,whole_array,129717.377956,43.363000,2026.834030562,0.677546875000
OneSA,FP16,FP16,12,whole_array,whole_array,297115.811873,88.963000,2063.304249118,0.617798611111
OneSA,FP16,FP16,16,whole_array,whole_array,532239.875393,150.573000,2079.062013254,0.588175781250
OneSA,FP16,FP16,20,whole_array,whole_array,830111.687309,226.849000,2075.279218272,0.567122500000
OneSA,FP16,FP16,24,whole_array,whole_array,1453709.627279,322.577000,2523.801436248,0.560029513889
FuseMax,FP16,FP16,4,whole_array,whole_array,36734.039887,15.085000,2295.877492937,0.942812500000
FuseMax,FP16,FP16,8,whole_array,whole_array,146357.567586,58.585000,2286.836993531,0.915390625000
FuseMax,FP16,FP16,12,whole_array,whole_array,328391.278957,129.576000,2280.494992757,0.899833333333
FuseMax,FP16,FP16,16,whole_array,whole_array,587975.344108,230.282000,2296.778687922,0.899539062500
FuseMax,FP16,FP16,20,whole_array,whole_array,923549.756950,358.980000,2308.874392375,0.897450000000
FuseMax,FP16,FP16,24,whole_array,whole_array,1326999.108928,511.474000,2303.817897444,0.887975694444
FSA,FP16,FP16,4,whole_array,whole_array,34090.559938,16.191000,2130.659996125,1.011937500000
FSA,FP16,FP16,8,whole_array,whole_array,133366.715723,62.930000,2083.854933172,0.983281250000
FSA,FP16,FP16,12,whole_array,whole_array,297368.441348,142.963000,2065.058620472,0.992798611111
FSA,FP16,FP16,16,whole_array,whole_array,526287.004816,259.506000,2055.808612563,1.013695312500
FSA,FP16,FP16,20,whole_array,whole_array,826170.280132,409.899000,2065.425700330,1.024747500000
FSA,FP16,FP16,24,whole_array,whole_array,1189151.331448,591.825000,2064.498839319,1.027473958333
Baseline,FP8,FP16,4,whole_array,whole_array,10579.841992,3.427000,661.240124500,0.214187500000
Baseline,FP8,FP16,8,whole_array,whole_array,42760.997952,11.641000,668.140593000,0.181890625000
Baseline,FP8,FP16,12,whole_array,whole_array,96505.163906,24.032000,670.174749347,0.166888888889
Baseline,FP8,FP16,16,whole_array,whole_array,172211.885867,39.963000,672.702679168,0.156105468750
Baseline,FP8,FP16,20,whole_array,whole_array,269361.161848,59.977000,673.402904620,0.149942500000
Baseline,FP8,FP16,24,whole_array,whole_array,388327.967729,84.450000,674.180499530,0.146614583333
Baseline,FP8,FP16,28,whole_array,whole_array,533629.025657,112.849000,680.649267420,0.143940051020
SCOPE,FP8,FP16,4,whole_array,whole_array,11908.511989,4.141000,744.281999313,0.258812500000
SCOPE,FP8,FP16,8,whole_array,whole_array,48770.567954,14.666000,762.040124281,0.229156250000
SCOPE,FP8,FP16,12,whole_array,whole_array,110069.189858,29.967000,764.369374014,0.208104166667
SCOPE,FP8,FP16,16,whole_array,whole_array,196974.917669,50.244000,769.433272145,0.196265625000
SCOPE,FP8,FP16,20,whole_array,whole_array,307756.889619,74.116000,769.392224048,0.185290000000
SCOPE,FP8,FP16,24,whole_array,whole_array,443304.287408,104.795000,769.625498972,0.181935763889
SCOPE,FP8,FP16,28,whole_array,whole_array,609930.467152,139.922000,777.972534633,0.178471938776
OneSA,FP8,FP16,4,whole_array,whole_array,16451.946011,6.406000,1028.246625687,0.400375000000
OneSA,FP8,FP16,8,whole_array,whole_array,67107.852078,22.674000,1048.560188719,0.354281250000
OneSA,FP8,FP16,12,whole_array,whole_array,152398.386018,47.938000,1058.322125125,0.332902777778
OneSA,FP8,FP16,16,whole_array,whole_array,276938.298047,83.865000,1081.790226746,0.327597656250
OneSA,FP8,FP16,20,whole_array,whole_array,441042.335998,128.608000,1102.605839995,0.321520000000
OneSA,FP8,FP16,24,whole_array,whole_array,637163.352029,181.371000,1106.186375050,0.314880208333
FuseMax,FP8,FP16,4,whole_array,whole_array,33985.475883,13.379000,2124.092242687,0.836187500000
FuseMax,FP8,FP16,8,whole_array,whole_array,135546.893461,52.606000,2117.920210328,0.821968750000
FuseMax,FP8,FP16,12,whole_array,whole_array,303321.562971,116.247000,2106.399742854,0.807270833333
FuseMax,FP8,FP16,16,whole_array,whole_array,539479.834067,206.047000,2107.343101824,0.804871093750
FuseMax,FP8,FP16,20,whole_array,whole_array,847660.207242,322.890000,2119.150518105,0.807225000000
FSA,FP8,FP16,4,mesh_1_2,mesh_3_3,1838.214000,0.588000,1838.214000000,0.588000000000
Baseline,INT16,INT32,4,whole_array,whole_array,11661.047855,5.329000,728.815490938,0.333062500000
Baseline,INT16,INT32,8,whole_array,whole_array,47074.607413,19.544000,735.540740828,0.305375000000
Baseline,INT16,INT32,12,whole_array,whole_array,106240.678674,41.415000,737.782490792,0.287604166667
Baseline,INT16,INT32,16,whole_array,whole_array,189159.261640,71.363000,738.903365781,0.278761718750
Baseline,INT16,INT32,20,whole_array,whole_array,295830.356308,108.606000,739.575890770,0.271515000000
Baseline,INT16,INT32,24,whole_array,whole_array,426253.962680,153.741000,740.024240764,0.266911458333
Baseline,INT16,INT32,28,whole_array,whole_array,580568.932761,207.034000,740.521597909,0.264073979592
SCOPE,INT16,INT32,4,whole_array,whole_array,14270.885896,6.806000,891.930368500,0.425375000000
SCOPE,INT16,INT32,8,whole_array,whole_array,56944.439597,24.865000,889.756868703,0.388515625000
SCOPE,INT16,INT32,12,whole_array,whole_array,128001.887107,52.116000,888.901993799,0.361916666667
SCOPE,INT16,INT32,16,whole_array,whole_array,227370.652420,87.641000,888.166611016,0.342347656250
SCOPE,INT16,INT32,20,whole_array,whole_array,355180.263541,133.508000,887.950658853,0.333770000000
SCOPE,INT16,INT32,24,whole_array,whole_array,511190.942475,184.848000,887.484275130,0.320916666667
SCOPE,INT16,INT32,28,whole_array,whole_array,695708.617201,248.636000,887.383440307,0.317137755102
OneSA,INT16,INT32,4,whole_array,whole_array,22195.025749,13.940000,1387.189109313,0.871250000000
OneSA,INT16,INT32,8,whole_array,whole_array,89293.175011,49.417000,1395.205859547,0.772140625000
OneSA,INT16,INT32,12,whole_array,whole_array,214890.479299,111.769000,1492.294995132,0.776173611111
OneSA,INT16,INT32,16,whole_array,whole_array,379821.076445,189.971000,1483.676079863,0.742074218750
OneSA,INT16,INT32,20,whole_array,whole_array,594617.811704,292.778000,1486.544529260,0.731945000000
OneSA,INT16,INT32,24,whole_array,whole_array,857538.734829,406.836000,1488.782525745,0.706312500000
OneSA,INT16,INT32,28,whole_array,whole_array,1169193.811854,538.906000,1491.318637569,0.687380102041
FuseMax,INT16,INT32,4,whole_array,whole_array,43359.245871,24.223000,2709.952866937,1.513937500000
FuseMax,INT16,INT32,8,whole_array,whole_array,173869.541616,96.425000,2716.711587750,1.506640625000
FuseMax,INT16,INT32,12,whole_array,whole_array,391636.601249,216.222000,2719.698619785,1.501541666667
FuseMax,INT16,INT32,16,whole_array,whole_array,695905.936724,383.056000,2718.382565328,1.496312500000
FuseMax,INT16,INT32,20,whole_array,whole_array,1088454.778104,599.254000,2721.136945260,1.498135000000
FuseMax,INT16,INT32,24,whole_array,whole_array,1567528.953359,860.658000,2721.404432915,1.494197916667
Baseline,INT8,INT32,4,whole_array,whole_array,5252.687963,3.371000,328.292997688,0.210687500000
Baseline,INT8,INT32,8,whole_array,whole_array,21230.495850,12.911000,331.726497656,0.201734375000
Baseline,INT8,INT32,12,whole_array,whole_array,47933.423661,28.265000,332.870997646,0.196284722222
Baseline,INT8,INT32,16,whole_array,whole_array,85361.471395,49.608000,333.443247637,0.193781250000
Baseline,INT8,INT32,20,whole_array,whole_array,133514.639053,76.748000,333.786597632,0.191870000000
Baseline,INT8,INT32,24,whole_array,whole_array,192392.926634,109.942000,334.015497628,0.190871527778
Baseline,INT8,INT32,28,whole_array,whole_array,261996.334139,148.663000,334.178997626,0.189621173469
SCOPE,INT8,INT32,4,whole_array,whole_array,7691.921928,4.121000,480.745120500,0.257562500000
SCOPE,INT8,INT32,8,whole_array,whole_array,30610.943707,15.542000,478.295995422,0.242843750000
SCOPE,INT8,INT32,12,whole_array,whole_array,68786.675336,33.495000,477.685245389,0.232604166667
SCOPE,INT8,INT32,16,whole_array,whole_array,122131.294817,57.985000,477.075370379,0.226503906250
SCOPE,INT8,INT32,20,whole_array,whole_array,190739.428149,89.235000,476.848570373,0.223087500000
SCOPE,INT8,INT32,24,whole_array,whole_array,274387.425325,125.811000,476.367057856,0.218421875000
SCOPE,INT8,INT32,28,whole_array,whole_array,373379.072359,169.517000,476.248816784,0.216220663265
OneSA,INT8,INT32,4,whole_array,whole_array,9713.213905,7.535000,607.075869063,0.470937500000
OneSA,INT8,INT32,8,whole_array,whole_array,38927.447623,28.731000,608.241369109,0.448921875000
OneSA,INT8,INT32,12,whole_array,whole_array,87689.825156,62.569000,608.957119139,0.434506944444
OneSA,INT8,INT32,16,whole_array,whole_array,155972.500504,109.217000,609.267580094,0.426628906250
OneSA,INT8,INT32,20,whole_array,whole_array,237461.235356,170.218000,593.653088390,0.425545000000
OneSA,INT8,INT32,24,whole_array,whole_array,342025.736195,240.507000,593.794680894,0.417546875000
OneSA,INT8,INT32,28,whole_array,whole_array,465593.556824,323.965000,593.869332684,0.413220663265
FuseMax,INT8,INT32,4,whole_array,whole_array,42635.375878,23.082000,2664.710992375,1.442625000000
FuseMax,INT8,INT32,8,whole_array,whole_array,171188.135616,91.569000,2674.814619000,1.430765625000
FuseMax,INT8,INT32,12,whole_array,whole_array,385540.343227,206.152000,2677.363494632,1.431611111111
FuseMax,INT8,INT32,16,whole_array,whole_array,685694.770704,366.048000,2678.495198063,1.429875000000
FuseMax,INT8,INT32,20,whole_array,whole_array,1072160.458029,571.133000,2680.401145073,1.427832500000
FuseMax,INT8,INT32,24,whole_array,whole_array,1544770.833328,820.539000,2681.893807861,1.424546875000
