model,metric,variant,paper,reproduced,error,tolerance,pass
facebook-opt-6.7b,arc_easy,fp16_exact,0.601010101010101,0.6001683501683501,-0.0008417508417508657,0.005,True
facebook-opt-6.7b,arc_easy,fp16_pinn8,0.6039562289562289,0.6022727272727273,-0.0016835016835016203,0.005,True
facebook-opt-6.7b,arc_easy,fp16_pinn16,0.601010101010101,0.6022727272727273,0.0012626262626262985,0.005,True
facebook-opt-6.7b,arc_easy,fp16_pinn32,0.6014309764309764,0.601010101010101,-0.00042087542087543284,0.005,True
facebook-opt-6.7b,arc_easy,int8_exact,0.5984848484848485,0.5993265993265994,0.0008417508417508657,0.005,True
facebook-opt-6.7b,arc_easy,int8_pinn8,0.6085858585858586,0.6035353535353535,-0.005050505050505083,0.005,False
facebook-opt-6.7b,arc_easy,int8_pinn16,0.6056397306397306,0.6022727272727273,-0.0033670033670033517,0.005,True
facebook-opt-6.7b,arc_easy,int8_pinn32,0.6047979797979798,0.5938552188552189,-0.01094276094276092,0.005,False
facebook-opt-6.7b,hellaswag,fp16_exact,0.6718781119298944,0.6724756024696276,0.0005974905397331254,0.005,True
facebook-opt-6.7b,hellaswag,fp16_pinn8,0.6734714200358495,0.6735710017924716,9.958175662216906e-05,0.005,True
facebook-opt-6.7b,hellaswag,fp16_pinn16,0.6717785301732723,0.6714797849034057,-0.0002987452698666182,0.005,True
facebook-opt-6.7b,hellaswag,fp16_pinn32,0.6717785301732723,0.6718781119298944,9.958175662216906e-05,0.005,True
facebook-opt-6.7b,hellaswag,int8_exact,0.6719776936865166,0.6720772754431388,9.958175662216906e-05,0.005,True
facebook-opt-6.7b,hellaswag,int8_pinn8,0.6730730930093607,0.6719776936865166,-0.0010953993228440817,0.005,True
facebook-opt-6.7b,hellaswag,int8_pinn16,0.6721768571997611,0.6714797849034057,-0.0006970722963554055,0.005,True
facebook-opt-6.7b,hellaswag,int8_pinn32,0.6726747659828719,0.6715793666600279,-0.0010953993228439707,0.005,True
facebook-opt-6.7b,piqa,fp16_exact,0.76550598476605,0.764417845484222,-0.0010881392818280489,0.005,True
facebook-opt-6.7b,piqa,fp16_pinn8,0.7665941240478781,0.764961915125136,-0.0016322089227420733,0.005,True
facebook-opt-6.7b,piqa,fp16_pinn16,0.764417845484222,0.76550598476605,0.0010881392818280489,0.005,True
facebook-opt-6.7b,piqa,fp16_pinn32,0.764417845484222,0.7633297062023939,-0.0010881392818280489,0.005,True
facebook-opt-6.7b,piqa,int8_exact,0.7665941240478781,0.7606093579978237,-0.00598476605005438,0.005,False
facebook-opt-6.7b,piqa,int8_pinn8,0.7671381936887922,0.763873775843308,-0.0032644178454842576,0.005,True
facebook-opt-6.7b,piqa,int8_pinn16,0.764961915125136,0.7622415669205659,-0.002720348204570122,0.005,True
facebook-opt-6.7b,piqa,int8_pinn32,0.7611534276387377,0.763873775843308,0.002720348204570233,0.005,True
facebook-opt-6.7b,winogrande,fp16_exact,0.6519337016574586,0.6464088397790055,-0.0055248618784530246,0.005,False
facebook-opt-6.7b,winogrande,fp16_pinn8,0.6535122336227308,0.6440410418310971,-0.009471191791633693,0.005,False
facebook-opt-6.7b,winogrande,fp16_pinn16,0.6511444356748224,0.6495659037095501,-0.0015785319652722452,0.005,True
facebook-opt-6.7b,winogrande,fp16_pinn32,0.6519337016574586,0.6479873717442778,-0.003946329913180779,0.005,True
facebook-opt-6.7b,winogrande,int8_exact,0.6527229676400947,0.6503551696921863,-0.0023677979479084232,0.005,True
facebook-opt-6.7b,winogrande,int8_pinn8,0.6416732438831886,0.6527229676400947,0.01104972375690616,0.005,False
facebook-opt-6.7b,winogrande,int8_pinn16,0.6511444356748224,0.6456195737963694,-0.0055248618784530246,0.005,False
facebook-opt-6.7b,winogrande,int8_pinn32,0.6456195737963694,0.6385161799526441,-0.00710339384372527,0.005,False
Llama-2-7b-hf,arc_easy,fp16_exact,0.7466329966329966,0.747895622895623,0.0012626262626262985,0.005,True
Llama-2-7b-hf,arc_easy,fp16_pinn8,0.7441077441077442,0.7436868686868687,-0.00042087542087543284,0.005,True
Llama-2-7b-hf,arc_easy,fp16_pinn16,0.7462121212121212,0.7449494949494949,-0.0012626262626262985,0.005,True
Llama-2-7b-hf,arc_easy,fp16_pinn32,0.7457912457912458,0.7462121212121212,0.00042087542087543284,0.005,True
Llama-2-7b-hf,arc_easy,int8_exact,0.7382154882154882,0.7373737373737373,-0.0008417508417508657,0.005,True
Llama-2-7b-hf,arc_easy,int8_pinn8,0.7411616161616161,0.7407407407407407,-0.00042087542087543284,0.005,True
Llama-2-7b-hf,arc_easy,int8_pinn16,0.7373737373737373,0.7335858585858586,-0.0037878787878787845,0.005,True
Llama-2-7b-hf,arc_easy,int8_pinn32,0.7344276094276094,0.73989898989899,0.005471380471380516,0.005,False
Llama-2-7b-hf,hellaswag,fp16_exact,0.759609639514041,0.7597092212706632,9.958175662216906e-05,0.005,True
Llama-2-7b-hf,hellaswag,fp16_pinn8,0.7586138219478191,0.7577175861382195,-0.0008962358095996326,0.005,True
Llama-2-7b-hf,hellaswag,fp16_pinn16,0.760107548297152,0.7599083847839075,-0.00019916351324444914,0.005,True
Llama-2-7b-hf,hellaswag,fp16_pinn32,0.7591117307309301,0.7591117307309301,0.0,0.005,True
Llama-2-7b-hf,hellaswag,int8_exact,0.7538338976299542,0.7538338976299542,0.0,0.005,True
Llama-2-7b-hf,hellaswag,int8_pinn8,0.7502489543915555,0.7497510456084445,-0.0004979087831109563,0.005,True
Llama-2-7b-hf,hellaswag,int8_pinn16,0.7507468631746664,0.7501493726349333,-0.0005974905397331254,0.005,True
Llama-2-7b-hf,hellaswag,int8_pinn32,0.7500497908783111,0.7518422624975104,0.0017924716191992651,0.005,True
Llama-2-7b-hf,piqa,fp16_exact,0.7899891186071817,0.7878128400435256,-0.0021762785636560977,0.005,True
Llama-2-7b-hf,piqa,fp16_pinn8,0.7878128400435256,0.7889009793253536,0.0010881392818280489,0.005,True
Llama-2-7b-hf,piqa,fp16_pinn16,0.7899891186071817,0.7894450489662677,-0.0005440696409140244,0.005,True
Llama-2-7b-hf,piqa,fp16_pinn32,0.7872687704026116,0.7872687704026116,0.0,0.005,True
Llama-2-7b-hf,piqa,int8_exact,0.7850924918389554,0.7850924918389554,0.0,0.005,True
Llama-2-7b-hf,piqa,int8_pinn8,0.7818280739934712,0.7774755168661589,-0.0043525571273123065,0.005,True
Llama-2-7b-hf,piqa,int8_pinn16,0.7834602829162133,0.7829162132752993,-0.0005440696409140244,0.005,True
Llama-2-7b-hf,piqa,int8_pinn32,0.7861806311207835,0.779651795429815,-0.006528835690968515,0.005,False
Llama-2-7b-hf,winogrande,fp16_exact,0.681136543014996,0.6898184688239937,0.008681925808997626,0.005,False
Llama-2-7b-hf,winogrande,fp16_pinn8,0.6898184688239937,0.6882399368587214,-0.0015785319652722452,0.005,True
Llama-2-7b-hf,winogrande,fp16_pinn16,0.6866614048934491,0.6921862667719021,0.0055248618784530246,0.005,False
Llama-2-7b-hf,winogrande,fp16_pinn32,0.6929755327545383,0.6937647987371744,0.0007892659826361781,0.005,True
Llama-2-7b-hf,winogrande,int8_exact,0.6827150749802684,0.6835043409629045,0.0007892659826360671,0.005,True
Llama-2-7b-hf,winogrande,int8_pinn8,0.6850828729281768,0.6827150749802684,-0.0023677979479084232,0.005,True
Llama-2-7b-hf,winogrande,int8_pinn16,0.6945540647198106,0.6842936069455406,-0.010260457774269982,0.005,False
Llama-2-7b-hf,winogrande,int8_pinn32,0.6890292028413575,0.6866614048934491,-0.0023677979479084232,0.005,True
Llama-3-8b,arc_easy,fp16_exact,0.7769360269360269,0.7769360269360269,0.0,0.005,True
Llama-3-8b,arc_easy,fp16_pinn8,0.7760942760942761,0.7781986531986532,0.002104377104377164,0.005,True
Llama-3-8b,arc_easy,fp16_pinn16,0.7765151515151515,0.7773569023569024,0.0008417508417508657,0.005,True
Llama-3-8b,arc_easy,fp16_pinn32,0.7781986531986532,0.7765151515151515,-0.0016835016835017313,0.005,True
Llama-3-8b,arc_easy,int8_exact,0.7634680134680135,0.7634680134680135,0.0,0.005,True
Llama-3-8b,arc_easy,int8_pinn8,0.7617845117845118,0.76010101010101,-0.0016835016835017313,0.005,True
Llama-3-8b,arc_easy,int8_pinn16,0.7634680134680135,0.7668350168350169,0.0033670033670033517,0.005,True
Llama-3-8b,arc_easy,int8_pinn32,0.76010101010101,0.7630471380471381,0.00294612794612803,0.005,True
Llama-3-8b,hellaswag,fp16_exact,0.7914758016331408,0.7914758016331408,0.0,0.005,True
Llama-3-8b,hellaswag,fp16_pinn8,0.790479984066919,0.7908783110934077,0.00039832702648867624,0.005,True
Llama-3-8b,hellaswag,fp16_pinn16,0.7918741286596296,0.7909778928500298,-0.0008962358095997436,0.005,True
Llama-3-8b,hellaswag,fp16_pinn32,0.7913762198765186,0.791575383389763,0.00019916351324433812,0.005,True
Llama-3-8b,hellaswag,int8_exact,0.7778331009759012,0.7778331009759012,0.0,0.005,True
Llama-3-8b,hellaswag,int8_pinn8,0.7732523401712806,0.7749452300338578,0.001692889862577207,0.005,True
Llama-3-8b,hellaswag,int8_pinn16,0.7728540131447919,0.7726548496315475,-0.00019916351324433812,0.005,True
Llama-3-8b,hellaswag,int8_pinn32,0.7753435570603465,0.7731527584146585,-0.0021907986456880524,0.005,True
Llama-3-8b,piqa,fp16_exact,0.8052230685527747,0.8052230685527747,0.0,0.005,True
Llama-3-8b,piqa,fp16_pinn8,0.8068552774755169,0.809031556039173,0.0021762785636560977,0.005,True
Llama-3-8b,piqa,fp16_pinn16,0.8046789989118607,0.8073993471164309,0.002720348204570233,0.005,True
Llama-3-8b,piqa,fp16_pinn32,0.8101196953210011,0.808487486398259,-0.0016322089227421843,0.005,True
Llama-3-8b,piqa,int8_exact,0.795429815016322,0.795429815016322,0.0,0.005,True
Llama-3-8b,piqa,int8_pinn8,0.795429815016322,0.7965179542981502,0.0010881392818281599,0.005,True
Llama-3-8b,piqa,int8_pinn16,0.7932535364526659,0.7927094668117519,-0.0005440696409140244,0.005,True
Llama-3-8b,piqa,int8_pinn32,0.795429815016322,0.7867247007616975,-0.008705114254624502,0.005,False
Llama-3-8b,winogrande,fp16_exact,0.7308602999210734,0.7308602999210734,0.0,0.005,True
Llama-3-8b,winogrande,fp16_pinn8,0.7316495659037096,0.7292817679558011,-0.0023677979479084232,0.005,True
Llama-3-8b,winogrande,fp16_pinn16,0.7316495659037096,0.7308602999210734,-0.0007892659826361781,0.005,True
Llama-3-8b,winogrande,fp16_pinn32,0.7300710339384373,0.7308602999210734,0.0007892659826360671,0.005,True
Llama-3-8b,winogrande,int8_exact,0.7324388318863457,0.7324388318863457,0.0,0.005,True
Llama-3-8b,winogrande,int8_pinn8,0.7237569060773481,0.7419100236779794,0.01815311760063132,0.005,False
Llama-3-8b,winogrande,int8_pinn16,0.7245461720599842,0.7182320441988951,-0.006314127861089092,0.005,False
Llama-3-8b,winogrande,int8_pinn32,0.7308602999210734,0.7253354380426204,-0.0055248618784530246,0.005,False
Qwen2.5-7B,arc_easy,fp16_exact,0.7592592592592593,0.7592592592592593,0.0,0.005,True
Qwen2.5-7B,arc_easy,fp16_pinn8,0.7613636363636364,0.7613636363636364,0.0,0.005,True
Qwen2.5-7B,arc_easy,fp16_pinn16,0.7596801346801347,0.7596801346801347,0.0,0.005,True
Qwen2.5-7B,arc_easy,fp16_pinn32,0.7546296296296297,0.7546296296296297,0.0,0.005,True
Qwen2.5-7B,arc_easy,int8_exact,0.7205387205387206,0.7205387205387206,0.0,0.005,True
Qwen2.5-7B,arc_easy,int8_pinn8,0.7125420875420876,0.7125420875420876,0.0,0.005,True
Qwen2.5-7B,arc_easy,int8_pinn16,0.7272727272727273,0.7272727272727273,0.0,0.005,True
Qwen2.5-7B,arc_easy,int8_pinn32,0.7095959595959596,0.7095959595959596,0.0,0.005,True
Qwen2.5-7B,hellaswag,fp16_exact,0.7814180442143,0.7814180442143,0.0,0.005,True
Qwen2.5-7B,hellaswag,fp16_pinn8,0.7807209719179447,0.7807209719179447,0.0,0.005,True
Qwen2.5-7B,hellaswag,fp16_pinn16,0.7821151165106552,0.7821151165106552,0.0,0.005,True
Qwen2.5-7B,hellaswag,fp16_pinn32,0.7822146982672774,0.7822146982672774,0.0,0.005,True
Qwen2.5-7B,hellaswag,int8_exact,0.7576180043815973,0.7576180043815973,0.0,0.005,True
Qwen2.5-7B,hellaswag,int8_pinn8,0.7504481179047998,0.7504481179047998,0.0,0.005,True
Qwen2.5-7B,hellaswag,int8_pinn16,0.7531368253335989,0.7531368253335989,0.0,0.005,True
Qwen2.5-7B,hellaswag,int8_pinn32,0.7501493726349333,0.7501493726349333,0.0,0.005,True
Qwen2.5-7B,piqa,fp16_exact,0.7959738846572362,0.7959738846572362,0.0,0.005,True
Qwen2.5-7B,piqa,fp16_pinn8,0.795429815016322,0.795429815016322,0.0,0.005,True
Qwen2.5-7B,piqa,fp16_pinn16,0.7883569096844396,0.7883569096844396,0.0,0.005,True
Qwen2.5-7B,piqa,fp16_pinn32,0.79379760609358,0.79379760609358,0.0,0.005,True
Qwen2.5-7B,piqa,int8_exact,0.7861806311207835,0.7861806311207835,0.0,0.005,True
Qwen2.5-7B,piqa,int8_pinn8,0.778563656147987,0.778563656147987,0.0,0.005,True
Qwen2.5-7B,piqa,int8_pinn16,0.7774755168661589,0.7774755168661589,0.0,0.005,True
Qwen2.5-7B,piqa,int8_pinn32,0.7763873775843307,0.7763873775843307,0.0,0.005,True
Qwen2.5-7B,winogrande,fp16_exact,0.7119179163378059,0.7119179163378059,0.0,0.005,True
Qwen2.5-7B,winogrande,fp16_pinn8,0.7119179163378059,0.7119179163378059,0.0,0.005,True
Qwen2.5-7B,winogrande,fp16_pinn16,0.7205998421468035,0.7205998421468035,0.0,0.005,True
Qwen2.5-7B,winogrande,fp16_pinn32,0.7277032359905288,0.7277032359905288,0.0,0.005,True
Qwen2.5-7B,winogrande,int8_exact,0.6953433307024467,0.6953433307024467,0.0,0.005,True
Qwen2.5-7B,winogrande,int8_pinn8,0.696921862667719,0.696921862667719,0.0,0.005,True
Qwen2.5-7B,winogrande,int8_pinn16,0.6748224151539068,0.6748224151539068,0.0,0.005,True
Qwen2.5-7B,winogrande,int8_pinn32,0.6795580110497238,0.6795580110497238,0.0,0.005,True
Qwen3-8B,arc_easy,fp16_exact,0.8097643097643098,0.8097643097643098,0.0,0.005,True
Qwen3-8B,arc_easy,fp16_pinn8,0.8093434343434344,0.8093434343434344,0.0,0.005,True
Qwen3-8B,arc_easy,fp16_pinn16,0.8106060606060606,0.8106060606060606,0.0,0.005,True
Qwen3-8B,arc_easy,fp16_pinn32,0.8093434343434344,0.8093434343434344,0.0,0.005,True
Qwen3-8B,arc_easy,int8_exact,0.7912457912457912,0.7912457912457912,0.0,0.005,True
Qwen3-8B,arc_easy,int8_pinn8,0.7887205387205387,0.7887205387205387,0.0,0.005,True
Qwen3-8B,arc_easy,int8_pinn16,0.789983164983165,0.789983164983165,0.0,0.005,True
Qwen3-8B,arc_easy,int8_pinn32,0.7895622895622896,0.7895622895622896,0.0,0.005,True
Qwen3-8B,hellaswag,fp16_exact,0.7497510456084445,0.7497510456084445,0.0,0.005,True
Qwen3-8B,hellaswag,fp16_pinn8,0.750547699661422,0.750547699661422,0.0,0.005,True
Qwen3-8B,hellaswag,fp16_pinn16,0.7495518820952002,0.7495518820952002,0.0,0.005,True
Qwen3-8B,hellaswag,fp16_pinn32,0.7496514638518224,0.7496514638518224,0.0,0.005,True
Qwen3-8B,hellaswag,int8_exact,0.7399920334594702,0.7399920334594702,0.0,0.005,True
Qwen3-8B,hellaswag,int8_pinn8,0.7296355307707628,0.7296355307707628,0.0,0.005,True
Qwen3-8B,hellaswag,int8_pinn16,0.731925911173073,0.731925911173073,0.0,0.005,True
Qwen3-8B,hellaswag,int8_pinn32,0.7288388767177854,0.7288388767177854,0.0,0.005,True
Qwen3-8B,piqa,fp16_exact,0.7763873775843307,0.7763873775843307,0.0,0.005,True
Qwen3-8B,piqa,fp16_pinn8,0.7774755168661589,0.7774755168661589,0.0,0.005,True
Qwen3-8B,piqa,fp16_pinn16,0.7720348204570185,0.7720348204570185,0.0,0.005,True
Qwen3-8B,piqa,fp16_pinn32,0.7742110990206746,0.7742110990206746,0.0,0.005,True
Qwen3-8B,piqa,int8_exact,0.7671381936887922,0.7671381936887922,0.0,0.005,True
Qwen3-8B,piqa,int8_pinn8,0.7714907508161044,0.7714907508161044,0.0,0.005,True
Qwen3-8B,piqa,int8_pinn16,0.766050054406964,0.766050054406964,0.0,0.005,True
Qwen3-8B,piqa,int8_pinn32,0.7606093579978237,0.7606093579978237,0.0,0.005,True
Qwen3-8B,winogrande,fp16_exact,0.6740331491712708,0.6740331491712708,0.0,0.005,True
Qwen3-8B,winogrande,fp16_pinn8,0.6771902131018153,0.6771902131018153,0.0,0.005,True
Qwen3-8B,winogrande,fp16_pinn16,0.6771902131018153,0.6771902131018153,0.0,0.005,True
Qwen3-8B,winogrande,fp16_pinn32,0.6764009471191792,0.6764009471191792,0.0,0.005,True
Qwen3-8B,winogrande,int8_exact,0.6787687450670876,0.6787687450670876,0.0,0.005,True
Qwen3-8B,winogrande,int8_pinn8,0.6716653512233622,0.6716653512233622,0.0,0.005,True
Qwen3-8B,winogrande,int8_pinn16,0.6795580110497238,0.6795580110497238,0.0,0.005,True
Qwen3-8B,winogrande,int8_pinn32,0.6787687450670876,0.6787687450670876,0.0,0.005,True
