case_name,case_label,data_type,prefill_length,variant,variant_label,baseline_total_ms,variant_total_ms,speedup_vs_baseline_x,customsa_vs_flash_x,tensor_vector_ratio
tpuv3_fp16,TPUv3 FP16,fp16,2048,flashattention,FlashAttention,2.1638468085106384,1.445463829787234,1.4969913213457215,1.2519127858122152,32.0
tpuv3_fp16,TPUv3 FP16,fp16,2048,customsa,FlashAttention-CustomSA,2.1638468085106384,1.154604255319149,1.8741025754426313,1.2519127858122152,32.0
tpuv3_fp16,TPUv3 FP16,fp16,4096,flashattention,FlashAttention,7.06244255319149,4.8132255319148936,1.467299320666108,1.3070651043472232,32.0
tpuv3_fp16,TPUv3 FP16,fp16,4096,customsa,FlashAttention-CustomSA,7.06244255319149,3.682468085106383,1.9178557396750562,1.3070651043472232,32.0
tpuv3_fp16,TPUv3 FP16,fp16,8192,flashattention,FlashAttention,26.650021276595744,18.352902127659576,1.4520875821830717,1.3270478335517937,32.0
tpuv3_fp16,TPUv3 FP16,fp16,8192,customsa,FlashAttention-CustomSA,26.650021276595744,13.829872340425531,1.9269896800635073,1.3270478335517937,32.0
tpuv3_fp16,TPUv3 FP16,fp16,16384,flashattention,FlashAttention,104.99967234042553,72.51160851063828,1.4480394863261223,1.3324566136349771,32.0
tpuv3_fp16,TPUv3 FP16,fp16,16384,customsa,FlashAttention-CustomSA,104.99967234042553,54.41948936170213,1.9294497903598367,1.3324566136349771,32.0
tpuv3_fp16,TPUv3 FP16,fp16,32768,flashattention,FlashAttention,418.4753361702127,289.1464340425532,1.4472782192728906,1.3338368782882457,32.0
tpuv3_fp16,TPUv3 FP16,fp16,32768,customsa,FlashAttention-CustomSA,418.4753361702127,216.7779574468085,1.9304330620095234,1.3338368782882457,32.0
tpuv3_int8,TPUv3 INT8,int8,2048,flashattention,FlashAttention,1.7143968085106382,0.872868085106383,1.9640961077202082,1.0829514497497519,32.0
tpuv3_int8,TPUv3 INT8,int8,2048,customsa,FlashAttention-CustomSA,1.7143968085106382,0.8060085106382979,2.127020727303444,1.0829514497497519,32.0
tpuv3_int8,TPUv3 INT8,int8,4096,flashattention,FlashAttention,5.305223404255319,2.5568851063829787,2.0748775105347597,1.1174781476659845,32.0
tpuv3_int8,TPUv3 INT8,int8,4096,customsa,FlashAttention-CustomSA,5.305223404255319,2.288085106382979,2.3186302771061924,1.1174781476659845,32.0
tpuv3_int8,TPUv3 INT8,int8,8192,flashattention,FlashAttention,19.630963829787234,9.25836595744681,2.120348657637302,1.1317683483804655,32.0
tpuv3_int8,TPUv3 INT8,int8,8192,customsa,FlashAttention-CustomSA,19.630963829787234,8.180442553191488,2.399743498244906,1.1317683483804655,32.0
tpuv3_int8,TPUv3 INT8,int8,16384,flashattention,FlashAttention,76.93411276595745,36.13346382978724,2.1291651729922307,1.1354950899397658,32.0
tpuv3_int8,TPUv3 INT8,int8,16384,customsa,FlashAttention-CustomSA,76.93411276595745,31.82177021276596,2.4176565996034296,1.1354950899397658,32.0
tpuv3_int8,TPUv3 INT8,int8,32768,flashattention,FlashAttention,306.15172978723405,143.63385531914892,2.1314733153056196,1.1364599478993342,32.0
tpuv3_int8,TPUv3 INT8,int8,32768,customsa,FlashAttention-CustomSA,306.15172978723405,126.38708085106381,2.4223340528610455,1.1364599478993342,32.0
tpuv4_fp16,TPUv4 FP16,fp16,2048,flashattention,FlashAttention,1.9416790476190475,0.8127314285714284,2.3890783343176687,1.1978103419235304,64.0
tpuv4_fp16,TPUv4 FP16,fp16,2048,customsa,FlashAttention-CustomSA,1.9416790476190475,0.6785142857142856,2.861662736511145,1.1978103419235304,64.0
tpuv4_fp16,TPUv4 FP16,fp16,4096,flashattention,FlashAttention,6.1819685714285715,2.3202057142857146,2.6644053729225976,1.2847126422234318,64.0
tpuv4_fp16,TPUv4 FP16,fp16,4096,customsa,FlashAttention-CustomSA,6.1819685714285715,1.8060114285714286,3.4229952666016983,1.2847126422234318,64.0
tpuv4_fp16,TPUv4 FP16,fp16,8192,flashattention,FlashAttention,23.13638,8.380822857142858,2.7606334597898328,1.3252312263035961,64.0
tpuv4_fp16,TPUv4 FP16,fp16,8192,customsa,FlashAttention-CustomSA,23.13638,6.324045714285714,3.6584776652920192,1.3252312263035961,64.0
tpuv4_fp16,TPUv4 FP16,fp16,16384,flashattention,FlashAttention,90.94834190476189,32.623291428571434,2.7878346396743234,1.3372293370485127,64.0
tpuv4_fp16,TPUv4 FP16,fp16,16384,customsa,FlashAttention-CustomSA,90.94834190476189,24.396182857142858,3.727974267012575,1.3372293370485127,64.0
tpuv4_fp16,TPUv4 FP16,fp16,32768,flashattention,FlashAttention,362.27121523809524,129.59316571428573,2.795450001096471,1.3403684718308013,64.0
tpuv4_fp16,TPUv4 FP16,fp16,32768,customsa,FlashAttention-CustomSA,362.27121523809524,96.68473142857142,3.7469330460490893,1.3403684718308013,64.0
tpuv4_int8,TPUv4 INT8,int8,2048,flashattention,FlashAttention,1.914227619047619,0.8127314285714284,2.355301581498252,1.1451406855535635,64.0
tpuv4_int8,TPUv4 INT8,int8,2048,customsa,FlashAttention-CustomSA,1.914227619047619,0.7097219047619047,2.697151667722301,1.1451406855535635,64.0
tpuv4_int8,TPUv4 INT8,int8,4096,flashattention,FlashAttention,6.09796761904762,2.3202057142857146,2.6282012760773266,1.2016549405539356,64.0
tpuv4_int8,TPUv4 INT8,int8,4096,customsa,FlashAttention-CustomSA,6.09796761904762,1.9308419047619048,3.1581910481684776,1.2016549405539356,64.0
tpuv4_int8,TPUv4 INT8,int8,8192,flashattention,FlashAttention,22.80716761904762,8.319382857142857,2.7414494573315418,1.2221309411218249,64.0
tpuv4_int8,TPUv4 INT8,int8,8192,customsa,FlashAttention-CustomSA,22.80716761904762,6.80727619047619,3.3504102053265132,1.2221309411218249,64.0
tpuv4_int8,TPUv4 INT8,int8,16384,flashattention,FlashAttention,89.63799809523809,32.37753142857143,2.768524780617999,1.2297239773764757,64.0
tpuv4_int8,TPUv4 INT8,int8,16384,customsa,FlashAttention-CustomSA,89.63799809523809,26.329104761904762,3.4045213046869005,1.2297239773764757,64.0
tpuv4_int8,TPUv4 INT8,int8,32768,flashattention,FlashAttention,356.9811619047619,128.61012571428572,2.7756847287266844,1.2317040450854109,64.0
tpuv4_int8,TPUv4 INT8,int8,32768,customsa,FlashAttention-CustomSA,356.9811619047619,104.41641904761904,3.4188221082544583,1.2317040450854109,64.0
tpuv5e_fp16,TPUv5e FP16,fp16,2048,flashattention,FlashAttention,2.5402973333333336,1.017824,2.4958119805912746,1.2264121843069211,32.0
tpuv5e_fp16,TPUv5e FP16,fp16,2048,customsa,FlashAttention-CustomSA,2.5402973333333336,0.8299200000000001,3.060894222736328,1.2264121843069211,32.0
tpuv5e_fp16,TPUv5e FP16,fp16,4096,flashattention,FlashAttention,8.567028,3.128288,2.7385675487678887,1.2988985291577535,32.0
tpuv5e_fp16,TPUv5e FP16,fp16,4096,customsa,FlashAttention-CustomSA,8.567028,2.408416,3.557121361093765,1.2988985291577535,32.0
tpuv5e_fp16,TPUv5e FP16,fp16,8192,flashattention,FlashAttention,32.658910666666664,11.613152,2.812234840865483,1.329699883118929,32.0
tpuv5e_fp16,TPUv5e FP16,fp16,8192,customsa,FlashAttention-CustomSA,32.658910666666664,8.733664000000001,3.7394283392018126,1.329699883118929,32.0
tpuv5e_fp16,TPUv5e FP16,fp16,16384,flashattention,FlashAttention,129.02736266666668,45.552608,2.8324912300667107,1.3384183462879717,32.0
tpuv5e_fp16,TPUv5e FP16,fp16,16384,customsa,FlashAttention-CustomSA,129.02736266666668,34.034656000000005,3.791058228021069,1.3384183462879717,32.0
tpuv5e_fp16,TPUv5e FP16,fp16,32768,flashattention,FlashAttention,514.4071133333333,181.310432,2.8371622507266063,1.3406704877446842,32.0
tpuv5e_fp16,TPUv5e FP16,fp16,32768,customsa,FlashAttention-CustomSA,514.4071133333333,135.23862400000002,3.803699698492446,1.3406704877446842,32.0
tpuv5e_int8,TPUv5e INT8,int8,2048,flashattention,FlashAttention,1.9860099999999998,0.6589973333333333,3.013684425632476,1.117661957052662,32.0
tpuv5e_int8,TPUv5e INT8,int8,2048,customsa,FlashAttention-CustomSA,1.9860099999999998,0.5896213333333333,3.368280433091521,1.117661957052662,32.0
tpuv5e_int8,TPUv5e INT8,int8,4096,flashattention,FlashAttention,6.364655333333333,1.7143146666666664,3.7126529085286566,1.1845559674815922,32.0
tpuv5e_int8,TPUv5e INT8,int8,4096,customsa,FlashAttention-CustomSA,6.364655333333333,1.4472213333333332,4.39784515798551,1.1845559674815922,32.0
tpuv5e_int8,TPUv5e INT8,int8,8192,flashattention,FlashAttention,23.876527333333335,5.913909333333334,4.037350927711213,1.2152640934985457,32.0
tpuv5e_int8,TPUv5e INT8,int8,8192,customsa,FlashAttention-CustomSA,23.876527333333335,4.866357333333333,4.90644761530048,1.2152640934985457,32.0
tpuv5e_int8,TPUv5e INT8,int8,16384,flashattention,FlashAttention,93.924528,22.755637333333336,4.127527901071605,1.225699493653868,32.0
tpuv5e_int8,TPUv5e INT8,int8,16384,customsa,FlashAttention-CustomSA,93.924528,18.565429333333334,5.059108858385678,1.225699493653868,32.0
tpuv5e_int8,TPUv5e INT8,int8,32768,flashattention,FlashAttention,374.14764866666667,90.12254933333332,4.151543109181466,1.2284683702787909,32.0
tpuv5e_int8,TPUv5e INT8,int8,32768,customsa,FlashAttention-CustomSA,374.14764866666667,73.36171733333333,5.1000393974783,1.2284683702787909,32.0
tpuv5p_fp16,TPUv5p FP16,fp16,2048,flashattention,FlashAttention,1.2083485714285715,0.6076388571428571,1.988596610016476,1.152777416417328,32.0
tpuv5p_fp16,TPUv5p FP16,fp16,2048,customsa,FlashAttention-CustomSA,1.2083485714285715,0.5271085714285715,2.29240926239105,1.152777416417328,32.0
tpuv5p_fp16,TPUv5p FP16,fp16,4096,flashattention,FlashAttention,3.2614388571428568,1.5121234285714285,2.1568602109578356,1.2563266980390366,32.0
tpuv5p_fp16,TPUv5p FP16,fp16,4096,customsa,FlashAttention-CustomSA,3.2614388571428568,1.2036068571428573,2.7097210669644376,1.2563266980390366,32.0
tpuv5p_fp16,TPUv5p FP16,fp16,8192,flashattention,FlashAttention,11.471811428571428,5.148493714285714,2.2281879060549636,1.3152609949304024,32.0
tpuv5p_fp16,TPUv5p FP16,fp16,8192,customsa,FlashAttention-CustomSA,11.471811428571428,3.914427428571429,2.9306486422097415,1.3152609949304024,32.0
tpuv5p_fp16,TPUv5p FP16,fp16,16384,flashattention,FlashAttention,44.30932457142857,19.69397485714286,2.2498924108942844,1.3344872096297404,32.0
tpuv5p_fp16,TPUv5p FP16,fp16,16384,customsa,FlashAttention-CustomSA,44.30932457142857,14.757709714285715,3.0024526453814433,1.3344872096297404,32.0
tpuv5p_fp16,TPUv5p FP16,fp16,32768,flashattention,FlashAttention,175.65142285714285,77.87589942857143,2.255529941175859,1.339665846212064,32.0
tpuv5p_fp16,TPUv5p FP16,fp16,32768,customsa,FlashAttention-CustomSA,175.65142285714285,58.13083885714286,3.0216564273020046,1.339665846212064,32.0
tpuv5p_int8,TPUv5p INT8,int8,2048,flashattention,FlashAttention,0.9709771428571429,0.453856,2.1393947482398445,1.070103581706673,32.0
tpuv5p_int8,TPUv5p INT8,int8,2048,customsa,FlashAttention-CustomSA,0.9709771428571429,0.42412342857142854,2.2893739827759036,1.070103581706673,32.0
tpuv5p_int8,TPUv5p INT8,int8,4096,flashattention,FlashAttention,2.326858857142857,0.9061348571428572,2.567894655856964,1.144591949277329,32.0
tpuv5p_int8,TPUv5p INT8,int8,4096,customsa,FlashAttention-CustomSA,2.326858857142857,0.7916662857142857,2.939191549686159,1.144591949277329,32.0
tpuv5p_int8,TPUv5p INT8,int8,8192,flashattention,FlashAttention,7.736445142857143,2.7059611428571424,2.8590377815582615,1.1989139615288795,32.0
tpuv5p_int8,TPUv5p INT8,int8,8192,customsa,FlashAttention-CustomSA,7.736445142857143,2.2570102857142857,3.4277403128487545,1.1989139615288795,32.0
tpuv5p_int8,TPUv5p INT8,int8,16384,flashattention,FlashAttention,29.369196,9.923844571428571,2.959457475236556,1.2209392640869645,32.0
tpuv5p_int8,TPUv5p INT8,int8,16384,customsa,FlashAttention-CustomSA,29.369196,8.128041142857144,3.6133178319119863,1.2209392640869645,32.0
tpuv5p_int8,TPUv5p INT8,int8,32768,flashattention,FlashAttention,115.89169199999999,38.795378285714285,2.987255109268391,1.227229416639757,32.0
tpuv5p_int8,TPUv5p INT8,int8,32768,customsa,FlashAttention-CustomSA,115.89169199999999,31.612164571428575,3.666047345101581,1.227229416639757,32.0
tpuv6e_fp16,TPUv6e FP16,fp16,2048,flashattention,FlashAttention,1.3762902857142856,0.5802102857142856,2.3720542699789635,1.2376137216853722,128.0
tpuv6e_fp16,TPUv6e FP16,fp16,2048,customsa,FlashAttention-CustomSA,1.3762902857142856,0.4688137142857142,2.935686913108344,1.2376137216853722,128.0
tpuv6e_fp16,TPUv6e FP16,fp16,4096,flashattention,FlashAttention,3.8971177142857147,1.3835382857142857,2.816776199491821,1.4762141676056133,128.0
tpuv6e_fp16,TPUv6e FP16,fp16,4096,customsa,FlashAttention-CustomSA,3.8971177142857147,0.9372205714285714,4.158164932664121,1.4762141676056133,128.0
tpuv6e_fp16,TPUv6e FP16,fp16,8192,flashattention,FlashAttention,13.936674285714286,4.634153142857143,3.0073831951789494,1.626656589531654,128.0
tpuv6e_fp16,TPUv6e FP16,fp16,8192,customsa,FlashAttention-CustomSA,13.936674285714286,2.8488822857142857,4.891979691684599,1.626656589531654,128.0
tpuv6e_fp16,TPUv6e FP16,fp16,16384,flashattention,FlashAttention,53.97934057142857,17.636612571428575,3.0606410586393133,1.6803928921898503,128.0
tpuv6e_fp16,TPUv6e FP16,fp16,16384,customsa,FlashAttention-CustomSA,53.97934057142857,10.495529142857142,5.143079480481921,1.6803928921898503,128.0
tpuv6e_fp16,TPUv6e FP16,fp16,32768,flashattention,FlashAttention,214.0499794285714,69.64645028571428,3.0733795986796593,1.6952984923408592,128.0
tpuv6e_fp16,TPUv6e FP16,fp16,32768,customsa,FlashAttention-CustomSA,214.0499794285714,41.08211657142857,5.210295800032781,1.6952984923408592,128.0
tpuv6e_int8,TPUv6e INT8,int8,2048,flashattention,FlashAttention,1.233805714285714,0.528278857142857,2.3355197687801246,1.2246690899842094,128.0
tpuv6e_int8,TPUv6e INT8,int8,2048,customsa,FlashAttention-CustomSA,1.233805714285714,0.4313645714285714,2.8602388698720866,1.2246690899842094,128.0
tpuv6e_int8,TPUv6e INT8,int8,4096,flashattention,FlashAttention,3.3481074285714287,1.2059474285714284,2.7763295059533517,1.5315096168918252,128.0
tpuv6e_int8,TPUv6e INT8,int8,4096,customsa,FlashAttention-CustomSA,3.3481074285714287,0.7874239999999999,4.251975338028088,1.5315096168918252,128.0
tpuv6e_int8,TPUv6e INT8,int8,8192,flashattention,FlashAttention,11.78170742857143,3.909453714285714,3.0136454578089396,1.7985850118090942,128.0
tpuv6e_int8,TPUv6e INT8,int8,8192,customsa,FlashAttention-CustomSA,11.78170742857143,2.1736274285714288,5.420297551321714,1.7985850118090942,128.0
tpuv6e_int8,TPUv6e INT8,int8,16384,flashattention,FlashAttention,45.468722285714286,14.737814857142856,3.0851739370085336,1.8907943408078007,128.0
tpuv6e_int8,TPUv6e INT8,int8,16384,customsa,FlashAttention-CustomSA,45.468722285714286,7.794509714285715,5.833429420503458,1.8907943408078007,128.0
tpuv6e_int8,TPUv6e INT8,int8,32768,flashattention,FlashAttention,180.1164217142857,58.05125942857143,3.1027134206434934,1.9172727699593601,128.0
tpuv6e_int8,TPUv6e INT8,int8,32768,customsa,FlashAttention-CustomSA,180.1164217142857,30.27803885714286,5.9487479543872315,1.9172727699593601,128.0
