project_id,job_id,family,array_size,input_dtype,acc_dtype,job_directory,rtl_dir,rtl_tree_sha256,rtl_provenance,correspondence_confidence,retained_upload_zip,byte_matches_retained_upload_zip
20260405_185329_ebd0,20260405_185330_4366,classical,4,dwfp16,dwfp16,n4_dwfp16_dwfp16,../../../hardware/rtl/paper-mesh-snapshot/classical/n4_dwfp16_dwfp16,83a7cbdd6ea8741800568efb64bed6b099bf2bb30b1d583a433a2bc9a14efbd8,byte-matched-retained-upload-zip,exact,rtl/generated/meshes/build/classical/n4/upload.zip,true
20260405_185329_ebd0,20260405_185331_4375,classical,4,dwfp8e4m3,dwfp16,n4_dwfp8e4m3_dwfp16,../../../hardware/rtl/paper-mesh-snapshot/classical/n4_dwfp8e4m3_dwfp16,79720e19bc8e076cdc0c9f21b5a8325c73a84b731ce039e0056fe5d0bf447157,byte-matched-retained-upload-zip,exact,rtl/generated/meshes/build/classical/n4/upload.zip,true
20260405_185329_ebd0,20260405_185331_aecd,classical,4,s16,s32,n4_s16_s32,../../../hardware/rtl/paper-mesh-snapshot/classical/n4_s16_s32,9fa6f75777e00d4a18445b726934d4a02aad2f4c5abd17568eda3f5da4e4a13a,byte-matched-retained-upload-zip,exact,rtl/generated/meshes/build/classical/n4/upload.zip,true
20260405_185329_ebd0,20260405_185331_1082,classical,4,s8,s32,n4_s8_s32,../../../hardware/rtl/paper-mesh-snapshot/classical/n4_s8_s32,1e746ba84a844395b1f920ab23e5a44549ffbf38bde847f9ae842bcf5c39d6e6,byte-matched-retained-upload-zip,exact,rtl/generated/meshes/build/classical/n4/upload.zip,true
20260405_185330_49a8,20260405_185337_6448,classical,8,dwfp16,dwfp16,n8_dwfp16_dwfp16,../../../hardware/rtl/paper-mesh-snapshot/classical/n8_dwfp16_dwfp16,8e12c1b239310f40eddf881ddc79b4e3697284aa1596808fd30ff096afff3732,byte-matched-retained-upload-zip,exact,rtl/generated/meshes/build/classical/n8/upload.zip,true
20260405_185330_49a8,20260405_185338_31d6,classical,8,dwfp8e4m3,dwfp16,n8_dwfp8e4m3_dwfp16,../../../hardware/rtl/paper-mesh-snapshot/classical/n8_dwfp8e4m3_dwfp16,4534469264751f703f3bcf956caa28e7453c1f564a3e9c19d615583c67a93d54,byte-matched-retained-upload-zip,exact,rtl/generated/meshes/build/classical/n8/upload.zip,true
20260405_185330_49a8,20260405_185338_cbaa,classical,8,s16,s32,n8_s16_s32,../../../hardware/rtl/paper-mesh-snapshot/classical/n8_s16_s32,81ade4213d9837ffb4abdcb0882625089c85ef7045386b1a658d54fb802f751a,byte-matched-retained-upload-zip,exact,rtl/generated/meshes/build/classical/n8/upload.zip,true
20260405_185330_49a8,20260405_185338_a9bc,classical,8,s8,s32,n8_s8_s32,../../../hardware/rtl/paper-mesh-snapshot/classical/n8_s8_s32,810dfb9f2c16a3b5df395c0d66d6ba1e85267ae0238732a4210d8c087e1eebd8,byte-matched-retained-upload-zip,exact,rtl/generated/meshes/build/classical/n8/upload.zip,true
20260405_185330_105d,20260405_185344_39fc,classical,12,dwfp16,dwfp16,n12_dwfp16_dwfp16,../../../hardware/rtl/paper-mesh-snapshot/classical/n12_dwfp16_dwfp16,040e0deaaa9ed4e6638a6ee268c9e3a62fb5a17403b487f195cb3452dc7234c5,byte-matched-retained-upload-zip,exact,rtl/generated/meshes/build/classical/n12/upload.zip,true
20260405_185330_105d,20260405_185344_bfad,classical,12,dwfp8e4m3,dwfp16,n12_dwfp8e4m3_dwfp16,../../../hardware/rtl/paper-mesh-snapshot/classical/n12_dwfp8e4m3_dwfp16,7798f97066d2086d71b1b53686b16f8e0f5ca3250d7a185e86c1c4f849feb791,byte-matched-retained-upload-zip,exact,rtl/generated/meshes/build/classical/n12/upload.zip,true
20260405_185330_105d,20260405_185344_27ef,classical,12,s16,s32,n12_s16_s32,../../../hardware/rtl/paper-mesh-snapshot/classical/n12_s16_s32,ca5da7e458509ff04ecd60aa05bcd31c45dbc8e076e969d244dcd167b7a7c440,byte-matched-retained-upload-zip,exact,rtl/generated/meshes/build/classical/n12/upload.zip,true
20260405_185330_105d,20260405_185344_5721,classical,12,s8,s32,n12_s8_s32,../../../hardware/rtl/paper-mesh-snapshot/classical/n12_s8_s32,d2781b9e2279da8b30c9c50a240448c54ec789031c93604e263c99abdcd879cd,byte-matched-retained-upload-zip,exact,rtl/generated/meshes/build/classical/n12/upload.zip,true
20260405_185330_340c,20260405_185351_982f,classical,16,dwfp16,dwfp16,n16_dwfp16_dwfp16,../../../hardware/rtl/paper-mesh-snapshot/classical/n16_dwfp16_dwfp16,5ea627a8e6f6dddd3ad50269a6e10f849d5e8ec031f98c50e11c1b1c5465b667,byte-matched-retained-upload-zip,exact,rtl/generated/meshes/build/classical/n16/upload.zip,true
20260405_185330_340c,20260405_185351_2099,classical,16,dwfp8e4m3,dwfp16,n16_dwfp8e4m3_dwfp16,../../../hardware/rtl/paper-mesh-snapshot/classical/n16_dwfp8e4m3_dwfp16,7c798f4c6200fe11a864890b39c3cba6b1dd03d567d3d4b0724d71b898a771a9,byte-matched-retained-upload-zip,exact,rtl/generated/meshes/build/classical/n16/upload.zip,true
20260405_185330_340c,20260405_185351_a7ab,classical,16,s16,s32,n16_s16_s32,../../../hardware/rtl/paper-mesh-snapshot/classical/n16_s16_s32,75bd073ddd81d87fd6eec5b45ace529e474498bd1a0fb1b324c5e2731a27f10b,byte-matched-retained-upload-zip,exact,rtl/generated/meshes/build/classical/n16/upload.zip,true
20260405_185330_340c,20260405_185351_eb30,classical,16,s8,s32,n16_s8_s32,../../../hardware/rtl/paper-mesh-snapshot/classical/n16_s8_s32,ba6dee4ad477eddf110627bdee156c8ca99c23c7edaa5b9ace6590f75b81dec9,byte-matched-retained-upload-zip,exact,rtl/generated/meshes/build/classical/n16/upload.zip,true
20260405_185330_e1e5,20260405_185357_3e0c,classical,20,dwfp16,dwfp16,n20_dwfp16_dwfp16,../../../hardware/rtl/paper-mesh-snapshot/classical/n20_dwfp16_dwfp16,fae908f97f5166fed44c61b63ce9cb492f5e5f820bad27e693969a7ded967088,byte-matched-retained-upload-zip,exact,rtl/generated/meshes/build/classical/n20/upload.zip,true
20260405_185330_e1e5,20260405_185357_7b91,classical,20,dwfp8e4m3,dwfp16,n20_dwfp8e4m3_dwfp16,../../../hardware/rtl/paper-mesh-snapshot/classical/n20_dwfp8e4m3_dwfp16,1281ccdadb294d9a9996b1015bb33dceb33214bcea226c1b8a5faee868c91058,byte-matched-retained-upload-zip,exact,rtl/generated/meshes/build/classical/n20/upload.zip,true
20260405_185330_e1e5,20260405_185357_cd30,classical,20,s16,s32,n20_s16_s32,../../../hardware/rtl/paper-mesh-snapshot/classical/n20_s16_s32,e443ec72feaa4613e9ca5fb223f167dfdc9e614ca1334fbf5b5ca56d1515f42e,byte-matched-retained-upload-zip,exact,rtl/generated/meshes/build/classical/n20/upload.zip,true
20260405_185330_e1e5,20260405_185357_a67b,classical,20,s8,s32,n20_s8_s32,../../../hardware/rtl/paper-mesh-snapshot/classical/n20_s8_s32,155cfca07ffa81c76d26cff4afe58dd756d8999f65f845bde220099be5e6985e,byte-matched-retained-upload-zip,exact,rtl/generated/meshes/build/classical/n20/upload.zip,true
20260405_185331_d066,20260405_185403_09ba,classical,24,dwfp16,dwfp16,n24_dwfp16_dwfp16,../../../hardware/rtl/paper-mesh-snapshot/classical/n24_dwfp16_dwfp16,cdc6bec67ddb5b2c2435a27aa67418ef6ca03de233e82911178686a0e8375bda,byte-matched-retained-upload-zip,exact,rtl/generated/meshes/build/classical/n24/upload.zip,true
20260405_185331_d066,20260405_185403_44ba,classical,24,dwfp8e4m3,dwfp16,n24_dwfp8e4m3_dwfp16,../../../hardware/rtl/paper-mesh-snapshot/classical/n24_dwfp8e4m3_dwfp16,963418fb0ebc5d6568a307e694e74cf06d422aff86fcafab3a14fbb56f28db70,byte-matched-retained-upload-zip,exact,rtl/generated/meshes/build/classical/n24/upload.zip,true
20260405_185331_d066,20260405_185403_06f6,classical,24,s16,s32,n24_s16_s32,../../../hardware/rtl/paper-mesh-snapshot/classical/n24_s16_s32,870ec984bfcd9d16ffb233661bd34f2e0554e8e5347129f7fbcb548c92126a30,byte-matched-retained-upload-zip,exact,rtl/generated/meshes/build/classical/n24/upload.zip,true
20260405_185331_d066,20260405_185403_47d4,classical,24,s8,s32,n24_s8_s32,../../../hardware/rtl/paper-mesh-snapshot/classical/n24_s8_s32,05d0c2019daf4834d9806ad25ca105a06ff5e44588025010d040cf8a568f91e3,byte-matched-retained-upload-zip,exact,rtl/generated/meshes/build/classical/n24/upload.zip,true
20260405_185331_d750,20260405_185409_f0e9,classical,28,dwfp16,dwfp16,n28_dwfp16_dwfp16,../../../hardware/rtl/paper-mesh-snapshot/classical/n28_dwfp16_dwfp16,385fa9b598d634be1e9aa077efacf63846a1373fccde11d948d671a6134e23a7,byte-matched-retained-upload-zip,exact,rtl/generated/meshes/build/classical/n28/upload.zip,true
20260405_185331_d750,20260405_185410_29f8,classical,28,dwfp8e4m3,dwfp16,n28_dwfp8e4m3_dwfp16,../../../hardware/rtl/paper-mesh-snapshot/classical/n28_dwfp8e4m3_dwfp16,5745ea8a99be6c9d88d1d7bd8b4492f51233ef8f161fd1e4dbbf9a98ae9e1dea,byte-matched-retained-upload-zip,exact,rtl/generated/meshes/build/classical/n28/upload.zip,true
20260405_185331_d750,20260405_185410_6cd5,classical,28,s16,s32,n28_s16_s32,../../../hardware/rtl/paper-mesh-snapshot/classical/n28_s16_s32,ae0eb31b0f39fc912c16ba17c4b3d2a64e79b43d50021a085cace9b7a34f89d4,byte-matched-retained-upload-zip,exact,rtl/generated/meshes/build/classical/n28/upload.zip,true
20260405_185331_d750,20260405_185410_8351,classical,28,s8,s32,n28_s8_s32,../../../hardware/rtl/paper-mesh-snapshot/classical/n28_s8_s32,7ae3430e5e777df05e19f6e80d169c05cbf0272ccba812f8024010aeb17dd06f,byte-matched-retained-upload-zip,exact,rtl/generated/meshes/build/classical/n28/upload.zip,true
20260405_185330_5d77,20260405_185336_ce84,fusemax,4,dwfp16,dwfp16,n4_dwfp16_dwfp16,../../../hardware/rtl/paper-mesh-snapshot/fusemax/n4_dwfp16_dwfp16,d6a8d992cda81efaca3b9dfe6c776c155e797be54cd2ac33b8086abaf6ac2419,byte-matched-retained-upload-zip,exact,rtl/generated/meshes/build/fusemax/n4/upload.zip,true
20260405_185330_5d77,20260405_185336_3915,fusemax,4,dwfp8e4m3,dwfp16,n4_dwfp8e4m3_dwfp16,../../../hardware/rtl/paper-mesh-snapshot/fusemax/n4_dwfp8e4m3_dwfp16,7b5bd9fe4fdd322b0e86da9e94070f80b80b563884c20a2659cefc443d982782,byte-matched-retained-upload-zip,exact,rtl/generated/meshes/build/fusemax/n4/upload.zip,true
20260405_185330_5d77,20260405_185336_ee8d,fusemax,4,s16,s32,n4_s16_s32,../../../hardware/rtl/paper-mesh-snapshot/fusemax/n4_s16_s32,ce5c09e60d080b3276d0fe523d8fee5a57d56d2ffad6ca5195da14b66390318f,byte-matched-retained-upload-zip,exact,rtl/generated/meshes/build/fusemax/n4/upload.zip,true
20260405_185330_5d77,20260405_185336_7825,fusemax,4,s8,s32,n4_s8_s32,../../../hardware/rtl/paper-mesh-snapshot/fusemax/n4_s8_s32,f385ce59406222e3c84016d57707491d0a7caa10dc0e099e2279a047008e4745,byte-matched-retained-upload-zip,exact,rtl/generated/meshes/build/fusemax/n4/upload.zip,true
20260405_185330_501d,20260405_185343_4c58,fusemax,8,dwfp16,dwfp16,n8_dwfp16_dwfp16,../../../hardware/rtl/paper-mesh-snapshot/fusemax/n8_dwfp16_dwfp16,ddc0a355de84de213eafcbc116c7198c495e5195fe5979fbe0a751d95dda6bc7,byte-matched-retained-upload-zip,exact,rtl/generated/meshes/build/fusemax/n8/upload.zip,true
20260405_185330_501d,20260405_185343_4d01,fusemax,8,dwfp8e4m3,dwfp16,n8_dwfp8e4m3_dwfp16,../../../hardware/rtl/paper-mesh-snapshot/fusemax/n8_dwfp8e4m3_dwfp16,e09621284ee8d5b66b1e4c2434c6b7241eb019d1754da9203b5f0ae3f3704913,byte-matched-retained-upload-zip,exact,rtl/generated/meshes/build/fusemax/n8/upload.zip,true
20260405_185330_501d,20260405_185343_a8d2,fusemax,8,s16,s32,n8_s16_s32,../../../hardware/rtl/paper-mesh-snapshot/fusemax/n8_s16_s32,d26b0d006d215051413de20d826fe8a10ec081ec287c7f9f9fa2ebd5af405741,byte-matched-retained-upload-zip,exact,rtl/generated/meshes/build/fusemax/n8/upload.zip,true
20260405_185330_501d,20260405_185343_7912,fusemax,8,s8,s32,n8_s8_s32,../../../hardware/rtl/paper-mesh-snapshot/fusemax/n8_s8_s32,46dbfecaf9b4d9167d8fc6a6e8077e67c1e8db99d8fce838b8f6699680152b8f,byte-matched-retained-upload-zip,exact,rtl/generated/meshes/build/fusemax/n8/upload.zip,true
20260405_185330_0193,20260405_185350_57e7,fusemax,12,dwfp16,dwfp16,n12_dwfp16_dwfp16,../../../hardware/rtl/paper-mesh-snapshot/fusemax/n12_dwfp16_dwfp16,a14d931304f5ecc307370bfc603554889c8b5932df550842312a83f3c30059dc,byte-matched-retained-upload-zip,exact,rtl/generated/meshes/build/fusemax/n12/upload.zip,true
20260405_185330_0193,20260405_185350_1d64,fusemax,12,dwfp8e4m3,dwfp16,n12_dwfp8e4m3_dwfp16,../../../hardware/rtl/paper-mesh-snapshot/fusemax/n12_dwfp8e4m3_dwfp16,88466537240bd048507a3d7ea9ba4cae38a2abd21c8017038e76fa2aad1b0124,byte-matched-retained-upload-zip,exact,rtl/generated/meshes/build/fusemax/n12/upload.zip,true
20260405_185330_0193,20260405_185350_d323,fusemax,12,s16,s32,n12_s16_s32,../../../hardware/rtl/paper-mesh-snapshot/fusemax/n12_s16_s32,aafa9f8ee17f670400e356b57e785f17fd5232d25d588f4b9197cdfa2da842f5,byte-matched-retained-upload-zip,exact,rtl/generated/meshes/build/fusemax/n12/upload.zip,true
20260405_185330_0193,20260405_185350_a33e,fusemax,12,s8,s32,n12_s8_s32,../../../hardware/rtl/paper-mesh-snapshot/fusemax/n12_s8_s32,996163eb7d4f26dc5436b894c64afeb0271df9b9714c06cbce6c14b97e213af8,byte-matched-retained-upload-zip,exact,rtl/generated/meshes/build/fusemax/n12/upload.zip,true
20260405_185330_cb58,20260405_185356_21f9,fusemax,16,dwfp16,dwfp16,n16_dwfp16_dwfp16,../../../hardware/rtl/paper-mesh-snapshot/fusemax/n16_dwfp16_dwfp16,d870642fd63329c024b3518aa723f8b3265bcd4cc84d8d6aff80c9bca0ee6085,byte-matched-retained-upload-zip,exact,rtl/generated/meshes/build/fusemax/n16/upload.zip,true
20260405_185330_cb58,20260405_185356_0737,fusemax,16,dwfp8e4m3,dwfp16,n16_dwfp8e4m3_dwfp16,../../../hardware/rtl/paper-mesh-snapshot/fusemax/n16_dwfp8e4m3_dwfp16,8280c2e6578debc55174285ae1ffd292dd74f05702c522882197599ee7c60b79,byte-matched-retained-upload-zip,exact,rtl/generated/meshes/build/fusemax/n16/upload.zip,true
20260405_185330_cb58,20260405_185356_8a88,fusemax,16,s16,s32,n16_s16_s32,../../../hardware/rtl/paper-mesh-snapshot/fusemax/n16_s16_s32,a3555a9244178b7c6577b98d5c9f93a715d5b2d6c527ddd35ade9e9caefc759b,byte-matched-retained-upload-zip,exact,rtl/generated/meshes/build/fusemax/n16/upload.zip,true
20260405_185330_cb58,20260405_185356_102d,fusemax,16,s8,s32,n16_s8_s32,../../../hardware/rtl/paper-mesh-snapshot/fusemax/n16_s8_s32,a23658e161f44eebb4f63927f7605ae96e267b6bf767f60136feb4b276489e50,byte-matched-retained-upload-zip,exact,rtl/generated/meshes/build/fusemax/n16/upload.zip,true
20260405_185331_2a46,20260405_185402_6024,fusemax,20,dwfp16,dwfp16,n20_dwfp16_dwfp16,../../../hardware/rtl/paper-mesh-snapshot/fusemax/n20_dwfp16_dwfp16,1e174c757ad3ba7c63f73f6ff07e55466f7c0248a8b921f950e2d654e8a61704,byte-matched-retained-upload-zip,exact,rtl/generated/meshes/build/fusemax/n20/upload.zip,true
20260405_185331_2a46,20260405_185402_6a65,fusemax,20,dwfp8e4m3,dwfp16,n20_dwfp8e4m3_dwfp16,../../../hardware/rtl/paper-mesh-snapshot/fusemax/n20_dwfp8e4m3_dwfp16,2aa3fb7ef614d8b216ae1cd12799d2a65fdca72863fee556aa259ee8134e3813,byte-matched-retained-upload-zip,exact,rtl/generated/meshes/build/fusemax/n20/upload.zip,true
20260405_185331_2a46,20260405_185402_1b90,fusemax,20,s16,s32,n20_s16_s32,../../../hardware/rtl/paper-mesh-snapshot/fusemax/n20_s16_s32,6e56414a90fbd246bafbfe3a95a087553a0e46f8cc2522454363ffd42839cd92,byte-matched-retained-upload-zip,exact,rtl/generated/meshes/build/fusemax/n20/upload.zip,true
20260405_185331_2a46,20260405_185402_1d52,fusemax,20,s8,s32,n20_s8_s32,../../../hardware/rtl/paper-mesh-snapshot/fusemax/n20_s8_s32,4fe9726f710f79b925db8bcdb18406373e990b65f69d79628e3a322d58e80a79,byte-matched-retained-upload-zip,exact,rtl/generated/meshes/build/fusemax/n20/upload.zip,true
20260405_185331_7d66,20260405_185408_d05d,fusemax,24,dwfp16,dwfp16,n24_dwfp16_dwfp16,../../../hardware/rtl/paper-mesh-snapshot/fusemax/n24_dwfp16_dwfp16,ba86873b6c7142cfd2db17560a3ddec25720cc8f1e4a561bbdf1c2f1196fd592,byte-matched-retained-upload-zip,exact,rtl/generated/meshes/build/fusemax/n24/upload.zip,true
20260405_185331_7d66,20260405_185408_71b6,fusemax,24,s16,s32,n24_s16_s32,../../../hardware/rtl/paper-mesh-snapshot/fusemax/n24_s16_s32,487f34a93ee5c9e26a57353ee298a923ae28b9b8555106aeb8913d9fb916576e,byte-matched-retained-upload-zip,exact,rtl/generated/meshes/build/fusemax/n24/upload.zip,true
20260405_185331_7d66,20260405_185409_01a5,fusemax,24,s8,s32,n24_s8_s32,../../../hardware/rtl/paper-mesh-snapshot/fusemax/n24_s8_s32,d9b2b46c2b0d6603724ef5ae599a9e917b03fda8ac17e9980081afcf21fb7e0c,byte-matched-retained-upload-zip,exact,rtl/generated/meshes/build/fusemax/n24/upload.zip,true
20260405_185330_d8ba,20260405_185334_266c,onesa,4,dwfp16,dwfp16,n4_dwfp16_dwfp16_simd2,../../../hardware/rtl/paper-mesh-snapshot/onesa/n4_dwfp16_dwfp16_simd2,b985823fd84800ae8bb256a146ae24048ec960f9260c94156c2ec0de9240e41d,byte-matched-retained-upload-zip,exact,rtl/generated/meshes/build/onesa/n4/upload.zip,true
20260405_185330_d8ba,20260405_185334_76b1,onesa,4,dwfp8e4m3,dwfp16,n4_dwfp8e4m3_dwfp16_simd2,../../../hardware/rtl/paper-mesh-snapshot/onesa/n4_dwfp8e4m3_dwfp16_simd2,6e2509bf109cd77cd925472de793815188f09a212ce2316593aa52cea2bde3f8,byte-matched-retained-upload-zip,exact,rtl/generated/meshes/build/onesa/n4/upload.zip,true
20260405_185330_d8ba,20260405_185335_5bf8,onesa,4,s16,s32,n4_s16_s32_simd2,../../../hardware/rtl/paper-mesh-snapshot/onesa/n4_s16_s32_simd2,4668e2f39e048b2a0ecad19b57af67ce438e9231cc534b7a286ded296058234e,byte-matched-retained-upload-zip,exact,rtl/generated/meshes/build/onesa/n4/upload.zip,true
20260405_185330_d8ba,20260405_185335_ac11,onesa,4,s8,s32,n4_s8_s32_simd2,../../../hardware/rtl/paper-mesh-snapshot/onesa/n4_s8_s32_simd2,25feb641b20685a30b76c2a1dc1313e5b9e6f913c48adcfb8265be1090ed1e04,byte-matched-retained-upload-zip,exact,rtl/generated/meshes/build/onesa/n4/upload.zip,true
20260405_185330_ccbd,20260405_185341_20f3,onesa,8,dwfp16,dwfp16,n8_dwfp16_dwfp16_simd2,../../../hardware/rtl/paper-mesh-snapshot/onesa/n8_dwfp16_dwfp16_simd2,124ad096e0d35d607182764017c34f7d87e7530e4096009940bd777e6a91c0c3,byte-matched-retained-upload-zip,exact,rtl/generated/meshes/build/onesa/n8/upload.zip,true
20260405_185330_ccbd,20260405_185341_290e,onesa,8,dwfp8e4m3,dwfp16,n8_dwfp8e4m3_dwfp16_simd2,../../../hardware/rtl/paper-mesh-snapshot/onesa/n8_dwfp8e4m3_dwfp16_simd2,b13c588654f436a5f5d3f88f2dd74ca8fa9b0c39651f44be1424ecbe8d6dd2e0,byte-matched-retained-upload-zip,exact,rtl/generated/meshes/build/onesa/n8/upload.zip,true
20260405_185330_ccbd,20260405_185342_8102,onesa,8,s16,s32,n8_s16_s32_simd2,../../../hardware/rtl/paper-mesh-snapshot/onesa/n8_s16_s32_simd2,20ffada58759b91a217f4ac0c03c0252d3c6ba16b67558202c77da23f6caad64,byte-matched-retained-upload-zip,exact,rtl/generated/meshes/build/onesa/n8/upload.zip,true
20260405_185330_ccbd,20260405_185342_c3c5,onesa,8,s8,s32,n8_s8_s32_simd2,../../../hardware/rtl/paper-mesh-snapshot/onesa/n8_s8_s32_simd2,02e454960df87afb617e76d63221de2f82d394b7c01e0bfaa1965f47e00c6ed4,byte-matched-retained-upload-zip,exact,rtl/generated/meshes/build/onesa/n8/upload.zip,true
20260405_185330_1484,20260405_185347_9518,onesa,12,dwfp16,dwfp16,n12_dwfp16_dwfp16_simd2,../../../hardware/rtl/paper-mesh-snapshot/onesa/n12_dwfp16_dwfp16_simd2,90adc9c998445762d9debb80f1bbc1a308638448d3aa049e471848138c49171c,byte-matched-retained-upload-zip,exact,rtl/generated/meshes/build/onesa/n12/upload.zip,true
20260405_185330_1484,20260405_185348_200e,onesa,12,dwfp8e4m3,dwfp16,n12_dwfp8e4m3_dwfp16_simd2,../../../hardware/rtl/paper-mesh-snapshot/onesa/n12_dwfp8e4m3_dwfp16_simd2,b074db448d408d1ad1ddb60e81b3f2ac1f49f8a01a9a54f90cfbd4e9dbf42b31,byte-matched-retained-upload-zip,exact,rtl/generated/meshes/build/onesa/n12/upload.zip,true
20260405_185330_1484,20260405_185348_5912,onesa,12,s16,s32,n12_s16_s32_simd2,../../../hardware/rtl/paper-mesh-snapshot/onesa/n12_s16_s32_simd2,4e98deeb68d615a5b1fee5fc978eeea20bfcbe66948b8af4106b61d73d0de148,byte-matched-retained-upload-zip,exact,rtl/generated/meshes/build/onesa/n12/upload.zip,true
20260405_185330_1484,20260405_185348_2d20,onesa,12,s8,s32,n12_s8_s32_simd2,../../../hardware/rtl/paper-mesh-snapshot/onesa/n12_s8_s32_simd2,ecb6d7d0fec0b7d77674ae9b7a3c5d629cc74885f17c35abb462838f1ef01061,byte-matched-retained-upload-zip,exact,rtl/generated/meshes/build/onesa/n12/upload.zip,true
20260405_185330_acdc,20260405_185354_da72,onesa,16,dwfp16,dwfp16,n16_dwfp16_dwfp16_simd2,../../../hardware/rtl/paper-mesh-snapshot/onesa/n16_dwfp16_dwfp16_simd2,0c9860958115953b76c06a02aa44544477a15a637f7c5fee5a62ea33a303d646,byte-matched-retained-upload-zip,exact,rtl/generated/meshes/build/onesa/n16/upload.zip,true
20260405_185330_acdc,20260405_185354_69a9,onesa,16,dwfp8e4m3,dwfp16,n16_dwfp8e4m3_dwfp16_simd2,../../../hardware/rtl/paper-mesh-snapshot/onesa/n16_dwfp8e4m3_dwfp16_simd2,bba298333f26050ee7d94303944efc75df852e0e27326eee12c50ccb554b3589,byte-matched-retained-upload-zip,exact,rtl/generated/meshes/build/onesa/n16/upload.zip,true
20260405_185330_acdc,20260405_185354_cfc2,onesa,16,s16,s32,n16_s16_s32_simd2,../../../hardware/rtl/paper-mesh-snapshot/onesa/n16_s16_s32_simd2,fedec2c1a510607a0f8ed4f97a66babf050ae4a56ccab45b7cc094e237e4c696,byte-matched-retained-upload-zip,exact,rtl/generated/meshes/build/onesa/n16/upload.zip,true
20260405_185330_acdc,20260405_185354_641a,onesa,16,s8,s32,n16_s8_s32_simd2,../../../hardware/rtl/paper-mesh-snapshot/onesa/n16_s8_s32_simd2,1fee9ba200802c816467bc00476df7635ff01ad613dbf37a2d1ae98b556191d9,byte-matched-retained-upload-zip,exact,rtl/generated/meshes/build/onesa/n16/upload.zip,true
20260405_185331_cc24,20260405_185400_7cc7,onesa,20,dwfp16,dwfp16,n20_dwfp16_dwfp16_simd2,../../../hardware/rtl/paper-mesh-snapshot/onesa/n20_dwfp16_dwfp16_simd2,c00629e8481b0c79b55000648d60dd76b929710ceac2db8899bd0889d2b14eeb,byte-matched-retained-upload-zip,exact,rtl/generated/meshes/build/onesa/n20/upload.zip,true
20260405_185331_cc24,20260405_185401_d2b0,onesa,20,dwfp8e4m3,dwfp16,n20_dwfp8e4m3_dwfp16_simd2,../../../hardware/rtl/paper-mesh-snapshot/onesa/n20_dwfp8e4m3_dwfp16_simd2,52cf41b9f01045986b69fb329d840fd1a4365d3bc109d164bfa7f299bb678aa3,byte-matched-retained-upload-zip,exact,rtl/generated/meshes/build/onesa/n20/upload.zip,true
20260405_185331_cc24,20260405_185401_7703,onesa,20,s16,s32,n20_s16_s32_simd2,../../../hardware/rtl/paper-mesh-snapshot/onesa/n20_s16_s32_simd2,df63fbbb8dd458752b5ec6805c9affe54610781a7b4c353d98980ff5c84cd36f,byte-matched-retained-upload-zip,exact,rtl/generated/meshes/build/onesa/n20/upload.zip,true
20260405_185331_cc24,20260405_185401_7fa9,onesa,20,s8,s32,n20_s8_s32_simd2,../../../hardware/rtl/paper-mesh-snapshot/onesa/n20_s8_s32_simd2,127e0b9da743f312216e35acaff772560040f0d203e39cd6a55e667523ebb13d,byte-matched-retained-upload-zip,exact,rtl/generated/meshes/build/onesa/n20/upload.zip,true
20260405_185331_3c29,20260405_185407_ee5f,onesa,24,dwfp16,dwfp16,n24_dwfp16_dwfp16_simd2,../../../hardware/rtl/paper-mesh-snapshot/onesa/n24_dwfp16_dwfp16_simd2,0d6abf5b2ae74b4a209fc1462dae1ed024172a42d00f9f2c5f49b9cedb9f0acd,byte-matched-retained-upload-zip,exact,rtl/generated/meshes/build/onesa/n24/upload.zip,true
20260405_185331_3c29,20260405_185407_47cf,onesa,24,dwfp8e4m3,dwfp16,n24_dwfp8e4m3_dwfp16_simd2,../../../hardware/rtl/paper-mesh-snapshot/onesa/n24_dwfp8e4m3_dwfp16_simd2,7ea7c00359f60cbb3f13a94bfb713c083bbdcd31e7f7a1cd721a87a6851b46dc,byte-matched-retained-upload-zip,exact,rtl/generated/meshes/build/onesa/n24/upload.zip,true
20260405_185331_3c29,20260405_185407_cf45,onesa,24,s16,s32,n24_s16_s32_simd2,../../../hardware/rtl/paper-mesh-snapshot/onesa/n24_s16_s32_simd2,79ab0ba6658519d775bbc76204a0409365cfa81e6c53b7e0de39eb557fb57bd4,byte-matched-retained-upload-zip,exact,rtl/generated/meshes/build/onesa/n24/upload.zip,true
20260405_185331_3c29,20260405_185407_1e8b,onesa,24,s8,s32,n24_s8_s32_simd2,../../../hardware/rtl/paper-mesh-snapshot/onesa/n24_s8_s32_simd2,630d413d6a5afb71cf80ff5fde1941cd7af604591b678ed5a620d46aa01441f4,byte-matched-retained-upload-zip,exact,rtl/generated/meshes/build/onesa/n24/upload.zip,true
20260405_185331_55da,20260405_185413_ae0b,onesa,28,s16,s32,n28_s16_s32_simd2,../../../hardware/rtl/paper-mesh-snapshot/onesa/n28_s16_s32_simd2,ab329e77986fc4e4f3ab2d0e18fb129f5915f0fe894957707330fd837b11c6f7,byte-matched-retained-upload-zip,exact,rtl/generated/meshes/build/onesa/n28/upload.zip,true
20260405_185331_55da,20260405_185413_7210,onesa,28,s8,s32,n28_s8_s32_simd2,../../../hardware/rtl/paper-mesh-snapshot/onesa/n28_s8_s32_simd2,41eb1cb95ba09655f73f8f6d7365d4baa71996725a958a959009bb1dfb7f0ea0,byte-matched-retained-upload-zip,exact,rtl/generated/meshes/build/onesa/n28/upload.zip,true
20260405_185330_fba2,20260405_185332_840c,pinnacle,4,dwfp16,dwfp16,n4_dwfp16_dwfp16_h2_c2,../../../hardware/rtl/paper-mesh-snapshot/pinnacle/n4_dwfp16_dwfp16_h2_c2,a1d53862ca24e4d41038449c1499ebebaea53ae2c02213a50a838c0838842979,byte-matched-retained-upload-zip,exact,rtl/generated/meshes/build/pinnacle/n4/upload.zip,true
20260405_185330_fba2,20260405_185332_8a73,pinnacle,4,dwfp8e4m3,dwfp16,n4_dwfp8e4m3_dwfp16_h2_c2,../../../hardware/rtl/paper-mesh-snapshot/pinnacle/n4_dwfp8e4m3_dwfp16_h2_c2,8a2d9a2d03a704aec4ae2404e737b66c7b2e0cf525eb0bb920bd610d4221fc5e,byte-matched-retained-upload-zip,exact,rtl/generated/meshes/build/pinnacle/n4/upload.zip,true
20260405_185330_fba2,20260405_185333_f0f2,pinnacle,4,s16,s32,n4_s16_s32_h2_c2,../../../hardware/rtl/paper-mesh-snapshot/pinnacle/n4_s16_s32_h2_c2,9d75e9d9f01676547056722b36e329daff47b07cb0e00e49533677b8fff9cc88,byte-matched-retained-upload-zip,exact,rtl/generated/meshes/build/pinnacle/n4/upload.zip,true
20260405_185330_fba2,20260405_185333_7be5,pinnacle,4,s8,s32,n4_s8_s32_h2_c2,../../../hardware/rtl/paper-mesh-snapshot/pinnacle/n4_s8_s32_h2_c2,25fc6575f94c9461d5b3e9b381485636334c91b14000ec5b2ee141e59a1a6030,byte-matched-retained-upload-zip,exact,rtl/generated/meshes/build/pinnacle/n4/upload.zip,true
20260405_185330_5d1f,20260405_185339_4054,pinnacle,8,dwfp16,dwfp16,n8_dwfp16_dwfp16_h4_c2,../../../hardware/rtl/paper-mesh-snapshot/pinnacle/n8_dwfp16_dwfp16_h4_c2,9a59db6e3903e4a5325bc535f724c56f2273bcbaf85860ac6449c03bec8a8991,byte-matched-retained-upload-zip,exact,rtl/generated/meshes/build/pinnacle/n8/upload.zip,true
20260405_185330_5d1f,20260405_185339_cc3d,pinnacle,8,dwfp8e4m3,dwfp16,n8_dwfp8e4m3_dwfp16_h4_c2,../../../hardware/rtl/paper-mesh-snapshot/pinnacle/n8_dwfp8e4m3_dwfp16_h4_c2,cf58013fc53b0e713192d8391f02625ea0c91587d5e89061426f998b19a420e8,byte-matched-retained-upload-zip,exact,rtl/generated/meshes/build/pinnacle/n8/upload.zip,true
20260405_185330_5d1f,20260405_185339_b5ff,pinnacle,8,s16,s32,n8_s16_s32_h4_c2,../../../hardware/rtl/paper-mesh-snapshot/pinnacle/n8_s16_s32_h4_c2,25ab330b40b68e443b91460d50f5ce89c8276a7464166b52517130c69ba6c7d1,byte-matched-retained-upload-zip,exact,rtl/generated/meshes/build/pinnacle/n8/upload.zip,true
20260405_185330_5d1f,20260405_185340_2dc7,pinnacle,8,s8,s32,n8_s8_s32_h4_c2,../../../hardware/rtl/paper-mesh-snapshot/pinnacle/n8_s8_s32_h4_c2,2f26b4d3886b30ec1eb09c814feaace7cb705d4bdb22632034e79c9f99fc2780,byte-matched-retained-upload-zip,exact,rtl/generated/meshes/build/pinnacle/n8/upload.zip,true
20260405_185330_9d0e,20260405_185345_295c,pinnacle,12,dwfp16,dwfp16,n12_dwfp16_dwfp16_h6_c2,../../../hardware/rtl/paper-mesh-snapshot/pinnacle/n12_dwfp16_dwfp16_h6_c2,7881b5b5308c5ac152de066b05f875850162d0486aa19ec2ff560c8966ea4e3c,byte-matched-retained-upload-zip,exact,rtl/generated/meshes/build/pinnacle/n12/upload.zip,true
20260405_185330_9d0e,20260405_185346_612b,pinnacle,12,dwfp8e4m3,dwfp16,n12_dwfp8e4m3_dwfp16_h6_c2,../../../hardware/rtl/paper-mesh-snapshot/pinnacle/n12_dwfp8e4m3_dwfp16_h6_c2,c3065b4bcc946a6651f44745ad3d2138ec8a8c14099ba9282af7a5a5f614bfee,byte-matched-retained-upload-zip,exact,rtl/generated/meshes/build/pinnacle/n12/upload.zip,true
20260405_185330_9d0e,20260405_185346_8683,pinnacle,12,s16,s32,n12_s16_s32_h6_c2,../../../hardware/rtl/paper-mesh-snapshot/pinnacle/n12_s16_s32_h6_c2,2c3d2e532d8c28cf700fba94f6ee8add11f5b4c97e0b1be0398c8754fcc7948a,byte-matched-retained-upload-zip,exact,rtl/generated/meshes/build/pinnacle/n12/upload.zip,true
20260405_185330_9d0e,20260405_185346_647d,pinnacle,12,s8,s32,n12_s8_s32_h6_c2,../../../hardware/rtl/paper-mesh-snapshot/pinnacle/n12_s8_s32_h6_c2,d19d6f404f0a33b5d888ce9e3c341afcd4b400cee2e8895a09772f54969ed642,byte-matched-retained-upload-zip,exact,rtl/generated/meshes/build/pinnacle/n12/upload.zip,true
20260405_185330_013d,20260405_185352_6334,pinnacle,16,dwfp16,dwfp16,n16_dwfp16_dwfp16_h8_c2,../../../hardware/rtl/paper-mesh-snapshot/pinnacle/n16_dwfp16_dwfp16_h8_c2,23d55e55be242d386c47cae86486d332b779596edfc25430c8205ee92f02a95c,byte-matched-retained-upload-zip,exact,rtl/generated/meshes/build/pinnacle/n16/upload.zip,true
20260405_185330_013d,20260405_185352_b29f,pinnacle,16,dwfp8e4m3,dwfp16,n16_dwfp8e4m3_dwfp16_h8_c2,../../../hardware/rtl/paper-mesh-snapshot/pinnacle/n16_dwfp8e4m3_dwfp16_h8_c2,f223532a1ee7a42de9c7936ee1cccba2a740e0eae6413f6842c205cde9afa43d,byte-matched-retained-upload-zip,exact,rtl/generated/meshes/build/pinnacle/n16/upload.zip,true
20260405_185330_013d,20260405_185352_cfc5,pinnacle,16,s16,s32,n16_s16_s32_h8_c2,../../../hardware/rtl/paper-mesh-snapshot/pinnacle/n16_s16_s32_h8_c2,f3bf1ebeb6101061032e0068b0f1eca3a5af1b293df7198e9a94a23e99cfb125,byte-matched-retained-upload-zip,exact,rtl/generated/meshes/build/pinnacle/n16/upload.zip,true
20260405_185330_013d,20260405_185353_ac7b,pinnacle,16,s8,s32,n16_s8_s32_h8_c2,../../../hardware/rtl/paper-mesh-snapshot/pinnacle/n16_s8_s32_h8_c2,fd829ff2d4d889989baaf59a29d00219d55b5f296177ca0fd27ae3843789f6bf,byte-matched-retained-upload-zip,exact,rtl/generated/meshes/build/pinnacle/n16/upload.zip,true
20260405_185330_0db0,20260405_185358_063b,pinnacle,20,dwfp16,dwfp16,n20_dwfp16_dwfp16_h10_c2,../../../hardware/rtl/paper-mesh-snapshot/pinnacle/n20_dwfp16_dwfp16_h10_c2,1e254ec50985f578f1746e7a80f52f20f47cb1d4b069c18cb44e252c4f82b87e,byte-matched-retained-upload-zip,exact,rtl/generated/meshes/build/pinnacle/n20/upload.zip,true
20260405_185330_0db0,20260405_185359_4ef0,pinnacle,20,dwfp8e4m3,dwfp16,n20_dwfp8e4m3_dwfp16_h10_c2,../../../hardware/rtl/paper-mesh-snapshot/pinnacle/n20_dwfp8e4m3_dwfp16_h10_c2,5fee0cbbd763c02b415e8afa18602c9bb3b31dd3ca8f04077feb55b4286917dd,byte-matched-retained-upload-zip,exact,rtl/generated/meshes/build/pinnacle/n20/upload.zip,true
20260405_185330_0db0,20260405_185359_3040,pinnacle,20,s16,s32,n20_s16_s32_h10_c2,../../../hardware/rtl/paper-mesh-snapshot/pinnacle/n20_s16_s32_h10_c2,5f815e2405d435dcaec768813a6a592e258a582a66e0aeeb3677f3717ffbce15,byte-matched-retained-upload-zip,exact,rtl/generated/meshes/build/pinnacle/n20/upload.zip,true
20260405_185330_0db0,20260405_185359_7c5b,pinnacle,20,s8,s32,n20_s8_s32_h10_c2,../../../hardware/rtl/paper-mesh-snapshot/pinnacle/n20_s8_s32_h10_c2,eba41ae256d31a6eb7b3db4eb3992a878fbbde5147ef67c59ed1bd14f99e496d,byte-matched-retained-upload-zip,exact,rtl/generated/meshes/build/pinnacle/n20/upload.zip,true
20260405_185331_ceec,20260405_185404_7db2,pinnacle,24,dwfp16,dwfp16,n24_dwfp16_dwfp16_h12_c2,../../../hardware/rtl/paper-mesh-snapshot/pinnacle/n24_dwfp16_dwfp16_h12_c2,c3d881fcc7e375cb0f2647fe08fd4960111c3064555d3e2e67b7aa6f4b3d0405,byte-matched-retained-upload-zip,exact,rtl/generated/meshes/build/pinnacle/n24/upload.zip,true
20260405_185331_ceec,20260405_185405_6d94,pinnacle,24,dwfp8e4m3,dwfp16,n24_dwfp8e4m3_dwfp16_h12_c2,../../../hardware/rtl/paper-mesh-snapshot/pinnacle/n24_dwfp8e4m3_dwfp16_h12_c2,6f5ae8e2367eb218afdff069cbfc5ea116f66ed1a3c48bd6e92459269d7ca784,byte-matched-retained-upload-zip,exact,rtl/generated/meshes/build/pinnacle/n24/upload.zip,true
20260405_185331_ceec,20260405_185405_3b42,pinnacle,24,s16,s32,n24_s16_s32_h12_c2,../../../hardware/rtl/paper-mesh-snapshot/pinnacle/n24_s16_s32_h12_c2,8c9d69669e474f220c00dffdeb9825b7bf07f66c552acb5361e840994ebf9b1e,byte-matched-retained-upload-zip,exact,rtl/generated/meshes/build/pinnacle/n24/upload.zip,true
20260405_185331_ceec,20260405_185405_4482,pinnacle,24,s8,s32,n24_s8_s32_h12_c2,../../../hardware/rtl/paper-mesh-snapshot/pinnacle/n24_s8_s32_h12_c2,af1b7999146202761e9776826f25a1708baaaa99df494f7ea12fac2d99ac7c83,byte-matched-retained-upload-zip,exact,rtl/generated/meshes/build/pinnacle/n24/upload.zip,true
20260405_185331_079f,20260405_185411_4c02,pinnacle,28,dwfp16,dwfp16,n28_dwfp16_dwfp16_h14_c2,../../../hardware/rtl/paper-mesh-snapshot/pinnacle/n28_dwfp16_dwfp16_h14_c2,e37df141654967be9e2f1d9e8f44c97d29919fd8fab140bc0b933b1e55162103,byte-matched-retained-upload-zip,exact,rtl/generated/meshes/build/pinnacle/n28/upload.zip,true
20260405_185331_079f,20260405_185411_e1a0,pinnacle,28,dwfp8e4m3,dwfp16,n28_dwfp8e4m3_dwfp16_h14_c2,../../../hardware/rtl/paper-mesh-snapshot/pinnacle/n28_dwfp8e4m3_dwfp16_h14_c2,9f5ed00b17b2c4131e0451b5dcfc32cf1acf1831c027d3953af8d13d778e50b1,byte-matched-retained-upload-zip,exact,rtl/generated/meshes/build/pinnacle/n28/upload.zip,true
20260405_185331_079f,20260405_185411_ed16,pinnacle,28,s16,s32,n28_s16_s32_h14_c2,../../../hardware/rtl/paper-mesh-snapshot/pinnacle/n28_s16_s32_h14_c2,175e637a219a978189dce8c9b714ff8612f1fdd5cb458752dc62e9d4161de8f1,byte-matched-retained-upload-zip,exact,rtl/generated/meshes/build/pinnacle/n28/upload.zip,true
20260405_185331_079f,20260405_185411_84a9,pinnacle,28,s8,s32,n28_s8_s32_h14_c2,../../../hardware/rtl/paper-mesh-snapshot/pinnacle/n28_s8_s32_h14_c2,8ae80932aeb6f5dc7b66b8ade25ba38e8fce85af3b812d818111b7d066ed4942,byte-matched-retained-upload-zip,exact,rtl/generated/meshes/build/pinnacle/n28/upload.zip,true
20260405_185330_682e,20260405_185333_e72c,systolicattention,4,dwfp16,dwfp16,n4_dwfp16_dwfp16,../../../hardware/rtl/paper-mesh-snapshot/systolicattention/n4_dwfp16_dwfp16,b6a6a5583586017e052592ee4c515227de8310bf2ced67bd95f7edc19f3a2b90,pre-upload-emitted-tree-original-zip-overwritten-by-fp8-retry,strong-time-and-structure; not byte-reprovable from retained zip,rtl/generated/meshes/build/systolicattention/n4/upload.zip,false
20260405_185330_120f,20260405_185340_ba0c,systolicattention,8,dwfp16,dwfp16,n8_dwfp16_dwfp16,../../../hardware/rtl/paper-mesh-snapshot/systolicattention/n8_dwfp16_dwfp16,d8efb329257098b95308da5583a73081679361e45e5a8ac472c4a0b6328ef87b,pre-upload-emitted-tree-original-zip-overwritten-by-fp8-retry,strong-time-and-structure; not byte-reprovable from retained zip,rtl/generated/meshes/build/systolicattention/n8/upload.zip,false
20260405_185330_abe1,20260405_185346_08a9,systolicattention,12,dwfp16,dwfp16,n12_dwfp16_dwfp16,../../../hardware/rtl/paper-mesh-snapshot/systolicattention/n12_dwfp16_dwfp16,328a9b79dd72e39547c844610fb4e9e3078400eaff32c8ae2e974a7d7ccf55c6,pre-upload-emitted-tree-original-zip-overwritten-by-fp8-retry,strong-time-and-structure; not byte-reprovable from retained zip,rtl/generated/meshes/build/systolicattention/n12/upload.zip,false
20260405_185330_3675,20260405_185353_cce1,systolicattention,16,dwfp16,dwfp16,n16_dwfp16_dwfp16,../../../hardware/rtl/paper-mesh-snapshot/systolicattention/n16_dwfp16_dwfp16,d4ab7e0bcfc5952c04b982972a8de9118df8d779de8ed34cbe84c314375bb570,pre-upload-emitted-tree-original-zip-overwritten-by-fp8-retry,strong-time-and-structure; not byte-reprovable from retained zip,rtl/generated/meshes/build/systolicattention/n16/upload.zip,false
20260405_185330_878e,20260405_185359_7f2a,systolicattention,20,dwfp16,dwfp16,n20_dwfp16_dwfp16,../../../hardware/rtl/paper-mesh-snapshot/systolicattention/n20_dwfp16_dwfp16,217e4e29879f3905340e3f000c8572bc8d46848a0cb4c97b9c9cc6ed5351209e,byte-matched-retained-upload-zip,exact,rtl/generated/meshes/build/systolicattention/n20/upload.zip,true
20260405_185331_143d,20260405_185406_c4b2,systolicattention,24,dwfp16,dwfp16,n24_dwfp16_dwfp16,../../../hardware/rtl/paper-mesh-snapshot/systolicattention/n24_dwfp16_dwfp16,a4ee32c866cf4b2d3d0524da56e129e44922b121dd352b02b073373d39fc220e,byte-matched-retained-upload-zip,exact,rtl/generated/meshes/build/systolicattention/n24/upload.zip,true
20260407_144947_2860,20260407_144948_8a2b,systolicattention,4,dwfp8e4m3,dwfp16,n4_dwfp8e4m3_dwfp16,../../../hardware/rtl/paper-mesh-snapshot/systolicattention/n4_dwfp8e4m3_dwfp16,662595f894716dc24ab1a950dc8479d80047ce57d946227e0578907c2eb5d811,byte-matched-retained-upload-zip,exact,rtl/generated/meshes/build/systolicattention/n4/upload.zip,true
