case_name,case_label,system_config_path,data_type,prefill_length,batch_size,hidden_size,num_heads,head_dim,compile_mode,variant,variant_label,attention_variant,total_latency_ms,q_mul_k_ms,softmax_ms,a_mul_v_ms,compute_model_ms,fused_core_ms,hbm_io_ms,onchip_io_ms,kernel_overhead_ms,software_q_tile_size,software_kv_tile_size,logical_q_tile_size,tensor_tflops,vector_tflops,tensor_vector_ratio,source,bottleneck_component,bottleneck_ms,bottleneck_share_of_total
tpuv6e_fp16,TPUv6e FP16,/home/CONNECT/cxu930/Documents/pinn-fullstack/LLMCompass/configs/ours/TPUv6e.json,fp16,2048,1,4096,32,128,fixed-tile,baseline,Unfused Attention,trivial,1.3762902857142856,0.19137142857142858,0.8798571428571428,0.3050617142857143,0.0,0.0,0.0,0.0,0.0,,,,917.504,7.168,128.0,source_csv,,,
tpuv6e_fp16,TPUv6e FP16,/home/CONNECT/cxu930/Documents/pinn-fullstack/LLMCompass/configs/ours/TPUv6e.json,fp16,2048,1,4096,32,128,fixed-tile,customsa,FlashAttention-CustomSA,flashattention_customsa,0.4688137142857142,0.0,0.0,0.0,0.0,0.1688137142857143,0.0,0.10485760000000001,0.3,512,2048,512,917.504,7.168,128.0,source_csv,,,
tpuv6e_fp16,TPUv6e FP16,/home/CONNECT/cxu930/Documents/pinn-fullstack/LLMCompass/configs/ours/TPUv6e.json,fp16,2048,1,4096,32,128,fixed-tile,flashattention,FlashAttention,flashattention,0.5802102857142856,0.18666057142857143,0.15338057142857142,0.09354971428571428,0.2802102857142857,0.0,0.0,0.10485760000000001,0.3,512,2048,,917.504,7.168,128.0,source_csv,,,
tpuv6e_fp16,TPUv6e FP16,/home/CONNECT/cxu930/Documents/pinn-fullstack/LLMCompass/configs/ours/TPUv6e.json,fp16,4096,1,4096,32,128,fixed-tile,baseline,Unfused Attention,trivial,3.8971177142857147,0.41336000000000006,2.6177314285714286,0.8660262857142856,0.0,0.0,0.0,0.0,0.0,,,,917.504,7.168,128.0,source_csv,,,
tpuv6e_fp16,TPUv6e FP16,/home/CONNECT/cxu930/Documents/pinn-fullstack/LLMCompass/configs/ours/TPUv6e.json,fp16,4096,1,4096,32,128,fixed-tile,customsa,FlashAttention-CustomSA,flashattention_customsa,0.9372205714285714,0.0,0.0,0.0,0.0,0.6372205714285715,0.0,0.37748736,0.3,512,4096,512,917.504,7.168,128.0,source_csv,,,
tpuv6e_fp16,TPUv6e FP16,/home/CONNECT/cxu930/Documents/pinn-fullstack/LLMCompass/configs/ours/TPUv6e.json,fp16,4096,1,4096,32,128,fixed-tile,flashattention,FlashAttention,flashattention,1.3835382857142857,0.7466422857142857,0.6063542857142857,0.336896,1.0835382857142857,0.0,0.0,0.37748736,0.3,512,4096,,917.504,7.168,128.0,source_csv,,,
tpuv6e_fp16,TPUv6e FP16,/home/CONNECT/cxu930/Documents/pinn-fullstack/LLMCompass/configs/ours/TPUv6e.json,fp16,8192,1,4096,32,128,fixed-tile,baseline,Unfused Attention,trivial,13.936674285714286,1.280944,9.566243428571429,3.089486857142857,0.0,0.0,0.0,0.0,0.0,,,,917.504,7.168,128.0,source_csv,,,
tpuv6e_fp16,TPUv6e FP16,/home/CONNECT/cxu930/Documents/pinn-fullstack/LLMCompass/configs/ours/TPUv6e.json,fp16,8192,1,4096,32,128,fixed-tile,customsa,FlashAttention-CustomSA,flashattention_customsa,2.8488822857142857,0.0,0.0,0.0,0.0,2.548882285714286,0.0,1.4260633600000001,0.3,512,4096,512,917.504,7.168,128.0,source_csv,,,
tpuv6e_fp16,TPUv6e FP16,/home/CONNECT/cxu930/Documents/pinn-fullstack/LLMCompass/configs/ours/TPUv6e.json,fp16,8192,1,4096,32,128,fixed-tile,flashattention,FlashAttention,flashattention,4.634153142857143,2.986569142857143,2.425417142857143,1.347584,4.334153142857143,0.0,0.0,1.4260633600000001,0.3,512,4096,,917.504,7.168,128.0,source_csv,,,
tpuv6e_fp16,TPUv6e FP16,/home/CONNECT/cxu930/Documents/pinn-fullstack/LLMCompass/configs/ours/TPUv6e.json,fp16,16384,1,4096,32,128,fixed-tile,baseline,Unfused Attention,trivial,53.97934057142857,4.710539428571428,37.35818857142857,11.910612571428572,0.0,0.0,0.0,0.0,0.0,,,,917.504,7.168,128.0,source_csv,,,
tpuv6e_fp16,TPUv6e FP16,/home/CONNECT/cxu930/Documents/pinn-fullstack/LLMCompass/configs/ours/TPUv6e.json,fp16,16384,1,4096,32,128,fixed-tile,customsa,FlashAttention-CustomSA,flashattention_customsa,10.495529142857142,0.0,0.0,0.0,0.0,10.195529142857144,0.0,5.53648128,0.3,512,4096,512,917.504,7.168,128.0,source_csv,,,
tpuv6e_fp16,TPUv6e FP16,/home/CONNECT/cxu930/Documents/pinn-fullstack/LLMCompass/configs/ours/TPUv6e.json,fp16,16384,1,4096,32,128,fixed-tile,flashattention,FlashAttention,flashattention,17.636612571428575,11.946276571428571,9.701668571428572,5.390336,17.33661257142857,0.0,0.0,5.53648128,0.3,512,4096,,917.504,7.168,128.0,source_csv,,,
tpuv6e_fp16,TPUv6e FP16,/home/CONNECT/cxu930/Documents/pinn-fullstack/LLMCompass/configs/ours/TPUv6e.json,fp16,32768,1,4096,32,128,fixed-tile,baseline,Unfused Attention,trivial,214.0499794285714,18.34744,148.53275428571428,47.169785142857144,0.0,0.0,0.0,0.0,0.0,,,,917.504,7.168,128.0,source_csv,,,
tpuv6e_fp16,TPUv6e FP16,/home/CONNECT/cxu930/Documents/pinn-fullstack/LLMCompass/configs/ours/TPUv6e.json,fp16,32768,1,4096,32,128,fixed-tile,customsa,FlashAttention-CustomSA,flashattention_customsa,41.08211657142857,0.0,0.0,0.0,0.0,40.782116571428574,0.0,21.8103808,0.3,512,4096,512,917.504,7.168,128.0,source_csv,,,
tpuv6e_fp16,TPUv6e FP16,/home/CONNECT/cxu930/Documents/pinn-fullstack/LLMCompass/configs/ours/TPUv6e.json,fp16,32768,1,4096,32,128,fixed-tile,flashattention,FlashAttention,flashattention,69.64645028571428,47.785106285714285,38.80667428571429,21.561344,69.34645028571428,0.0,0.0,21.8103808,0.3,512,4096,,917.504,7.168,128.0,source_csv,,,
tpuv6e_fp16,TPUv6e FP16,/home/CONNECT/cxu930/Documents/pinn-fullstack/LLMCompass/configs/ours/TPUv6e.json,fp16,65536,1,4096,32,128,fixed-tile,baseline,Unfused Attention,trivial,688.385856,86.34489024,515.6960755199999,86.34489024,0.0,0.0,0.0,0.0,0.0,,,,917.504,7.168,128.0,fixed_tile_model,softmax,515.6960755199999,0.7491381047782596
tpuv6e_fp16,TPUv6e FP16,/home/CONNECT/cxu930/Documents/pinn-fullstack/LLMCompass/configs/ours/TPUv6e.json,fp16,65536,1,4096,32,128,fixed-tile,customsa,FlashAttention-CustomSA,flashattention_customsa,163.42846628571428,0.0,0.0,0.0,0.0,163.1284662857143,0.0,86.57043456000001,0.3,512,4096,512,917.504,7.168,128.0,fixed_tile_model,fused_core,163.1284662857143,0.9981643344833482
tpuv6e_fp16,TPUv6e FP16,/home/CONNECT/cxu930/Documents/pinn-fullstack/LLMCompass/configs/ours/TPUv6e.json,fp16,65536,1,4096,32,128,fixed-tile,flashattention,FlashAttention,flashattention,277.6858011428572,191.14042514285714,155.22669714285715,86.245376,277.38580114285713,0.0,0.0,86.57043456000001,0.3,512,4096,,917.504,7.168,128.0,fixed_tile_model,matmul_pair,277.38580114285713,0.9989196422763952
tpuv6e_fp16,TPUv6e FP16,/home/CONNECT/cxu930/Documents/pinn-fullstack/LLMCompass/configs/ours/TPUv6e.json,fp16,131072,1,4096,32,128,fixed-tile,baseline,Unfused Attention,trivial,2750.64124672,344.37847232,2061.88430208,344.37847232,0.0,0.0,0.0,0.0,0.0,,,,917.504,7.168,128.0,fixed_tile_model,softmax,2061.88430208,0.7496013173432531
tpuv6e_fp16,TPUv6e FP16,/home/CONNECT/cxu930/Documents/pinn-fullstack/LLMCompass/configs/ours/TPUv6e.json,fp16,131072,1,4096,32,128,fixed-tile,customsa,FlashAttention-CustomSA,flashattention_customsa,652.8138651428571,0.0,0.0,0.0,0.0,652.5138651428572,0.0,344.93956096,0.3,512,4096,512,917.504,7.168,128.0,fixed_tile_model,fused_core,652.5138651428572,0.999540450937061
tpuv6e_fp16,TPUv6e FP16,/home/CONNECT/cxu930/Documents/pinn-fullstack/LLMCompass/configs/ours/TPUv6e.json,fp16,131072,1,4096,32,128,fixed-tile,flashattention,FlashAttention,flashattention,1109.8432045714285,764.5617005714286,620.9067885714286,344.981504,1109.5432045714285,0.0,0.0,344.93956096,0.3,512,4096,,917.504,7.168,128.0,fixed_tile_model,matmul_pair,1109.5432045714285,0.99972969154673
tpuv6e_fp16,TPUv6e FP16,/home/CONNECT/cxu930/Documents/pinn-fullstack/LLMCompass/configs/ours/TPUv6e.json,fp16,262144,1,4096,32,128,fixed-tile,baseline,Unfused Attention,trivial,10998.32063232,1375.8417120000001,8246.637208319999,1375.8417120000001,0.0,0.0,0.0,0.0,0.0,,,,917.504,7.168,128.0,fixed_tile_model,softmax,8246.637208319999,0.7498087648114368
tpuv6e_fp16,TPUv6e FP16,/home/CONNECT/cxu930/Documents/pinn-fullstack/LLMCompass/configs/ours/TPUv6e.json,fp16,262144,1,4096,32,128,fixed-tile,customsa,FlashAttention-CustomSA,flashattention_customsa,2610.355460571429,0.0,0.0,0.0,0.0,2610.0554605714287,0.0,1377.07388928,0.3,512,4096,512,917.504,7.168,128.0,fixed_tile_model,fused_core,2610.0554605714287,0.9998850731233613
tpuv6e_fp16,TPUv6e FP16,/home/CONNECT/cxu930/Documents/pinn-fullstack/LLMCompass/configs/ours/TPUv6e.json,fp16,262144,1,4096,32,128,fixed-tile,flashattention,FlashAttention,flashattention,4438.472818285714,3058.2468022857142,2483.6271542857144,1379.926016,4438.172818285714,0.0,0.0,1377.07388928,0.3,512,4096,,917.504,7.168,128.0,fixed_tile_model,matmul_pair,4438.172818285714,0.9999324091839057
tpuv6e_fp16,TPUv6e FP16,/home/CONNECT/cxu930/Documents/pinn-fullstack/LLMCompass/configs/ours/TPUv6e.json,fp16,524288,1,4096,32,128,fixed-tile,baseline,Unfused Attention,trivial,43986.353820159995,5500.35249344,32985.64883328,5500.35249344,0.0,0.0,0.0,0.0,0.0,,,,917.504,7.168,128.0,fixed_tile_model,softmax,32985.64883328,0.7499064134332019
tpuv6e_fp16,TPUv6e FP16,/home/CONNECT/cxu930/Documents/pinn-fullstack/LLMCompass/configs/ours/TPUv6e.json,fp16,524288,1,4096,32,128,fixed-tile,customsa,FlashAttention-CustomSA,flashattention_customsa,10440.521842285714,0.0,0.0,0.0,0.0,10440.221842285715,0.0,5502.926848,0.3,512,4096,512,917.504,7.168,128.0,fixed_tile_model,fused_core,10440.221842285715,0.9999712658040919
tpuv6e_fp16,TPUv6e FP16,/home/CONNECT/cxu930/Documents/pinn-fullstack/LLMCompass/configs/ours/TPUv6e.json,fp16,524288,1,4096,32,128,fixed-tile,flashattention,FlashAttention,flashattention,17752.991273142856,12232.987209142857,9934.508617142857,5519.704064,17752.691273142857,0.0,0.0,5502.926848,0.3,512,4096,,917.504,7.168,128.0,fixed_tile_model,matmul_pair,17752.691273142857,0.9999831014393359
