model,eval_kind,precision,mode,variant_impl,variant_label,source_experiment,source_result_dir,collected_result_dir,ppl,group1_mean,arc_easy,hellaswag,piqa,winogrande
Llama-2-7b-hf,lm,fp16,fp16,exact,exact,end2endacc_llama2_7b_int8_lm_eval,${SOURCE_ROOT}/experiments/end2endacc_llama2_7b_int8_lm_eval/results/2026-04-02_051615_exact_group1,${SOURCE_ROOT}/experiments/end2endacc_all_in_one/collected/end2endacc_llama2_7b_int8_lm_eval/results/2026-04-02_051615_exact_group1,,0.7443420744423038,0.7466329966329966,0.759609639514041,0.7899891186071817,0.681136543014996
Llama-2-7b-hf,lm,fp16,fp16,pinn_fp,pinn16,end2endacc_llama2_7b_int8_lm_eval,${SOURCE_ROOT}/experiments/end2endacc_llama2_7b_int8_lm_eval/results/2026-04-03_20-51-05,${SOURCE_ROOT}/experiments/end2endacc_all_in_one/collected/end2endacc_llama2_7b_int8_lm_eval/results/2026-04-03_20-51-05,,0.745742548252476,0.7462121212121212,0.760107548297152,0.7899891186071817,0.6866614048934491
Llama-2-7b-hf,lm,fp16,fp16,pinn_fp,pinn32,end2endacc_llama2_7b_int8_lm_eval,${SOURCE_ROOT}/experiments/end2endacc_llama2_7b_int8_lm_eval/results/2026-04-02_051615_pinn_exact_dim32_group1,${SOURCE_ROOT}/experiments/end2endacc_all_in_one/collected/end2endacc_llama2_7b_int8_lm_eval/results/2026-04-02_051615_pinn_exact_dim32_group1,,0.7462868199198314,0.7457912457912458,0.7591117307309301,0.7872687704026116,0.6929755327545383
Llama-2-7b-hf,lm,fp16,fp16,pinn_fp,pinn8,end2endacc_llama2_7b_int8_lm_eval,${SOURCE_ROOT}/experiments/end2endacc_llama2_7b_int8_lm_eval/results/2026-04-03_20-50-16,${SOURCE_ROOT}/experiments/end2endacc_all_in_one/collected/end2endacc_llama2_7b_int8_lm_eval/results/2026-04-03_20-50-16,,0.7450882187307706,0.7441077441077442,0.7586138219478191,0.7878128400435256,0.6898184688239937
Llama-2-7b-hf,lm,fp8,dyn_sq,exact,exact,end2endacc_llama2_7b_w8a8_pinn_ablation,${SOURCE_ROOT}/experiments/end2endacc_llama2_7b_w8a8_pinn_ablation/results/2026-04-04_141715_04_dyn_sq_exact_fp8_group1,${SOURCE_ROOT}/experiments/end2endacc_all_in_one/collected/end2endacc_llama2_7b_w8a8_pinn_ablation/results/2026-04-04_141715_04_dyn_sq_exact_fp8_group1,,0.7459911457970834,0.7428451178451179,0.7565226050587532,0.7916213275299239,0.6929755327545383
Llama-2-7b-hf,lm,fp8,dyn_sq,pinn_fp,pinn16,end2endacc_llama2_7b_w8a8_pinn_ablation,${SOURCE_ROOT}/experiments/end2endacc_llama2_7b_w8a8_pinn_ablation/results/2026-04-04_141715_05_dyn_sq_pinn_fp_fp8_group1,${SOURCE_ROOT}/experiments/end2endacc_all_in_one/collected/end2endacc_llama2_7b_w8a8_pinn_ablation/results/2026-04-04_141715_05_dyn_sq_pinn_fp_fp8_group1,,0.7441033132747974,0.7449494949494949,0.7582154949213304,0.7905331882480957,0.6827150749802684
Llama-2-7b-hf,lm,fp8,dyn_sq,pinn_fp,pinn32,end2endacc_llama2_7b_lm_eval_group1_completion,${SOURCE_ROOT}/experiments/end2endacc_llama2_7b_lm_eval_group1_completion/results/2026-04-04_141715_03_dyn_sq_pinn_fp_d32_fp8_group1,${SOURCE_ROOT}/experiments/end2endacc_all_in_one/collected/end2endacc_llama2_7b_lm_eval_group1_completion/results/2026-04-04_141715_03_dyn_sq_pinn_fp_d32_fp8_group1,,0.7456729181114918,0.7428451178451179,0.7588129854610636,0.7872687704026116,0.6937647987371744
Llama-2-7b-hf,lm,fp8,dyn_sq,pinn_fp,pinn8,end2endacc_llama2_7b_lm_eval_group1_completion,${SOURCE_ROOT}/experiments/end2endacc_llama2_7b_lm_eval_group1_completion/results/2026-04-04_141715_01_dyn_sq_pinn_fp_d8_fp8_group1,${SOURCE_ROOT}/experiments/end2endacc_all_in_one/collected/end2endacc_llama2_7b_lm_eval_group1_completion/results/2026-04-04_141715_01_dyn_sq_pinn_fp_d8_fp8_group1,,0.7446038991822905,0.7432659932659933,0.7578171678948417,0.7867247007616975,0.6906077348066298
Llama-2-7b-hf,lm,fp8,dyn_sq,pinn_fp8,pinn16,end2endacc_llama2_7b_w8a8_pinn_ablation,${SOURCE_ROOT}/experiments/end2endacc_llama2_7b_w8a8_pinn_ablation/results/2026-04-04_141715_06_dyn_sq_pinn_fp8_group1,${SOURCE_ROOT}/experiments/end2endacc_all_in_one/collected/end2endacc_llama2_7b_w8a8_pinn_ablation/results/2026-04-04_141715_06_dyn_sq_pinn_fp8_group1,,0.7440867000512894,0.7436868686868687,0.7556263692491536,0.7856365614798694,0.691397000789266
Llama-2-7b-hf,lm,fp8,dyn_sq,pinn_fp8,pinn32,end2endacc_llama2_7b_lm_eval_group1_completion,${SOURCE_ROOT}/experiments/end2endacc_llama2_7b_lm_eval_group1_completion/results/2026-04-04_141715_04_dyn_sq_pinn_fp8_d32_group1,${SOURCE_ROOT}/experiments/end2endacc_all_in_one/collected/end2endacc_llama2_7b_lm_eval_group1_completion/results/2026-04-04_141715_04_dyn_sq_pinn_fp8_d32_group1,,0.7430069389594097,0.7415824915824916,0.7560246962756423,0.7861806311207835,0.6882399368587214
Llama-2-7b-hf,lm,fp8,dyn_sq,pinn_fp8,pinn8,end2endacc_llama2_7b_lm_eval_group1_completion,${SOURCE_ROOT}/experiments/end2endacc_llama2_7b_lm_eval_group1_completion/results/2026-04-04_141715_02_dyn_sq_pinn_fp8_d8_group1,${SOURCE_ROOT}/experiments/end2endacc_all_in_one/collected/end2endacc_llama2_7b_lm_eval_group1_completion/results/2026-04-04_141715_02_dyn_sq_pinn_fp8_d8_group1,,0.7405813339824933,0.7428451178451179,0.754829715196176,0.7850924918389554,0.6795580110497238
Llama-2-7b-hf,lm,fp8,static_sq,exact,exact,end2endacc_llama2_7b_w8a8_pinn_ablation,${SOURCE_ROOT}/experiments/end2endacc_llama2_7b_w8a8_pinn_ablation/results/2026-04-04_141715_10_static_sq_exact_fp8_group1,${SOURCE_ROOT}/experiments/end2endacc_all_in_one/collected/end2endacc_llama2_7b_w8a8_pinn_ablation/results/2026-04-04_141715_10_static_sq_exact_fp8_group1,,0.7448465616037124,0.7403198653198653,0.7546305516829317,0.7867247007616975,0.6977111286503551
Llama-2-7b-hf,lm,fp8,static_sq,pinn_fp,pinn16,end2endacc_llama2_7b_w8a8_pinn_ablation,${SOURCE_ROOT}/experiments/end2endacc_llama2_7b_w8a8_pinn_ablation/results/2026-04-04_154041_11_static_sq_pinn_fp_fp8_group1,${SOURCE_ROOT}/experiments/end2endacc_all_in_one/collected/end2endacc_llama2_7b_w8a8_pinn_ablation/results/2026-04-04_154041_11_static_sq_pinn_fp_fp8_group1,,0.7403675002614737,0.7411616161616161,0.7532364070902211,0.7867247007616975,0.6803472770323599
Llama-2-7b-hf,lm,fp8,static_sq,pinn_fp,pinn32,end2endacc_llama2_7b_lm_eval_group1_completion,${SOURCE_ROOT}/experiments/end2endacc_llama2_7b_lm_eval_group1_completion/results/2026-04-04_154240_07_static_sq_pinn_fp_d32_fp8_group1,${SOURCE_ROOT}/experiments/end2endacc_all_in_one/collected/end2endacc_llama2_7b_lm_eval_group1_completion/results/2026-04-04_154240_07_static_sq_pinn_fp_d32_fp8_group1,,0.7416415218289574,0.7407407407407407,0.7536347341167098,0.7823721436343852,0.6898184688239937
Llama-2-7b-hf,lm,fp8,static_sq,pinn_fp,pinn8,end2endacc_llama2_7b_lm_eval_group1_completion,${SOURCE_ROOT}/experiments/end2endacc_llama2_7b_lm_eval_group1_completion/results/2026-04-04_154041_05_static_sq_pinn_fp_d8_fp8_group1,${SOURCE_ROOT}/experiments/end2endacc_all_in_one/collected/end2endacc_llama2_7b_lm_eval_group1_completion/results/2026-04-04_154041_05_static_sq_pinn_fp_d8_fp8_group1,,0.7427655478496089,0.7369528619528619,0.7523401712806214,0.7856365614798694,0.6961325966850829
Llama-2-7b-hf,lm,fp8,static_sq,pinn_fp8,pinn16,end2endacc_llama2_7b_w8a8_pinn_ablation,${SOURCE_ROOT}/experiments/end2endacc_llama2_7b_w8a8_pinn_ablation/results/2026-04-04_141715_12_static_sq_pinn_fp8_group1,${SOURCE_ROOT}/experiments/end2endacc_all_in_one/collected/end2endacc_llama2_7b_w8a8_pinn_ablation/results/2026-04-04_141715_12_static_sq_pinn_fp8_group1,,0.7431804730202355,0.7445286195286195,0.7533359888468433,0.7834602829162133,0.691397000789266
Llama-2-7b-hf,lm,fp8,static_sq,pinn_fp8,pinn32,end2endacc_llama2_7b_lm_eval_group1_completion,${SOURCE_ROOT}/experiments/end2endacc_llama2_7b_lm_eval_group1_completion/results/2026-04-04_141715_08_static_sq_pinn_fp8_d32_group1,${SOURCE_ROOT}/experiments/end2endacc_all_in_one/collected/end2endacc_llama2_7b_lm_eval_group1_completion/results/2026-04-04_141715_08_static_sq_pinn_fp8_d32_group1,,0.7415037214158062,0.7407407407407407,0.7522405895239992,0.7840043525571273,0.6890292028413575
Llama-2-7b-hf,lm,fp8,static_sq,pinn_fp8,pinn8,end2endacc_llama2_7b_lm_eval_group1_completion,${SOURCE_ROOT}/experiments/end2endacc_llama2_7b_lm_eval_group1_completion/results/2026-04-04_143110_06_static_sq_pinn_fp8_d8_group1,${SOURCE_ROOT}/experiments/end2endacc_all_in_one/collected/end2endacc_llama2_7b_lm_eval_group1_completion/results/2026-04-04_143110_06_static_sq_pinn_fp8_d8_group1,,0.7401061907234271,0.7382154882154882,0.7515435172276439,0.7840043525571273,0.6866614048934491
Llama-2-7b-hf,lm,int8,dyn_sq,exact,exact,end2endacc_llama2_7b_w8a8_pinn_ablation,${SOURCE_ROOT}/experiments/end2endacc_llama2_7b_w8a8_pinn_ablation/results/2026-04-02_155051_04_dyn_sq_baseline,${SOURCE_ROOT}/experiments/end2endacc_all_in_one/collected/end2endacc_llama2_7b_w8a8_pinn_ablation/results/2026-04-02_155051_04_dyn_sq_baseline,,0.7440215939568863,0.7369528619528619,0.7603067118103963,0.7921653971708379,0.6866614048934491
Llama-2-7b-hf,lm,int8,dyn_sq,pinn_fp,pinn16,end2endacc_llama2_7b_w8a8_pinn_ablation,${SOURCE_ROOT}/experiments/end2endacc_llama2_7b_w8a8_pinn_ablation/results/2026-04-02_161022_05_dyn_sq_pinn_fp,${SOURCE_ROOT}/experiments/end2endacc_all_in_one/collected/end2endacc_llama2_7b_w8a8_pinn_ablation/results/2026-04-02_161022_05_dyn_sq_pinn_fp,,0.744991814078021,0.73989898989899,0.7605058753236407,0.7905331882480957,0.6890292028413575
Llama-2-7b-hf,lm,int8,dyn_sq,pinn_fp,pinn32,end2endacc_llama2_7b_lm_eval_group1_completion,${SOURCE_ROOT}/experiments/end2endacc_llama2_7b_lm_eval_group1_completion/results/2026-04-02_203019_03_dyn_sq_pinn_fp_d32_group1,${SOURCE_ROOT}/experiments/end2endacc_all_in_one/collected/end2endacc_llama2_7b_lm_eval_group1_completion/results/2026-04-02_203019_03_dyn_sq_pinn_fp_d32_group1,,0.7423891510242181,0.7377946127946128,0.7597092212706632,0.7861806311207835,0.6858721389108129
Llama-2-7b-hf,lm,int8,dyn_sq,pinn_fp,pinn8,end2endacc_llama2_7b_lm_eval_group1_completion,${SOURCE_ROOT}/experiments/end2endacc_llama2_7b_lm_eval_group1_completion/results/2026-04-02_203019_01_dyn_sq_pinn_fp_d8_group1,${SOURCE_ROOT}/experiments/end2endacc_all_in_one/collected/end2endacc_llama2_7b_lm_eval_group1_completion/results/2026-04-02_203019_01_dyn_sq_pinn_fp_d8_group1,,0.7426149510374492,0.7390572390572391,0.7577175861382195,0.7878128400435256,0.6858721389108129
Llama-2-7b-hf,lm,int8,dyn_sq,pinn_w8a8,pinn16,end2endacc_llama2_7b_w8a8_pinn_ablation,${SOURCE_ROOT}/experiments/end2endacc_llama2_7b_w8a8_pinn_ablation/results/2026-04-02_160937_06_dyn_sq_pinn_w8a8,${SOURCE_ROOT}/experiments/end2endacc_all_in_one/collected/end2endacc_llama2_7b_w8a8_pinn_ablation/results/2026-04-02_160937_06_dyn_sq_pinn_w8a8,,0.7446893747968304,0.7403198653198653,0.755825532762398,0.7872687704026116,0.6953433307024467
Llama-2-7b-hf,lm,int8,dyn_sq,pinn_w8a8,pinn32,end2endacc_llama2_7b_lm_eval_group1_completion,${SOURCE_ROOT}/experiments/end2endacc_llama2_7b_lm_eval_group1_completion/results/2026-04-02_203019_04_dyn_sq_pinn_w8a8_d32_group1,${SOURCE_ROOT}/experiments/end2endacc_all_in_one/collected/end2endacc_llama2_7b_lm_eval_group1_completion/results/2026-04-02_203019_04_dyn_sq_pinn_w8a8_d32_group1,,0.7435533556689392,0.7403198653198653,0.755825532762398,0.7850924918389554,0.6929755327545383
Llama-2-7b-hf,lm,int8,dyn_sq,pinn_w8a8,pinn8,end2endacc_llama2_7b_lm_eval_group1_completion,${SOURCE_ROOT}/experiments/end2endacc_llama2_7b_lm_eval_group1_completion/results/2026-04-02_203019_02_dyn_sq_pinn_w8a8_d8_group1,${SOURCE_ROOT}/experiments/end2endacc_all_in_one/collected/end2endacc_llama2_7b_lm_eval_group1_completion/results/2026-04-02_203019_02_dyn_sq_pinn_w8a8_d8_group1,,0.7407229884674718,0.7428451178451179,0.7563234415455089,0.7889009793253536,0.6748224151539068
Llama-2-7b-hf,lm,int8,static_sq,exact,exact,end2endacc_llama2_7b_w8a8_pinn_ablation,${SOURCE_ROOT}/experiments/end2endacc_llama2_7b_w8a8_pinn_ablation/results/2026-04-02_155051_10_static_sq_baseline,${SOURCE_ROOT}/experiments/end2endacc_all_in_one/collected/end2endacc_llama2_7b_w8a8_pinn_ablation/results/2026-04-02_155051_10_static_sq_baseline,,0.7399642381661665,0.7382154882154882,0.7538338976299542,0.7850924918389554,0.6827150749802684
Llama-2-7b-hf,lm,int8,static_sq,pinn_fp,pinn16,end2endacc_llama2_7b_w8a8_pinn_ablation,${SOURCE_ROOT}/experiments/end2endacc_llama2_7b_w8a8_pinn_ablation/results/2026-04-02_160937_11_static_sq_pinn_fp,${SOURCE_ROOT}/experiments/end2endacc_all_in_one/collected/end2endacc_llama2_7b_w8a8_pinn_ablation/results/2026-04-02_160937_11_static_sq_pinn_fp,,0.7405007276689045,0.7377946127946128,0.7543318064130651,0.7840043525571273,0.6858721389108129
Llama-2-7b-hf,lm,int8,static_sq,pinn_fp,pinn32,end2endacc_llama2_7b_lm_eval_group1_completion,${SOURCE_ROOT}/experiments/end2endacc_llama2_7b_lm_eval_group1_completion/results/2026-04-02_204158_07_static_sq_pinn_fp_d32_group1,${SOURCE_ROOT}/experiments/end2endacc_all_in_one/collected/end2endacc_llama2_7b_lm_eval_group1_completion/results/2026-04-02_204158_07_static_sq_pinn_fp_d32_group1,,0.7399559880055435,0.7403198653198653,0.7522405895239992,0.7845484221980413,0.6827150749802684
Llama-2-7b-hf,lm,int8,static_sq,pinn_fp,pinn8,end2endacc_llama2_7b_lm_eval_group1_completion,${SOURCE_ROOT}/experiments/end2endacc_llama2_7b_lm_eval_group1_completion/results/2026-04-02_204158_05_static_sq_pinn_fp_d8_group1,${SOURCE_ROOT}/experiments/end2endacc_all_in_one/collected/end2endacc_llama2_7b_lm_eval_group1_completion/results/2026-04-02_204158_05_static_sq_pinn_fp_d8_group1,,0.741005029660293,0.7369528619528619,0.7525393347938658,0.7894450489662677,0.6850828729281768
Llama-2-7b-hf,lm,int8,static_sq,pinn_w8a8,pinn16,end2endacc_llama2_7b_w8a8_pinn_ablation,${SOURCE_ROOT}/experiments/end2endacc_llama2_7b_w8a8_pinn_ablation/results/2026-04-02_160937_12_static_sq_pinn_w8a8,${SOURCE_ROOT}/experiments/end2endacc_all_in_one/collected/end2endacc_llama2_7b_w8a8_pinn_ablation/results/2026-04-02_160937_12_static_sq_pinn_w8a8,,0.7415337370461069,0.7373737373737373,0.7507468631746664,0.7834602829162133,0.6945540647198106
Llama-2-7b-hf,lm,int8,static_sq,pinn_w8a8,pinn32,end2endacc_llama2_7b_lm_eval_group1_completion,${SOURCE_ROOT}/experiments/end2endacc_llama2_7b_lm_eval_group1_completion/results/2026-04-02_204158_08_static_sq_pinn_w8a8_d32_group1,${SOURCE_ROOT}/experiments/end2endacc_all_in_one/collected/end2endacc_llama2_7b_lm_eval_group1_completion/results/2026-04-02_204158_08_static_sq_pinn_w8a8_d32_group1,,0.7399218085670154,0.7344276094276094,0.7500497908783111,0.7861806311207835,0.6890292028413575
Llama-2-7b-hf,lm,int8,static_sq,pinn_w8a8,pinn8,end2endacc_llama2_7b_lm_eval_group1_completion,${SOURCE_ROOT}/experiments/end2endacc_llama2_7b_lm_eval_group1_completion/results/2026-04-02_204158_06_static_sq_pinn_w8a8_d8_group1,${SOURCE_ROOT}/experiments/end2endacc_all_in_one/collected/end2endacc_llama2_7b_lm_eval_group1_completion/results/2026-04-02_204158_06_static_sq_pinn_w8a8_d8_group1,,0.7395803793687049,0.7411616161616161,0.7502489543915555,0.7818280739934712,0.6850828729281768
Llama-2-7b-hf,ppl,fp16,fp16,exact,exact,end2endacc_llama2_7b_int8_ppl,${SOURCE_ROOT}/experiments/end2endacc_llama2_7b_int8_ppl/results/2026-04-02_033500_exact_wikitext2_raw,${SOURCE_ROOT}/experiments/end2endacc_all_in_one/collected/end2endacc_llama2_7b_int8_ppl/results/2026-04-02_033500_exact_wikitext2_raw,5.4737761654406745,,,,,
Llama-2-7b-hf,ppl,fp16,fp16,pinn_fp,pinn16,end2endacc_llama2_7b_int8_ppl,${SOURCE_ROOT}/experiments/end2endacc_llama2_7b_int8_ppl/results/2026-04-02_035755_pinn_exact_dim16,${SOURCE_ROOT}/experiments/end2endacc_all_in_one/collected/end2endacc_llama2_7b_int8_ppl/results/2026-04-02_035755_pinn_exact_dim16,5.476649061862768,,,,,
Llama-2-7b-hf,ppl,fp16,fp16,pinn_fp,pinn32,end2endacc_llama2_7b_int8_ppl,${SOURCE_ROOT}/experiments/end2endacc_llama2_7b_int8_ppl/results/2026-04-02_035755_pinn_exact_dim32,${SOURCE_ROOT}/experiments/end2endacc_all_in_one/collected/end2endacc_llama2_7b_int8_ppl/results/2026-04-02_035755_pinn_exact_dim32,5.475514622171294,,,,,
Llama-2-7b-hf,ppl,fp16,fp16,pinn_fp,pinn8,end2endacc_llama2_7b_int8_ppl,${SOURCE_ROOT}/experiments/end2endacc_llama2_7b_int8_ppl/results/2026-04-02_035755_pinn_exact_dim8,${SOURCE_ROOT}/experiments/end2endacc_all_in_one/collected/end2endacc_llama2_7b_int8_ppl/results/2026-04-02_035755_pinn_exact_dim8,5.508903230126065,,,,,
Llama-2-7b-hf,ppl,fp8,dyn_sq,exact,exact,end2endacc_llama2_7b_w8a8_pinn_ablation,${SOURCE_ROOT}/experiments/end2endacc_llama2_7b_w8a8_pinn_ablation/results/2026-04-04_154041_04_dyn_sq_exact_fp8,${SOURCE_ROOT}/experiments/end2endacc_all_in_one/collected/end2endacc_llama2_7b_w8a8_pinn_ablation/results/2026-04-04_154041_04_dyn_sq_exact_fp8,5.48885789942843,,,,,
Llama-2-7b-hf,ppl,fp8,dyn_sq,pinn_fp,pinn16,end2endacc_llama2_7b_w8a8_pinn_ablation,${SOURCE_ROOT}/experiments/end2endacc_llama2_7b_w8a8_pinn_ablation/results/2026-04-04_154041_05_dyn_sq_pinn_fp_fp8,${SOURCE_ROOT}/experiments/end2endacc_all_in_one/collected/end2endacc_llama2_7b_w8a8_pinn_ablation/results/2026-04-04_154041_05_dyn_sq_pinn_fp_fp8,5.491738143276611,,,,,
Llama-2-7b-hf,ppl,fp8,dyn_sq,pinn_fp,pinn32,end2endacc_llama2_7b_pinn_dim_ablation,${SOURCE_ROOT}/experiments/end2endacc_llama2_7b_pinn_dim_ablation/results/2026-04-04_154041_03_dyn_sq_pinn_fp_d32_fp8,${SOURCE_ROOT}/experiments/end2endacc_all_in_one/collected/end2endacc_llama2_7b_pinn_dim_ablation/results/2026-04-04_154041_03_dyn_sq_pinn_fp_d32_fp8,5.493777842641765,,,,,
Llama-2-7b-hf,ppl,fp8,dyn_sq,pinn_fp,pinn8,end2endacc_llama2_7b_pinn_dim_ablation,${SOURCE_ROOT}/experiments/end2endacc_llama2_7b_pinn_dim_ablation/results/2026-04-04_154041_01_dyn_sq_pinn_fp_d8_fp8,${SOURCE_ROOT}/experiments/end2endacc_all_in_one/collected/end2endacc_llama2_7b_pinn_dim_ablation/results/2026-04-04_154041_01_dyn_sq_pinn_fp_d8_fp8,5.5272798970387,,,,,
Llama-2-7b-hf,ppl,fp8,dyn_sq,pinn_fp8,pinn16,end2endacc_llama2_7b_w8a8_pinn_ablation,${SOURCE_ROOT}/experiments/end2endacc_llama2_7b_w8a8_pinn_ablation/results/2026-04-04_065638_06_dyn_sq_pinn_fp8,${SOURCE_ROOT}/experiments/end2endacc_all_in_one/collected/end2endacc_llama2_7b_w8a8_pinn_ablation/results/2026-04-04_065638_06_dyn_sq_pinn_fp8,5.551051009535271,,,,,
Llama-2-7b-hf,ppl,fp8,dyn_sq,pinn_fp8,pinn32,end2endacc_llama2_7b_pinn_dim_ablation,${SOURCE_ROOT}/experiments/end2endacc_llama2_7b_pinn_dim_ablation/results/2026-04-04_045058_04_dyn_sq_pinn_fp8_d32,${SOURCE_ROOT}/experiments/end2endacc_all_in_one/collected/end2endacc_llama2_7b_pinn_dim_ablation/results/2026-04-04_045058_04_dyn_sq_pinn_fp8_d32,5.549579957341854,,,,,
Llama-2-7b-hf,ppl,fp8,dyn_sq,pinn_fp8,pinn8,end2endacc_llama2_7b_pinn_dim_ablation,${SOURCE_ROOT}/experiments/end2endacc_llama2_7b_pinn_dim_ablation/results/2026-04-04_045058_02_dyn_sq_pinn_fp8_d8,${SOURCE_ROOT}/experiments/end2endacc_all_in_one/collected/end2endacc_llama2_7b_pinn_dim_ablation/results/2026-04-04_045058_02_dyn_sq_pinn_fp8_d8,5.609648062728271,,,,,
Llama-2-7b-hf,ppl,fp8,static_sq,exact,exact,end2endacc_llama2_7b_w8a8_pinn_ablation,${SOURCE_ROOT}/experiments/end2endacc_llama2_7b_w8a8_pinn_ablation/results/2026-04-04_154041_10_static_sq_exact_fp8,${SOURCE_ROOT}/experiments/end2endacc_all_in_one/collected/end2endacc_llama2_7b_w8a8_pinn_ablation/results/2026-04-04_154041_10_static_sq_exact_fp8,5.53677824402464,,,,,
Llama-2-7b-hf,ppl,fp8,static_sq,pinn_fp,pinn16,end2endacc_llama2_7b_w8a8_pinn_ablation,${SOURCE_ROOT}/experiments/end2endacc_llama2_7b_w8a8_pinn_ablation/results/2026-04-04_154041_11_static_sq_pinn_fp_fp8,${SOURCE_ROOT}/experiments/end2endacc_all_in_one/collected/end2endacc_llama2_7b_w8a8_pinn_ablation/results/2026-04-04_154041_11_static_sq_pinn_fp_fp8,5.538806650002035,,,,,
Llama-2-7b-hf,ppl,fp8,static_sq,pinn_fp,pinn32,end2endacc_llama2_7b_pinn_dim_ablation,${SOURCE_ROOT}/experiments/end2endacc_llama2_7b_pinn_dim_ablation/results/2026-04-04_154041_07_static_sq_pinn_fp_d32_fp8,${SOURCE_ROOT}/experiments/end2endacc_all_in_one/collected/end2endacc_llama2_7b_pinn_dim_ablation/results/2026-04-04_154041_07_static_sq_pinn_fp_d32_fp8,5.541552755291259,,,,,
Llama-2-7b-hf,ppl,fp8,static_sq,pinn_fp,pinn8,end2endacc_llama2_7b_pinn_dim_ablation,${SOURCE_ROOT}/experiments/end2endacc_llama2_7b_pinn_dim_ablation/results/2026-04-04_154041_05_static_sq_pinn_fp_d8_fp8,${SOURCE_ROOT}/experiments/end2endacc_all_in_one/collected/end2endacc_llama2_7b_pinn_dim_ablation/results/2026-04-04_154041_05_static_sq_pinn_fp_d8_fp8,5.574642198254586,,,,,
Llama-2-7b-hf,ppl,fp8,static_sq,pinn_fp8,pinn16,end2endacc_llama2_7b_w8a8_pinn_ablation,${SOURCE_ROOT}/experiments/end2endacc_llama2_7b_w8a8_pinn_ablation/results/2026-04-04_045058_12_static_sq_pinn_fp8,${SOURCE_ROOT}/experiments/end2endacc_all_in_one/collected/end2endacc_llama2_7b_w8a8_pinn_ablation/results/2026-04-04_045058_12_static_sq_pinn_fp8,5.604102049497389,,,,,
Llama-2-7b-hf,ppl,fp8,static_sq,pinn_fp8,pinn32,end2endacc_llama2_7b_pinn_dim_ablation,${SOURCE_ROOT}/experiments/end2endacc_llama2_7b_pinn_dim_ablation/results/2026-04-04_045058_08_static_sq_pinn_fp8_d32,${SOURCE_ROOT}/experiments/end2endacc_all_in_one/collected/end2endacc_llama2_7b_pinn_dim_ablation/results/2026-04-04_045058_08_static_sq_pinn_fp8_d32,5.606922826468299,,,,,
Llama-2-7b-hf,ppl,fp8,static_sq,pinn_fp8,pinn8,end2endacc_llama2_7b_pinn_dim_ablation,${SOURCE_ROOT}/experiments/end2endacc_llama2_7b_pinn_dim_ablation/results/2026-04-04_045058_06_static_sq_pinn_fp8_d8,${SOURCE_ROOT}/experiments/end2endacc_all_in_one/collected/end2endacc_llama2_7b_pinn_dim_ablation/results/2026-04-04_045058_06_static_sq_pinn_fp8_d8,5.665413909019979,,,,,
Llama-2-7b-hf,ppl,int8,dyn_sq,exact,exact,end2endacc_llama2_7b_w8a8_pinn_ablation,${SOURCE_ROOT}/experiments/end2endacc_llama2_7b_w8a8_pinn_ablation/results/2026-04-02_153204_04_dyn_sq_baseline,${SOURCE_ROOT}/experiments/end2endacc_all_in_one/collected/end2endacc_llama2_7b_w8a8_pinn_ablation/results/2026-04-02_153204_04_dyn_sq_baseline,5.505856645747699,,,,,
Llama-2-7b-hf,ppl,int8,dyn_sq,pinn_fp,pinn16,end2endacc_llama2_7b_w8a8_pinn_ablation,${SOURCE_ROOT}/experiments/end2endacc_llama2_7b_w8a8_pinn_ablation/results/2026-04-02_153500_05_dyn_sq_pinn_fp,${SOURCE_ROOT}/experiments/end2endacc_all_in_one/collected/end2endacc_llama2_7b_w8a8_pinn_ablation/results/2026-04-02_153500_05_dyn_sq_pinn_fp,5.507543671550495,,,,,
Llama-2-7b-hf,ppl,int8,dyn_sq,pinn_fp,pinn32,end2endacc_llama2_7b_pinn_dim_ablation,${SOURCE_ROOT}/experiments/end2endacc_llama2_7b_pinn_dim_ablation/results/2026-04-02_190845_03_dyn_sq_pinn_fp_d32,${SOURCE_ROOT}/experiments/end2endacc_all_in_one/collected/end2endacc_llama2_7b_pinn_dim_ablation/results/2026-04-02_190845_03_dyn_sq_pinn_fp_d32,5.50752891175566,,,,,
Llama-2-7b-hf,ppl,int8,dyn_sq,pinn_fp,pinn8,end2endacc_llama2_7b_pinn_dim_ablation,${SOURCE_ROOT}/experiments/end2endacc_llama2_7b_pinn_dim_ablation/results/2026-04-02_190845_01_dyn_sq_pinn_fp_d8,${SOURCE_ROOT}/experiments/end2endacc_all_in_one/collected/end2endacc_llama2_7b_pinn_dim_ablation/results/2026-04-02_190845_01_dyn_sq_pinn_fp_d8,5.537404917308275,,,,,
Llama-2-7b-hf,ppl,int8,dyn_sq,pinn_w8a8,pinn16,end2endacc_llama2_7b_w8a8_pinn_ablation,${SOURCE_ROOT}/experiments/end2endacc_llama2_7b_w8a8_pinn_ablation/results/2026-04-02_154459_06_dyn_sq_pinn_w8a8,${SOURCE_ROOT}/experiments/end2endacc_all_in_one/collected/end2endacc_llama2_7b_w8a8_pinn_ablation/results/2026-04-02_154459_06_dyn_sq_pinn_w8a8,5.629896488711254,,,,,
Llama-2-7b-hf,ppl,int8,dyn_sq,pinn_w8a8,pinn32,end2endacc_llama2_7b_pinn_dim_ablation,${SOURCE_ROOT}/experiments/end2endacc_llama2_7b_pinn_dim_ablation/results/2026-04-02_190845_04_dyn_sq_pinn_w8a8_d32,${SOURCE_ROOT}/experiments/end2endacc_all_in_one/collected/end2endacc_llama2_7b_pinn_dim_ablation/results/2026-04-02_190845_04_dyn_sq_pinn_w8a8_d32,5.618236120458099,,,,,
Llama-2-7b-hf,ppl,int8,dyn_sq,pinn_w8a8,pinn8,end2endacc_llama2_7b_pinn_dim_ablation,${SOURCE_ROOT}/experiments/end2endacc_llama2_7b_pinn_dim_ablation/results/2026-04-02_190845_02_dyn_sq_pinn_w8a8_d8,${SOURCE_ROOT}/experiments/end2endacc_all_in_one/collected/end2endacc_llama2_7b_pinn_dim_ablation/results/2026-04-02_190845_02_dyn_sq_pinn_w8a8_d8,5.617957179172109,,,,,
Llama-2-7b-hf,ppl,int8,static_sq,exact,exact,end2endacc_llama2_7b_w8a8_pinn_ablation,${SOURCE_ROOT}/experiments/end2endacc_llama2_7b_w8a8_pinn_ablation/results/2026-04-02_153204_10_static_sq_baseline,${SOURCE_ROOT}/experiments/end2endacc_all_in_one/collected/end2endacc_llama2_7b_w8a8_pinn_ablation/results/2026-04-02_153204_10_static_sq_baseline,5.562552688899083,,,,,
Llama-2-7b-hf,ppl,int8,static_sq,pinn_fp,pinn16,end2endacc_llama2_7b_w8a8_pinn_ablation,${SOURCE_ROOT}/experiments/end2endacc_llama2_7b_w8a8_pinn_ablation/results/2026-04-02_153500_11_static_sq_pinn_fp,${SOURCE_ROOT}/experiments/end2endacc_all_in_one/collected/end2endacc_llama2_7b_w8a8_pinn_ablation/results/2026-04-02_153500_11_static_sq_pinn_fp,5.565977880883398,,,,,
Llama-2-7b-hf,ppl,int8,static_sq,pinn_fp,pinn32,end2endacc_llama2_7b_pinn_dim_ablation,${SOURCE_ROOT}/experiments/end2endacc_llama2_7b_pinn_dim_ablation/results/2026-04-02_192211_07_static_sq_pinn_fp_d32,${SOURCE_ROOT}/experiments/end2endacc_all_in_one/collected/end2endacc_llama2_7b_pinn_dim_ablation/results/2026-04-02_192211_07_static_sq_pinn_fp_d32,5.565050293199688,,,,,
Llama-2-7b-hf,ppl,int8,static_sq,pinn_fp,pinn8,end2endacc_llama2_7b_pinn_dim_ablation,${SOURCE_ROOT}/experiments/end2endacc_llama2_7b_pinn_dim_ablation/results/2026-04-02_192211_05_static_sq_pinn_fp_d8,${SOURCE_ROOT}/experiments/end2endacc_all_in_one/collected/end2endacc_llama2_7b_pinn_dim_ablation/results/2026-04-02_192211_05_static_sq_pinn_fp_d8,5.596171473988826,,,,,
Llama-2-7b-hf,ppl,int8,static_sq,pinn_w8a8,pinn16,end2endacc_llama2_7b_w8a8_pinn_ablation,${SOURCE_ROOT}/experiments/end2endacc_llama2_7b_w8a8_pinn_ablation/results/2026-04-02_154715_12_static_sq_pinn_w8a8,${SOURCE_ROOT}/experiments/end2endacc_all_in_one/collected/end2endacc_llama2_7b_w8a8_pinn_ablation/results/2026-04-02_154715_12_static_sq_pinn_w8a8,5.697088620709483,,,,,
Llama-2-7b-hf,ppl,int8,static_sq,pinn_w8a8,pinn32,end2endacc_llama2_7b_pinn_dim_ablation,${SOURCE_ROOT}/experiments/end2endacc_llama2_7b_pinn_dim_ablation/results/2026-04-02_192211_08_static_sq_pinn_w8a8_d32,${SOURCE_ROOT}/experiments/end2endacc_all_in_one/collected/end2endacc_llama2_7b_pinn_dim_ablation/results/2026-04-02_192211_08_static_sq_pinn_w8a8_d32,5.687801129024639,,,,,
Llama-2-7b-hf,ppl,int8,static_sq,pinn_w8a8,pinn8,end2endacc_llama2_7b_pinn_dim_ablation,${SOURCE_ROOT}/experiments/end2endacc_llama2_7b_pinn_dim_ablation/results/2026-04-02_192211_06_static_sq_pinn_w8a8_d8,${SOURCE_ROOT}/experiments/end2endacc_all_in_one/collected/end2endacc_llama2_7b_pinn_dim_ablation/results/2026-04-02_192211_06_static_sq_pinn_w8a8_d8,5.68094312552613,,,,,
Llama-3-8b,lm,fp16,fp16,exact,exact,end2endacc_llama3_8b_int8_lm_eval,${SOURCE_ROOT}/experiments/end2endacc_llama3_8b_int8_lm_eval/results/2026-04-03_205105_00_exact_group1,${SOURCE_ROOT}/experiments/end2endacc_all_in_one/collected/end2endacc_llama3_8b_int8_lm_eval/results/2026-04-03_205105_00_exact_group1,,0.7761237992607539,0.7769360269360269,0.7914758016331408,0.8052230685527747,0.7308602999210734
Llama-3-8b,lm,fp16,fp16,pinn_fp,pinn16,end2endacc_llama3_8b_int8_lm_eval,${SOURCE_ROOT}/experiments/end2endacc_llama3_8b_int8_lm_eval/results/2026-04-03_211518_16_exact_pinn_dim16_group1,${SOURCE_ROOT}/experiments/end2endacc_all_in_one/collected/end2endacc_llama3_8b_int8_lm_eval/results/2026-04-03_211518_16_exact_pinn_dim16_group1,,0.7761794612475879,0.7765151515151515,0.7918741286596296,0.8046789989118607,0.7316495659037096
Llama-3-8b,lm,fp16,fp16,pinn_fp,pinn32,end2endacc_llama3_8b_int8_lm_eval,${SOURCE_ROOT}/experiments/end2endacc_llama3_8b_int8_lm_eval/results/2026-04-03_211518_17_exact_pinn_dim32_group1,${SOURCE_ROOT}/experiments/end2endacc_all_in_one/collected/end2endacc_llama3_8b_int8_lm_eval/results/2026-04-03_211518_17_exact_pinn_dim32_group1,,0.7774414005836525,0.7781986531986532,0.7913762198765186,0.8101196953210011,0.7300710339384373
Llama-3-8b,lm,fp16,fp16,pinn_fp,pinn8,end2endacc_llama3_8b_int8_lm_eval,${SOURCE_ROOT}/experiments/end2endacc_llama3_8b_int8_lm_eval/results/2026-04-03_211518_15_exact_pinn_dim8_group1,${SOURCE_ROOT}/experiments/end2endacc_all_in_one/collected/end2endacc_llama3_8b_int8_lm_eval/results/2026-04-03_211518_15_exact_pinn_dim8_group1,,0.7762697758851054,0.7760942760942761,0.790479984066919,0.8068552774755169,0.7316495659037096
Llama-3-8b,lm,fp8,dyn_sq,exact,exact,end2endacc_llama3_8b_int8_lm_eval,${SOURCE_ROOT}/experiments/end2endacc_llama3_8b_int8_lm_eval/results/2026-04-04_173533_01_dyn_sq_exact_fp8_group1,${SOURCE_ROOT}/experiments/end2endacc_all_in_one/collected/end2endacc_llama3_8b_int8_lm_eval/results/2026-04-04_173533_01_dyn_sq_exact_fp8_group1,,0.7767200708871039,0.7760942760942761,0.7889862577175861,0.8030467899891186,0.7387529597474349
Llama-3-8b,lm,fp8,dyn_sq,pinn_fp,pinn16,end2endacc_llama3_8b_int8_lm_eval,${SOURCE_ROOT}/experiments/end2endacc_llama3_8b_int8_lm_eval/results/2026-04-04_173533_04_dyn_sq_pinn_fp_d16_fp8_group1,${SOURCE_ROOT}/experiments/end2endacc_all_in_one/collected/end2endacc_llama3_8b_int8_lm_eval/results/2026-04-04_173533_04_dyn_sq_pinn_fp_d16_fp8_group1,,0.7736545725624846,0.7773569023569024,0.788388767177853,0.8019586507072906,0.7269139700078927
Llama-3-8b,lm,fp8,dyn_sq,pinn_fp8,pinn16,end2endacc_llama3_8b_int8_lm_eval,${SOURCE_ROOT}/experiments/end2endacc_llama3_8b_int8_lm_eval/results/2026-04-04_052056_05_dyn_sq_pinn_fp8_d16_group1,${SOURCE_ROOT}/experiments/end2endacc_all_in_one/collected/end2endacc_llama3_8b_int8_lm_eval/results/2026-04-04_052056_05_dyn_sq_pinn_fp8_d16_group1,,0.7713695562721591,0.7714646464646465,0.7847042421828321,0.7992383025027203,0.7300710339384373
Llama-3-8b,lm,fp8,static_sq,exact,exact,end2endacc_llama3_8b_int8_lm_eval,${SOURCE_ROOT}/experiments/end2endacc_llama3_8b_int8_lm_eval/results/2026-04-04_173612_08_static_sq_exact_fp8_group1,${SOURCE_ROOT}/experiments/end2endacc_all_in_one/collected/end2endacc_llama3_8b_int8_lm_eval/results/2026-04-04_173612_08_static_sq_exact_fp8_group1,,0.768912401846702,0.7706228956228957,0.7798247361083449,0.794341675734494,0.7308602999210734
Llama-3-8b,lm,fp8,static_sq,pinn_fp,pinn16,end2endacc_llama3_8b_int8_lm_eval,${SOURCE_ROOT}/experiments/end2endacc_llama3_8b_int8_lm_eval/results/2026-04-04_173737_11_static_sq_pinn_fp_d16_fp8_group1,${SOURCE_ROOT}/experiments/end2endacc_all_in_one/collected/end2endacc_llama3_8b_int8_lm_eval/results/2026-04-04_173737_11_static_sq_pinn_fp_d16_fp8_group1,,0.7707260009443101,0.7723063973063973,0.7796255725951006,0.79379760609358,0.7371744277821626
Llama-3-8b,lm,fp8,static_sq,pinn_fp,pinn32,end2endacc_llama3_8b_lm_eval_group1_completion,${SOURCE_ROOT}/experiments/end2endacc_llama3_8b_lm_eval_group1_completion/results/2026-04-04_174333_07_static_sq_pinn_fp_d32_fp8_group1,${SOURCE_ROOT}/experiments/end2endacc_all_in_one/collected/end2endacc_llama3_8b_lm_eval_group1_completion/results/2026-04-04_174333_07_static_sq_pinn_fp_d32_fp8_group1,,0.7688957414649528,0.7744107744107744,0.7800238996215894,0.7910772578890098,0.7300710339384373
Llama-3-8b,lm,fp8,static_sq,pinn_fp8,pinn16,end2endacc_llama3_8b_int8_lm_eval,${SOURCE_ROOT}/experiments/end2endacc_llama3_8b_int8_lm_eval/results/2026-04-04_054153_12_static_sq_pinn_fp8_d16_group1,${SOURCE_ROOT}/experiments/end2endacc_all_in_one/collected/end2endacc_llama3_8b_int8_lm_eval/results/2026-04-04_054153_12_static_sq_pinn_fp8_d16_group1,,0.7655007464736985,0.7710437710437711,0.7754431388169687,0.7878128400435256,0.7277032359905288
Llama-3-8b,lm,fp8,static_sq,pinn_fp8,pinn32,end2endacc_llama3_8b_lm_eval_group1_completion,${SOURCE_ROOT}/experiments/end2endacc_llama3_8b_lm_eval_group1_completion/results/2026-04-04_174402_08_static_sq_pinn_fp8_d32_group1,${SOURCE_ROOT}/experiments/end2endacc_all_in_one/collected/end2endacc_llama3_8b_lm_eval_group1_completion/results/2026-04-04_174402_08_static_sq_pinn_fp8_d32_group1,,0.7683446609200122,0.7680976430976431,0.7756423023302131,0.7932535364526659,0.7363851617995264
Llama-3-8b,lm,int8,dyn_sq,exact,exact,end2endacc_llama3_8b_int8_lm_eval,${SOURCE_ROOT}/experiments/end2endacc_llama3_8b_int8_lm_eval/results/2026-04-03_214254_01_dyn_sq_baseline_group1,${SOURCE_ROOT}/experiments/end2endacc_all_in_one/collected/end2endacc_llama3_8b_int8_lm_eval/results/2026-04-03_214254_01_dyn_sq_baseline_group1,,0.7747804135933902,0.7735690235690236,0.7881896036646087,0.8041349292709467,0.7332280978689818
Llama-3-8b,lm,int8,dyn_sq,pinn_fp,pinn16,end2endacc_llama3_8b_int8_lm_eval,${SOURCE_ROOT}/experiments/end2endacc_llama3_8b_int8_lm_eval/results/2026-04-03_214254_04_dyn_sq_pinn_fp_d16_group1,${SOURCE_ROOT}/experiments/end2endacc_all_in_one/collected/end2endacc_llama3_8b_int8_lm_eval/results/2026-04-03_214254_04_dyn_sq_pinn_fp_d16_group1,,0.772751490627972,0.773989898989899,0.7886875124477196,0.8014145810663765,0.7269139700078927
Llama-3-8b,lm,int8,dyn_sq,pinn_fp,pinn32,end2endacc_llama3_8b_lm_eval_group1_completion,${SOURCE_ROOT}/experiments/end2endacc_llama3_8b_lm_eval_group1_completion/results/2026-04-03_174528_03_dyn_sq_pinn_fp_d32_group1,${SOURCE_ROOT}/experiments/end2endacc_all_in_one/collected/end2endacc_llama3_8b_lm_eval_group1_completion/results/2026-04-03_174528_03_dyn_sq_pinn_fp_d32_group1,,0.7736088848929904,0.7710437710437711,0.7882891854212308,0.8073993471164309,0.7277032359905288
Llama-3-8b,lm,int8,dyn_sq,pinn_fp,pinn8,end2endacc_llama3_8b_lm_eval_group1_completion,${SOURCE_ROOT}/experiments/end2endacc_llama3_8b_lm_eval_group1_completion/results/2026-04-03_174528_01_dyn_sq_pinn_fp_d8_group1,${SOURCE_ROOT}/experiments/end2endacc_all_in_one/collected/end2endacc_llama3_8b_lm_eval_group1_completion/results/2026-04-03_174528_01_dyn_sq_pinn_fp_d8_group1,,0.7734302796001586,0.7781986531986532,0.7868950408285202,0.8025027203482046,0.7261247040252565
Llama-3-8b,lm,int8,dyn_sq,pinn_w8a8,pinn16,end2endacc_llama3_8b_int8_lm_eval,${SOURCE_ROOT}/experiments/end2endacc_llama3_8b_int8_lm_eval/results/2026-04-03_214254_05_dyn_sq_pinn_w8a8_d16_group1,${SOURCE_ROOT}/experiments/end2endacc_all_in_one/collected/end2endacc_llama3_8b_int8_lm_eval/results/2026-04-03_214254_05_dyn_sq_pinn_w8a8_d16_group1,,0.7676205731087641,0.7605218855218855,0.7835092611033658,0.8003264417845484,0.7261247040252565
Llama-3-8b,lm,int8,dyn_sq,pinn_w8a8,pinn32,end2endacc_llama3_8b_lm_eval_group1_completion,${SOURCE_ROOT}/experiments/end2endacc_llama3_8b_lm_eval_group1_completion/results/2026-04-03_174528_04_dyn_sq_pinn_w8a8_d32_group1,${SOURCE_ROOT}/experiments/end2endacc_all_in_one/collected/end2endacc_llama3_8b_lm_eval_group1_completion/results/2026-04-03_174528_04_dyn_sq_pinn_w8a8_d32_group1,,0.7642920410416884,0.7626262626262627,0.7862975502887871,0.7986942328618063,0.7095501183898973
Llama-3-8b,lm,int8,dyn_sq,pinn_w8a8,pinn8,end2endacc_llama3_8b_lm_eval_group1_completion,${SOURCE_ROOT}/experiments/end2endacc_llama3_8b_lm_eval_group1_completion/results/2026-04-03_174528_02_dyn_sq_pinn_w8a8_d8_group1,${SOURCE_ROOT}/experiments/end2endacc_all_in_one/collected/end2endacc_llama3_8b_lm_eval_group1_completion/results/2026-04-03_174528_02_dyn_sq_pinn_w8a8_d8_group1,,0.7673302968823832,0.7630471380471381,0.7851025692093209,0.7997823721436343,0.7213891081294396
Llama-3-8b,lm,int8,static_sq,exact,exact,end2endacc_llama3_8b_int8_lm_eval,${SOURCE_ROOT}/experiments/end2endacc_llama3_8b_int8_lm_eval/results/2026-04-03_214254_08_static_sq_baseline_group1,${SOURCE_ROOT}/experiments/end2endacc_all_in_one/collected/end2endacc_llama3_8b_int8_lm_eval/results/2026-04-03_214254_08_static_sq_baseline_group1,,0.7672924403366457,0.7634680134680135,0.7778331009759012,0.795429815016322,0.7324388318863457
Llama-3-8b,lm,int8,static_sq,pinn_fp,pinn16,end2endacc_llama3_8b_int8_lm_eval,${SOURCE_ROOT}/experiments/end2endacc_llama3_8b_int8_lm_eval/results/2026-04-03_214254_11_static_sq_pinn_fp_d16_group1,${SOURCE_ROOT}/experiments/end2endacc_all_in_one/collected/end2endacc_llama3_8b_int8_lm_eval/results/2026-04-03_214254_11_static_sq_pinn_fp_d16_group1,,0.7664374791797833,0.7655723905723906,0.7763393746265684,0.8008705114254625,0.7229676400947119
Llama-3-8b,lm,int8,static_sq,pinn_fp,pinn32,end2endacc_llama3_8b_lm_eval_group1_completion,${SOURCE_ROOT}/experiments/end2endacc_llama3_8b_lm_eval_group1_completion/results/2026-04-03_174528_07_static_sq_pinn_fp_d32_group1,${SOURCE_ROOT}/experiments/end2endacc_all_in_one/collected/end2endacc_llama3_8b_lm_eval_group1_completion/results/2026-04-03_174528_07_static_sq_pinn_fp_d32_group1,,0.7681035946259815,0.7664141414141414,0.7787293367855009,0.7932535364526659,0.734017363851618
Llama-3-8b,lm,int8,static_sq,pinn_fp,pinn8,end2endacc_llama3_8b_lm_eval_group1_completion,${SOURCE_ROOT}/experiments/end2endacc_llama3_8b_lm_eval_group1_completion/results/2026-04-03_174528_05_static_sq_pinn_fp_d8_group1,${SOURCE_ROOT}/experiments/end2endacc_all_in_one/collected/end2endacc_llama3_8b_lm_eval_group1_completion/results/2026-04-03_174528_05_static_sq_pinn_fp_d8_group1,,0.7659218441688421,0.7613636363636364,0.7743477394941247,0.7986942328618063,0.7292817679558011
Llama-3-8b,lm,int8,static_sq,pinn_w8a8,pinn16,end2endacc_llama3_8b_int8_lm_eval,${SOURCE_ROOT}/experiments/end2endacc_llama3_8b_int8_lm_eval/results/2026-04-03_214254_12_static_sq_pinn_w8a8_d16_group1,${SOURCE_ROOT}/experiments/end2endacc_all_in_one/collected/end2endacc_llama3_8b_int8_lm_eval/results/2026-04-03_214254_12_static_sq_pinn_w8a8_d16_group1,,0.7635304337813639,0.7634680134680135,0.7728540131447919,0.7932535364526659,0.7245461720599842
Llama-3-8b,lm,int8,static_sq,pinn_w8a8,pinn32,end2endacc_llama3_8b_lm_eval_group1_completion,${SOURCE_ROOT}/experiments/end2endacc_llama3_8b_lm_eval_group1_completion/results/2026-04-03_174528_08_static_sq_pinn_w8a8_d32_group1,${SOURCE_ROOT}/experiments/end2endacc_all_in_one/collected/end2endacc_llama3_8b_lm_eval_group1_completion/results/2026-04-03_174528_08_static_sq_pinn_w8a8_d32_group1,,0.765433670524688,0.76010101010101,0.7753435570603465,0.795429815016322,0.7308602999210734
Llama-3-8b,lm,int8,static_sq,pinn_w8a8,pinn8,end2endacc_llama3_8b_lm_eval_group1_completion,${SOURCE_ROOT}/experiments/end2endacc_llama3_8b_lm_eval_group1_completion/results/2026-04-03_174528_06_static_sq_pinn_w8a8_d8_group1,${SOURCE_ROOT}/experiments/end2endacc_all_in_one/collected/end2endacc_llama3_8b_lm_eval_group1_completion/results/2026-04-03_174528_06_static_sq_pinn_w8a8_d8_group1,,0.7635558932623656,0.7617845117845118,0.7732523401712806,0.795429815016322,0.7237569060773481
Llama-3-8b,ppl,fp16,fp16,exact,exact,end2endacc_llama3_8b_int8_ppl,${SOURCE_ROOT}/experiments/end2endacc_llama3_8b_int8_ppl/results/2026-04-03_205105_00_exact_wikitext2,${SOURCE_ROOT}/experiments/end2endacc_all_in_one/collected/end2endacc_llama3_8b_int8_ppl/results/2026-04-03_205105_00_exact_wikitext2,6.137873637780244,,,,,
Llama-3-8b,ppl,fp16,fp16,pinn_fp,pinn16,end2endacc_llama3_8b_int8_ppl,${SOURCE_ROOT}/experiments/end2endacc_llama3_8b_int8_ppl/results/2026-04-03_211518_16_exact_pinn_dim16,${SOURCE_ROOT}/experiments/end2endacc_all_in_one/collected/end2endacc_llama3_8b_int8_ppl/results/2026-04-03_211518_16_exact_pinn_dim16,6.147749522308614,,,,,
Llama-3-8b,ppl,fp16,fp16,pinn_fp,pinn32,end2endacc_llama3_8b_int8_ppl,${SOURCE_ROOT}/experiments/end2endacc_llama3_8b_int8_ppl/results/2026-04-03_211518_17_exact_pinn_dim32,${SOURCE_ROOT}/experiments/end2endacc_all_in_one/collected/end2endacc_llama3_8b_int8_ppl/results/2026-04-03_211518_17_exact_pinn_dim32,6.147380652655276,,,,,
Llama-3-8b,ppl,fp16,fp16,pinn_fp,pinn8,end2endacc_llama3_8b_int8_ppl,${SOURCE_ROOT}/experiments/end2endacc_llama3_8b_int8_ppl/results/2026-04-03_211518_15_exact_pinn_dim8,${SOURCE_ROOT}/experiments/end2endacc_all_in_one/collected/end2endacc_llama3_8b_int8_ppl/results/2026-04-03_211518_15_exact_pinn_dim8,6.224712988612969,,,,,
Llama-3-8b,ppl,fp8,dyn_sq,exact,exact,end2endacc_llama3_8b_int8_ppl,${SOURCE_ROOT}/experiments/end2endacc_llama3_8b_int8_ppl/results/2026-04-04_173533_01_dyn_sq_exact_fp8,${SOURCE_ROOT}/experiments/end2endacc_all_in_one/collected/end2endacc_llama3_8b_int8_ppl/results/2026-04-04_173533_01_dyn_sq_exact_fp8,6.201825765827221,,,,,
Llama-3-8b,ppl,fp8,dyn_sq,pinn_fp,pinn16,end2endacc_llama3_8b_int8_ppl,${SOURCE_ROOT}/experiments/end2endacc_llama3_8b_int8_ppl/results/2026-04-04_173533_04_dyn_sq_pinn_fp_d16_fp8,${SOURCE_ROOT}/experiments/end2endacc_all_in_one/collected/end2endacc_llama3_8b_int8_ppl/results/2026-04-04_173533_04_dyn_sq_pinn_fp_d16_fp8,6.207577820982802,,,,,
Llama-3-8b,ppl,fp8,dyn_sq,pinn_fp,pinn32,end2endacc_llama3_8b_int8_ppl,${SOURCE_ROOT}/experiments/end2endacc_llama3_8b_int8_ppl/results/2026-04-04_173533_06_dyn_sq_pinn_fp_d32_fp8,${SOURCE_ROOT}/experiments/end2endacc_all_in_one/collected/end2endacc_llama3_8b_int8_ppl/results/2026-04-04_173533_06_dyn_sq_pinn_fp_d32_fp8,6.204473979182815,,,,,
Llama-3-8b,ppl,fp8,dyn_sq,pinn_fp,pinn8,end2endacc_llama3_8b_int8_ppl,${SOURCE_ROOT}/experiments/end2endacc_llama3_8b_int8_ppl/results/2026-04-04_173533_02_dyn_sq_pinn_fp_d8_fp8,${SOURCE_ROOT}/experiments/end2endacc_all_in_one/collected/end2endacc_llama3_8b_int8_ppl/results/2026-04-04_173533_02_dyn_sq_pinn_fp_d8_fp8,6.280905587140535,,,,,
Llama-3-8b,ppl,fp8,dyn_sq,pinn_fp8,pinn16,end2endacc_llama3_8b_int8_ppl,${SOURCE_ROOT}/experiments/end2endacc_llama3_8b_int8_ppl/results/2026-04-04_050512_05_dyn_sq_pinn_fp8_d16,${SOURCE_ROOT}/experiments/end2endacc_all_in_one/collected/end2endacc_llama3_8b_int8_ppl/results/2026-04-04_050512_05_dyn_sq_pinn_fp8_d16,6.379290708889521,,,,,
Llama-3-8b,ppl,fp8,dyn_sq,pinn_fp8,pinn32,end2endacc_llama3_8b_int8_ppl,${SOURCE_ROOT}/experiments/end2endacc_llama3_8b_int8_ppl/results/2026-04-04_050606_07_dyn_sq_pinn_fp8_d32,${SOURCE_ROOT}/experiments/end2endacc_all_in_one/collected/end2endacc_llama3_8b_int8_ppl/results/2026-04-04_050606_07_dyn_sq_pinn_fp8_d32,6.37338564948691,,,,,
Llama-3-8b,ppl,fp8,dyn_sq,pinn_fp8,pinn8,end2endacc_llama3_8b_int8_ppl,${SOURCE_ROOT}/experiments/end2endacc_llama3_8b_int8_ppl/results/2026-04-04_050407_03_dyn_sq_pinn_fp8_d8,${SOURCE_ROOT}/experiments/end2endacc_all_in_one/collected/end2endacc_llama3_8b_int8_ppl/results/2026-04-04_050407_03_dyn_sq_pinn_fp8_d8,6.4924212778586785,,,,,
Llama-3-8b,ppl,fp8,static_sq,exact,exact,end2endacc_llama3_8b_int8_ppl,${SOURCE_ROOT}/experiments/end2endacc_llama3_8b_int8_ppl/results/2026-04-04_173612_08_static_sq_exact_fp8,${SOURCE_ROOT}/experiments/end2endacc_all_in_one/collected/end2endacc_llama3_8b_int8_ppl/results/2026-04-04_173612_08_static_sq_exact_fp8,6.374943098221186,,,,,
Llama-3-8b,ppl,fp8,static_sq,pinn_fp,pinn16,end2endacc_llama3_8b_int8_ppl,${SOURCE_ROOT}/experiments/end2endacc_llama3_8b_int8_ppl/results/2026-04-04_173634_11_static_sq_pinn_fp_d16_fp8,${SOURCE_ROOT}/experiments/end2endacc_all_in_one/collected/end2endacc_llama3_8b_int8_ppl/results/2026-04-04_173634_11_static_sq_pinn_fp_d16_fp8,6.382724147910123,,,,,
Llama-3-8b,ppl,fp8,static_sq,pinn_fp,pinn32,end2endacc_llama3_8b_int8_ppl,${SOURCE_ROOT}/experiments/end2endacc_llama3_8b_int8_ppl/results/2026-04-04_173838_13_static_sq_pinn_fp_d32_fp8,${SOURCE_ROOT}/experiments/end2endacc_all_in_one/collected/end2endacc_llama3_8b_int8_ppl/results/2026-04-04_173838_13_static_sq_pinn_fp_d32_fp8,6.382584662204955,,,,,
Llama-3-8b,ppl,fp8,static_sq,pinn_fp,pinn8,end2endacc_llama3_8b_int8_ppl,${SOURCE_ROOT}/experiments/end2endacc_llama3_8b_int8_ppl/results/2026-04-04_173612_09_static_sq_pinn_fp_d8_fp8,${SOURCE_ROOT}/experiments/end2endacc_all_in_one/collected/end2endacc_llama3_8b_int8_ppl/results/2026-04-04_173612_09_static_sq_pinn_fp_d8_fp8,6.463767639967724,,,,,
Llama-3-8b,ppl,fp8,static_sq,pinn_fp8,pinn16,end2endacc_llama3_8b_int8_ppl,${SOURCE_ROOT}/experiments/end2endacc_llama3_8b_int8_ppl/results/2026-04-04_051403_12_static_sq_pinn_fp8_d16,${SOURCE_ROOT}/experiments/end2endacc_all_in_one/collected/end2endacc_llama3_8b_int8_ppl/results/2026-04-04_051403_12_static_sq_pinn_fp8_d16,6.573038858364604,,,,,
Llama-3-8b,ppl,fp8,static_sq,pinn_fp8,pinn32,end2endacc_llama3_8b_int8_ppl,${SOURCE_ROOT}/experiments/end2endacc_llama3_8b_int8_ppl/results/2026-04-04_051533_14_static_sq_pinn_fp8_d32,${SOURCE_ROOT}/experiments/end2endacc_all_in_one/collected/end2endacc_llama3_8b_int8_ppl/results/2026-04-04_051533_14_static_sq_pinn_fp8_d32,6.576681693636981,,,,,
Llama-3-8b,ppl,fp8,static_sq,pinn_fp8,pinn8,end2endacc_llama3_8b_int8_ppl,${SOURCE_ROOT}/experiments/end2endacc_llama3_8b_int8_ppl/results/2026-04-04_050825_10_static_sq_pinn_fp8_d8,${SOURCE_ROOT}/experiments/end2endacc_all_in_one/collected/end2endacc_llama3_8b_int8_ppl/results/2026-04-04_050825_10_static_sq_pinn_fp8_d8,6.699551675234123,,,,,
Llama-3-8b,ppl,int8,dyn_sq,exact,exact,end2endacc_llama3_8b_int8_ppl,${SOURCE_ROOT}/experiments/end2endacc_llama3_8b_int8_ppl/results/2026-04-03_205105_01_dyn_sq_baseline,${SOURCE_ROOT}/experiments/end2endacc_all_in_one/collected/end2endacc_llama3_8b_int8_ppl/results/2026-04-03_205105_01_dyn_sq_baseline,6.251437779932557,,,,,
Llama-3-8b,ppl,int8,dyn_sq,pinn_fp,pinn16,end2endacc_llama3_8b_int8_ppl,${SOURCE_ROOT}/experiments/end2endacc_llama3_8b_int8_ppl/results/2026-04-03_205105_04_dyn_sq_pinn_fp_d16,${SOURCE_ROOT}/experiments/end2endacc_all_in_one/collected/end2endacc_llama3_8b_int8_ppl/results/2026-04-03_205105_04_dyn_sq_pinn_fp_d16,6.255331259720217,,,,,
Llama-3-8b,ppl,int8,dyn_sq,pinn_fp,pinn32,end2endacc_llama3_8b_int8_ppl,${SOURCE_ROOT}/experiments/end2endacc_llama3_8b_int8_ppl/results/2026-04-03_205105_06_dyn_sq_pinn_fp_d32,${SOURCE_ROOT}/experiments/end2endacc_all_in_one/collected/end2endacc_llama3_8b_int8_ppl/results/2026-04-03_205105_06_dyn_sq_pinn_fp_d32,6.255139658058903,,,,,
Llama-3-8b,ppl,int8,dyn_sq,pinn_fp,pinn8,end2endacc_llama3_8b_int8_ppl,${SOURCE_ROOT}/experiments/end2endacc_llama3_8b_int8_ppl/results/2026-04-03_205105_02_dyn_sq_pinn_fp_d8,${SOURCE_ROOT}/experiments/end2endacc_all_in_one/collected/end2endacc_llama3_8b_int8_ppl/results/2026-04-03_205105_02_dyn_sq_pinn_fp_d8,6.33241711922628,,,,,
Llama-3-8b,ppl,int8,dyn_sq,pinn_w8a8,pinn16,end2endacc_llama3_8b_int8_ppl,${SOURCE_ROOT}/experiments/end2endacc_llama3_8b_int8_ppl/results/2026-04-03_205105_05_dyn_sq_pinn_w8a8_d16,${SOURCE_ROOT}/experiments/end2endacc_all_in_one/collected/end2endacc_llama3_8b_int8_ppl/results/2026-04-03_205105_05_dyn_sq_pinn_w8a8_d16,6.567902296036724,,,,,
Llama-3-8b,ppl,int8,dyn_sq,pinn_w8a8,pinn32,end2endacc_llama3_8b_int8_ppl,${SOURCE_ROOT}/experiments/end2endacc_llama3_8b_int8_ppl/results/2026-04-03_205105_07_dyn_sq_pinn_w8a8_d32,${SOURCE_ROOT}/experiments/end2endacc_all_in_one/collected/end2endacc_llama3_8b_int8_ppl/results/2026-04-03_205105_07_dyn_sq_pinn_w8a8_d32,6.540988675640656,,,,,
Llama-3-8b,ppl,int8,dyn_sq,pinn_w8a8,pinn8,end2endacc_llama3_8b_int8_ppl,${SOURCE_ROOT}/experiments/end2endacc_llama3_8b_int8_ppl/results/2026-04-03_205105_03_dyn_sq_pinn_w8a8_d8,${SOURCE_ROOT}/experiments/end2endacc_all_in_one/collected/end2endacc_llama3_8b_int8_ppl/results/2026-04-03_205105_03_dyn_sq_pinn_w8a8_d8,6.5404980712805605,,,,,
Llama-3-8b,ppl,int8,static_sq,exact,exact,end2endacc_llama3_8b_int8_ppl,${SOURCE_ROOT}/experiments/end2endacc_llama3_8b_int8_ppl/results/2026-04-03_205238_08_static_sq_baseline,${SOURCE_ROOT}/experiments/end2endacc_all_in_one/collected/end2endacc_llama3_8b_int8_ppl/results/2026-04-03_205238_08_static_sq_baseline,6.4399355620509,,,,,
Llama-3-8b,ppl,int8,static_sq,pinn_fp,pinn16,end2endacc_llama3_8b_int8_ppl,${SOURCE_ROOT}/experiments/end2endacc_llama3_8b_int8_ppl/results/2026-04-03_205542_11_static_sq_pinn_fp_d16,${SOURCE_ROOT}/experiments/end2endacc_all_in_one/collected/end2endacc_llama3_8b_int8_ppl/results/2026-04-03_205542_11_static_sq_pinn_fp_d16,6.447833277569896,,,,,
Llama-3-8b,ppl,int8,static_sq,pinn_fp,pinn32,end2endacc_llama3_8b_int8_ppl,${SOURCE_ROOT}/experiments/end2endacc_llama3_8b_int8_ppl/results/2026-04-03_214254_13_static_sq_pinn_fp_d32,${SOURCE_ROOT}/experiments/end2endacc_all_in_one/collected/end2endacc_llama3_8b_int8_ppl/results/2026-04-03_214254_13_static_sq_pinn_fp_d32,6.448466733360765,,,,,
Llama-3-8b,ppl,int8,static_sq,pinn_fp,pinn8,end2endacc_llama3_8b_int8_ppl,${SOURCE_ROOT}/experiments/end2endacc_llama3_8b_int8_ppl/results/2026-04-03_205325_09_static_sq_pinn_fp_d8,${SOURCE_ROOT}/experiments/end2endacc_all_in_one/collected/end2endacc_llama3_8b_int8_ppl/results/2026-04-03_205325_09_static_sq_pinn_fp_d8,6.535850683313664,,,,,
Llama-3-8b,ppl,int8,static_sq,pinn_w8a8,pinn16,end2endacc_llama3_8b_int8_ppl,${SOURCE_ROOT}/experiments/end2endacc_llama3_8b_int8_ppl/results/2026-04-03_214254_12_static_sq_pinn_w8a8_d16,${SOURCE_ROOT}/experiments/end2endacc_all_in_one/collected/end2endacc_llama3_8b_int8_ppl/results/2026-04-03_214254_12_static_sq_pinn_w8a8_d16,6.794293545864741,,,,,
Llama-3-8b,ppl,int8,static_sq,pinn_w8a8,pinn32,end2endacc_llama3_8b_int8_ppl,${SOURCE_ROOT}/experiments/end2endacc_llama3_8b_int8_ppl/results/2026-04-03_214254_14_static_sq_pinn_w8a8_d32,${SOURCE_ROOT}/experiments/end2endacc_all_in_one/collected/end2endacc_llama3_8b_int8_ppl/results/2026-04-03_214254_14_static_sq_pinn_w8a8_d32,6.75646822282955,,,,,
Llama-3-8b,ppl,int8,static_sq,pinn_w8a8,pinn8,end2endacc_llama3_8b_int8_ppl,${SOURCE_ROOT}/experiments/end2endacc_llama3_8b_int8_ppl/results/2026-04-03_205438_10_static_sq_pinn_w8a8_d8,${SOURCE_ROOT}/experiments/end2endacc_all_in_one/collected/end2endacc_llama3_8b_int8_ppl/results/2026-04-03_205438_10_static_sq_pinn_w8a8_d8,6.75046506657051,,,,,
facebook-opt-6.7b,lm,fp16,fp16,exact,exact,end2endacc_opt_6_7b_int8_lm_eval,${SOURCE_ROOT}/experiments/end2endacc_opt_6_7b_int8_lm_eval/results/2026-04-03_220521_00_exact_group1,${SOURCE_ROOT}/experiments/end2endacc_all_in_one/collected/end2endacc_opt_6_7b_int8_lm_eval/results/2026-04-03_220521_00_exact_group1,,0.672581974840876,0.601010101010101,0.6718781119298944,0.76550598476605,0.6519337016574586
facebook-opt-6.7b,lm,fp16,fp16,pinn_fp,pinn16,end2endacc_opt_6_7b_int8_lm_eval,${SOURCE_ROOT}/experiments/end2endacc_opt_6_7b_int8_lm_eval/results/2026-04-03_211603_16_exact_pinn_dim16_group1,${SOURCE_ROOT}/experiments/end2endacc_all_in_one/collected/end2endacc_opt_6_7b_int8_lm_eval/results/2026-04-03_211603_16_exact_pinn_dim16_group1,,0.6720877280856044,0.601010101010101,0.6717785301732723,0.764417845484222,0.6511444356748224
facebook-opt-6.7b,lm,fp16,fp16,pinn_fp,pinn32,end2endacc_opt_6_7b_int8_lm_eval,${SOURCE_ROOT}/experiments/end2endacc_opt_6_7b_int8_lm_eval/results/2026-04-03_211619_17_exact_pinn_dim32_group1,${SOURCE_ROOT}/experiments/end2endacc_all_in_one/collected/end2endacc_opt_6_7b_int8_lm_eval/results/2026-04-03_211619_17_exact_pinn_dim32_group1,,0.6723902634364823,0.6014309764309764,0.6717785301732723,0.764417845484222,0.6519337016574586
facebook-opt-6.7b,lm,fp16,fp16,pinn_fp,pinn8,end2endacc_opt_6_7b_int8_lm_eval,${SOURCE_ROOT}/experiments/end2endacc_opt_6_7b_int8_lm_eval/results/2026-04-03_211518_15_exact_pinn_dim8_group1,${SOURCE_ROOT}/experiments/end2endacc_all_in_one/collected/end2endacc_opt_6_7b_int8_lm_eval/results/2026-04-03_211518_15_exact_pinn_dim8_group1,,0.6743835016656718,0.6039562289562289,0.6734714200358495,0.7665941240478781,0.6535122336227308
facebook-opt-6.7b,lm,fp8,dyn_sq,exact,exact,end2endacc_opt_6_7b_int8_lm_eval,${SOURCE_ROOT}/experiments/end2endacc_opt_6_7b_int8_lm_eval/results/2026-04-04_174652_01_dyn_sq_exact_fp8_group1,${SOURCE_ROOT}/experiments/end2endacc_all_in_one/collected/end2endacc_opt_6_7b_int8_lm_eval/results/2026-04-04_174652_01_dyn_sq_exact_fp8_group1,,0.6716803999334218,0.5993265993265994,0.670583549093806,0.7704026115342764,0.6464088397790055
facebook-opt-6.7b,lm,fp8,dyn_sq,pinn_fp,pinn16,end2endacc_opt_6_7b_int8_lm_eval,${SOURCE_ROOT}/experiments/end2endacc_opt_6_7b_int8_lm_eval/results/2026-04-04_175144_04_dyn_sq_pinn_fp_d16_fp8_group1,${SOURCE_ROOT}/experiments/end2endacc_all_in_one/collected/end2endacc_opt_6_7b_int8_lm_eval/results/2026-04-04_175144_04_dyn_sq_pinn_fp_d16_fp8_group1,,0.6696437268345641,0.6001683501683501,0.6703843855805617,0.7671381936887922,0.6408839779005525
facebook-opt-6.7b,lm,fp8,dyn_sq,pinn_fp,pinn32,end2endacc_opt_6_7b_lm_eval_group1_completion,${SOURCE_ROOT}/experiments/end2endacc_opt_6_7b_lm_eval_group1_completion/results/2026-04-04_175511_03_dyn_sq_pinn_fp_d32_fp8_group1,${SOURCE_ROOT}/experiments/end2endacc_all_in_one/collected/end2endacc_opt_6_7b_lm_eval_group1_completion/results/2026-04-04_175511_03_dyn_sq_pinn_fp_d32_fp8_group1,,0.6712185007261564,0.5997474747474747,0.6712806213901613,0.7682263329706203,0.6456195737963694
facebook-opt-6.7b,lm,fp8,dyn_sq,pinn_fp,pinn8,end2endacc_opt_6_7b_lm_eval_group1_completion,${SOURCE_ROOT}/experiments/end2endacc_opt_6_7b_lm_eval_group1_completion/results/2026-04-04_174740_01_dyn_sq_pinn_fp_d8_fp8_group1,${SOURCE_ROOT}/experiments/end2endacc_all_in_one/collected/end2endacc_opt_6_7b_lm_eval_group1_completion/results/2026-04-04_174740_01_dyn_sq_pinn_fp_d8_fp8_group1,,0.6730567292456626,0.6022727272727273,0.6708822943636725,0.7671381936887922,0.6519337016574586
facebook-opt-6.7b,lm,fp8,dyn_sq,pinn_fp8,pinn16,end2endacc_opt_6_7b_int8_lm_eval,${SOURCE_ROOT}/experiments/end2endacc_opt_6_7b_int8_lm_eval/results/2026-04-04_060500_05_dyn_sq_pinn_fp8_d16_group1,${SOURCE_ROOT}/experiments/end2endacc_all_in_one/collected/end2endacc_opt_6_7b_int8_lm_eval/results/2026-04-04_060500_05_dyn_sq_pinn_fp8_d16_group1,,0.3730130697684564,0.25084175084175087,0.2504481179047998,0.49510337323177367,0.4956590370955012
facebook-opt-6.7b,lm,fp8,dyn_sq,pinn_fp8,pinn32,end2endacc_opt_6_7b_lm_eval_group1_completion,${SOURCE_ROOT}/experiments/end2endacc_opt_6_7b_lm_eval_group1_completion/results/2026-04-04_175721_04_dyn_sq_pinn_fp8_d32_group1,${SOURCE_ROOT}/experiments/end2endacc_all_in_one/collected/end2endacc_opt_6_7b_lm_eval_group1_completion/results/2026-04-04_175721_04_dyn_sq_pinn_fp8_d32_group1,,0.6705935756346642,0.601010101010101,0.6707827126070504,0.764961915125136,0.6456195737963694
facebook-opt-6.7b,lm,fp8,dyn_sq,pinn_fp8,pinn8,end2endacc_opt_6_7b_lm_eval_group1_completion,${SOURCE_ROOT}/experiments/end2endacc_opt_6_7b_lm_eval_group1_completion/results/2026-04-04_175000_02_dyn_sq_pinn_fp8_d8_group1,${SOURCE_ROOT}/experiments/end2endacc_all_in_one/collected/end2endacc_opt_6_7b_lm_eval_group1_completion/results/2026-04-04_175000_02_dyn_sq_pinn_fp8_d8_group1,,0.6713401576650098,0.6073232323232324,0.6740689105755826,0.763873775843308,0.6400947119179163
facebook-opt-6.7b,lm,fp8,static_sq,exact,exact,end2endacc_opt_6_7b_int8_lm_eval,${SOURCE_ROOT}/experiments/end2endacc_opt_6_7b_int8_lm_eval/results/2026-04-04_180156_08_static_sq_exact_fp8_group1,${SOURCE_ROOT}/experiments/end2endacc_all_in_one/collected/end2endacc_opt_6_7b_int8_lm_eval/results/2026-04-04_180156_08_static_sq_exact_fp8_group1,,0.6693637550051362,0.5959595959595959,0.6681935869348735,0.7676822633297062,0.6456195737963694
facebook-opt-6.7b,lm,fp8,static_sq,pinn_fp,pinn16,end2endacc_opt_6_7b_int8_lm_eval,${SOURCE_ROOT}/experiments/end2endacc_opt_6_7b_int8_lm_eval/results/2026-04-04_181232_11_static_sq_pinn_fp_d16_fp8_group1,${SOURCE_ROOT}/experiments/end2endacc_all_in_one/collected/end2endacc_opt_6_7b_int8_lm_eval/results/2026-04-04_181232_11_static_sq_pinn_fp_d16_fp8_group1,,0.6677255049786079,0.5972222222222222,0.6667994423421629,0.764417845484222,0.6424625098658248
facebook-opt-6.7b,lm,fp8,static_sq,pinn_fp,pinn32,end2endacc_opt_6_7b_lm_eval_group1_completion,${SOURCE_ROOT}/experiments/end2endacc_opt_6_7b_lm_eval_group1_completion/results/2026-04-04_181741_07_static_sq_pinn_fp_d32_fp8_group1,${SOURCE_ROOT}/experiments/end2endacc_all_in_one/collected/end2endacc_opt_6_7b_lm_eval_group1_completion/results/2026-04-04_181741_07_static_sq_pinn_fp_d32_fp8_group1,,0.6675702292278206,0.5976430976430976,0.666301533559052,0.763873775843308,0.6424625098658248
facebook-opt-6.7b,lm,fp8,static_sq,pinn_fp,pinn8,end2endacc_opt_6_7b_lm_eval_group1_completion,${SOURCE_ROOT}/experiments/end2endacc_opt_6_7b_lm_eval_group1_completion/results/2026-04-04_180827_05_static_sq_pinn_fp_d8_fp8_group1,${SOURCE_ROOT}/experiments/end2endacc_all_in_one/collected/end2endacc_opt_6_7b_lm_eval_group1_completion/results/2026-04-04_180827_05_static_sq_pinn_fp_d8_fp8_group1,,0.6697234542014499,0.6022727272727273,0.6702848038239394,0.763873775843308,0.6424625098658248
facebook-opt-6.7b,lm,fp8,static_sq,pinn_fp8,pinn16,end2endacc_opt_6_7b_int8_lm_eval,${SOURCE_ROOT}/experiments/end2endacc_opt_6_7b_int8_lm_eval/results/2026-04-04_060807_12_static_sq_pinn_fp8_d16_group1,${SOURCE_ROOT}/experiments/end2endacc_all_in_one/collected/end2endacc_opt_6_7b_int8_lm_eval/results/2026-04-04_060807_12_static_sq_pinn_fp8_d16_group1,,0.3730130697684564,0.25084175084175087,0.2504481179047998,0.49510337323177367,0.4956590370955012
facebook-opt-6.7b,lm,fp8,static_sq,pinn_fp8,pinn32,end2endacc_opt_6_7b_lm_eval_group1_completion,${SOURCE_ROOT}/experiments/end2endacc_opt_6_7b_lm_eval_group1_completion/results/2026-04-04_181803_08_static_sq_pinn_fp8_d32_group1,${SOURCE_ROOT}/experiments/end2endacc_all_in_one/collected/end2endacc_opt_6_7b_lm_eval_group1_completion/results/2026-04-04_181803_08_static_sq_pinn_fp8_d32_group1,,0.6692162934262976,0.5963804713804713,0.6659032065325632,0.7665941240478781,0.6479873717442778
facebook-opt-6.7b,lm,fp8,static_sq,pinn_fp8,pinn8,end2endacc_opt_6_7b_lm_eval_group1_completion,${SOURCE_ROOT}/experiments/end2endacc_opt_6_7b_lm_eval_group1_completion/results/2026-04-04_180942_06_static_sq_pinn_fp8_d8_group1,${SOURCE_ROOT}/experiments/end2endacc_all_in_one/collected/end2endacc_opt_6_7b_lm_eval_group1_completion/results/2026-04-04_180942_06_static_sq_pinn_fp8_d8_group1,,0.6696566309435312,0.6077441077441077,0.6681935869348735,0.764961915125136,0.6377269139700079
facebook-opt-6.7b,lm,int8,dyn_sq,exact,exact,end2endacc_opt_6_7b_int8_lm_eval,${SOURCE_ROOT}/experiments/end2endacc_opt_6_7b_int8_lm_eval/results/2026-04-03_220630_01_dyn_sq_baseline_group1,${SOURCE_ROOT}/experiments/end2endacc_all_in_one/collected/end2endacc_opt_6_7b_int8_lm_eval/results/2026-04-03_220630_01_dyn_sq_baseline_group1,,0.6724441104130622,0.601010101010101,0.671081457876917,0.764961915125136,0.6527229676400947
facebook-opt-6.7b,lm,int8,dyn_sq,pinn_fp,pinn16,end2endacc_opt_6_7b_int8_lm_eval,${SOURCE_ROOT}/experiments/end2endacc_opt_6_7b_int8_lm_eval/results/2026-04-03_220702_04_dyn_sq_pinn_fp_d16_group1,${SOURCE_ROOT}/experiments/end2endacc_all_in_one/collected/end2endacc_opt_6_7b_int8_lm_eval/results/2026-04-03_220702_04_dyn_sq_pinn_fp_d16_group1,,0.6733187408373341,0.6031144781144782,0.6724756024696276,0.764961915125136,0.6527229676400947
facebook-opt-6.7b,lm,int8,dyn_sq,pinn_fp,pinn32,end2endacc_opt_6_7b_lm_eval_group1_completion,${SOURCE_ROOT}/experiments/end2endacc_opt_6_7b_lm_eval_group1_completion/results/2026-04-03_180128_03_dyn_sq_pinn_fp_d32_group1,${SOURCE_ROOT}/experiments/end2endacc_all_in_one/collected/end2endacc_opt_6_7b_lm_eval_group1_completion/results/2026-04-03_180128_03_dyn_sq_pinn_fp_d32_group1,,0.6706684959620569,0.6001683501683501,0.6716789484166501,0.764417845484222,0.6464088397790055
facebook-opt-6.7b,lm,int8,dyn_sq,pinn_fp,pinn8,end2endacc_opt_6_7b_lm_eval_group1_completion,${SOURCE_ROOT}/experiments/end2endacc_opt_6_7b_lm_eval_group1_completion/results/2026-04-03_174528_01_dyn_sq_pinn_fp_d8_group1,${SOURCE_ROOT}/experiments/end2endacc_all_in_one/collected/end2endacc_opt_6_7b_lm_eval_group1_completion/results/2026-04-03_174528_01_dyn_sq_pinn_fp_d8_group1,,0.674000674906062,0.6031144781144782,0.673272256522605,0.7676822633297062,0.6519337016574586
facebook-opt-6.7b,lm,int8,dyn_sq,pinn_w8a8,pinn16,end2endacc_opt_6_7b_int8_lm_eval,${SOURCE_ROOT}/experiments/end2endacc_opt_6_7b_int8_lm_eval/results/2026-04-03_220854_05_dyn_sq_pinn_w8a8_d16_group1,${SOURCE_ROOT}/experiments/end2endacc_all_in_one/collected/end2endacc_opt_6_7b_int8_lm_eval/results/2026-04-03_220854_05_dyn_sq_pinn_w8a8_d16_group1,,0.6771695619485827,0.6077441077441077,0.6733718382792272,0.7693144722524483,0.6582478295185478
facebook-opt-6.7b,lm,int8,dyn_sq,pinn_w8a8,pinn32,end2endacc_opt_6_7b_lm_eval_group1_completion,${SOURCE_ROOT}/experiments/end2endacc_opt_6_7b_lm_eval_group1_completion/results/2026-04-03_180333_04_dyn_sq_pinn_w8a8_d32_group1,${SOURCE_ROOT}/experiments/end2endacc_all_in_one/collected/end2endacc_opt_6_7b_lm_eval_group1_completion/results/2026-04-03_180333_04_dyn_sq_pinn_w8a8_d32_group1,,0.6746900291001559,0.6039562289562289,0.6731726747659829,0.764961915125136,0.6566692975532754
facebook-opt-6.7b,lm,int8,dyn_sq,pinn_w8a8,pinn8,end2endacc_opt_6_7b_lm_eval_group1_completion,${SOURCE_ROOT}/experiments/end2endacc_opt_6_7b_lm_eval_group1_completion/results/2026-04-03_174528_02_dyn_sq_pinn_w8a8_d8_group1,${SOURCE_ROOT}/experiments/end2endacc_all_in_one/collected/end2endacc_opt_6_7b_lm_eval_group1_completion/results/2026-04-03_174528_02_dyn_sq_pinn_w8a8_d8_group1,,0.6763044495336096,0.6106902356902357,0.6746664011153157,0.7671381936887922,0.6527229676400947
facebook-opt-6.7b,lm,int8,static_sq,exact,exact,end2endacc_opt_6_7b_int8_lm_eval,${SOURCE_ROOT}/experiments/end2endacc_opt_6_7b_int8_lm_eval/results/2026-04-03_232317_08_static_sq_baseline_group1,${SOURCE_ROOT}/experiments/end2endacc_all_in_one/collected/end2endacc_opt_6_7b_int8_lm_eval/results/2026-04-03_232317_08_static_sq_baseline_group1,,0.6724449084648345,0.5984848484848485,0.6719776936865166,0.7665941240478781,0.6527229676400947
facebook-opt-6.7b,lm,int8,static_sq,pinn_fp,pinn16,end2endacc_opt_6_7b_int8_lm_eval,${SOURCE_ROOT}/experiments/end2endacc_opt_6_7b_int8_lm_eval/results/2026-04-03_232317_11_static_sq_pinn_fp_d16_group1,${SOURCE_ROOT}/experiments/end2endacc_all_in_one/collected/end2endacc_opt_6_7b_int8_lm_eval/results/2026-04-03_232317_11_static_sq_pinn_fp_d16_group1,,0.673265989960962,0.6005892255892256,0.6721768571997611,0.764417845484222,0.6558800315706393
facebook-opt-6.7b,lm,int8,static_sq,pinn_fp,pinn32,end2endacc_opt_6_7b_lm_eval_group1_completion,${SOURCE_ROOT}/experiments/end2endacc_opt_6_7b_lm_eval_group1_completion/results/2026-04-03_233049_07_static_sq_pinn_fp_d32_group1,${SOURCE_ROOT}/experiments/end2endacc_all_in_one/collected/end2endacc_opt_6_7b_lm_eval_group1_completion/results/2026-04-03_233049_07_static_sq_pinn_fp_d32_group1,,0.672559426470336,0.5997474747474747,0.6715793666600279,0.7622415669205659,0.6566692975532754
facebook-opt-6.7b,lm,int8,static_sq,pinn_fp,pinn8,end2endacc_opt_6_7b_lm_eval_group1_completion,${SOURCE_ROOT}/experiments/end2endacc_opt_6_7b_lm_eval_group1_completion/results/2026-04-03_232547_05_static_sq_pinn_fp_d8_group1,${SOURCE_ROOT}/experiments/end2endacc_all_in_one/collected/end2endacc_opt_6_7b_lm_eval_group1_completion/results/2026-04-03_232547_05_static_sq_pinn_fp_d8_group1,,0.6726946458049455,0.6018518518518519,0.6725751842262497,0.764417845484222,0.6519337016574586
facebook-opt-6.7b,lm,int8,static_sq,pinn_w8a8,pinn16,end2endacc_opt_6_7b_int8_lm_eval,${SOURCE_ROOT}/experiments/end2endacc_opt_6_7b_int8_lm_eval/results/2026-04-03_232317_12_static_sq_pinn_w8a8_d16_group1,${SOURCE_ROOT}/experiments/end2endacc_all_in_one/collected/end2endacc_opt_6_7b_int8_lm_eval/results/2026-04-03_232317_12_static_sq_pinn_w8a8_d16_group1,,0.6734807346598626,0.6056397306397306,0.6721768571997611,0.764961915125136,0.6511444356748224
facebook-opt-6.7b,lm,int8,static_sq,pinn_w8a8,pinn32,end2endacc_opt_6_7b_lm_eval_group1_completion,${SOURCE_ROOT}/experiments/end2endacc_opt_6_7b_lm_eval_group1_completion/results/2026-04-03_233117_08_static_sq_pinn_w8a8_d32_group1,${SOURCE_ROOT}/experiments/end2endacc_all_in_one/collected/end2endacc_opt_6_7b_lm_eval_group1_completion/results/2026-04-03_233117_08_static_sq_pinn_w8a8_d32_group1,,0.6710614368039897,0.6047979797979798,0.6726747659828719,0.7611534276387377,0.6456195737963694
facebook-opt-6.7b,lm,int8,static_sq,pinn_w8a8,pinn8,end2endacc_opt_6_7b_lm_eval_group1_completion,${SOURCE_ROOT}/experiments/end2endacc_opt_6_7b_lm_eval_group1_completion/results/2026-04-03_233021_06_static_sq_pinn_w8a8_d8_group1,${SOURCE_ROOT}/experiments/end2endacc_all_in_one/collected/end2endacc_opt_6_7b_lm_eval_group1_completion/results/2026-04-03_233021_06_static_sq_pinn_w8a8_d8_group1,,0.6726175972918,0.6085858585858586,0.6730730930093607,0.7671381936887922,0.6416732438831886
facebook-opt-6.7b,ppl,fp16,fp16,exact,exact,end2endacc_opt_6_7b_int8_ppl,${SOURCE_ROOT}/experiments/end2endacc_opt_6_7b_int8_ppl/results/2026-04-03_214254_00_exact_wikitext2,${SOURCE_ROOT}/experiments/end2endacc_all_in_one/collected/end2endacc_opt_6_7b_int8_ppl/results/2026-04-03_214254_00_exact_wikitext2,10.860248000666788,,,,,
facebook-opt-6.7b,ppl,fp16,fp16,pinn_fp,pinn16,end2endacc_opt_6_7b_int8_ppl,${SOURCE_ROOT}/experiments/end2endacc_opt_6_7b_int8_ppl/results/2026-04-03_213524_16_exact_pinn_dim16,${SOURCE_ROOT}/experiments/end2endacc_all_in_one/collected/end2endacc_opt_6_7b_int8_ppl/results/2026-04-03_213524_16_exact_pinn_dim16,10.831248638955778,,,,,
facebook-opt-6.7b,ppl,fp16,fp16,pinn_fp,pinn32,end2endacc_opt_6_7b_int8_ppl,${SOURCE_ROOT}/experiments/end2endacc_opt_6_7b_int8_ppl/results/2026-04-03_213524_17_exact_pinn_dim32,${SOURCE_ROOT}/experiments/end2endacc_all_in_one/collected/end2endacc_opt_6_7b_int8_ppl/results/2026-04-03_213524_17_exact_pinn_dim32,10.832385921390754,,,,,
facebook-opt-6.7b,ppl,fp16,fp16,pinn_fp,pinn8,end2endacc_opt_6_7b_int8_ppl,${SOURCE_ROOT}/experiments/end2endacc_opt_6_7b_int8_ppl/results/2026-04-03_213524_15_exact_pinn_dim8,${SOURCE_ROOT}/experiments/end2endacc_all_in_one/collected/end2endacc_opt_6_7b_int8_ppl/results/2026-04-03_213524_15_exact_pinn_dim8,10.79082583699566,,,,,
facebook-opt-6.7b,ppl,fp8,dyn_sq,exact,exact,end2endacc_opt_6_7b_int8_ppl,${SOURCE_ROOT}/experiments/end2endacc_opt_6_7b_int8_ppl/results/2026-04-04_174538_01_dyn_sq_exact_fp8,${SOURCE_ROOT}/experiments/end2endacc_all_in_one/collected/end2endacc_opt_6_7b_int8_ppl/results/2026-04-04_174538_01_dyn_sq_exact_fp8,10.936833931321312,,,,,
facebook-opt-6.7b,ppl,fp8,dyn_sq,pinn_fp,pinn16,end2endacc_opt_6_7b_int8_ppl,${SOURCE_ROOT}/experiments/end2endacc_opt_6_7b_int8_ppl/results/2026-04-04_175020_04_dyn_sq_pinn_fp_d16_fp8,${SOURCE_ROOT}/experiments/end2endacc_all_in_one/collected/end2endacc_opt_6_7b_int8_ppl/results/2026-04-04_175020_04_dyn_sq_pinn_fp_d16_fp8,10.91287738793569,,,,,
facebook-opt-6.7b,ppl,fp8,dyn_sq,pinn_fp,pinn32,end2endacc_opt_6_7b_int8_ppl,${SOURCE_ROOT}/experiments/end2endacc_opt_6_7b_int8_ppl/results/2026-04-04_175154_06_dyn_sq_pinn_fp_d32_fp8,${SOURCE_ROOT}/experiments/end2endacc_all_in_one/collected/end2endacc_opt_6_7b_int8_ppl/results/2026-04-04_175154_06_dyn_sq_pinn_fp_d32_fp8,10.914896514096057,,,,,
facebook-opt-6.7b,ppl,fp8,dyn_sq,pinn_fp,pinn8,end2endacc_opt_6_7b_int8_ppl,${SOURCE_ROOT}/experiments/end2endacc_opt_6_7b_int8_ppl/results/2026-04-04_174711_02_dyn_sq_pinn_fp_d8_fp8,${SOURCE_ROOT}/experiments/end2endacc_all_in_one/collected/end2endacc_opt_6_7b_int8_ppl/results/2026-04-04_174711_02_dyn_sq_pinn_fp_d8_fp8,10.882199724774896,,,,,
facebook-opt-6.7b,ppl,fp8,dyn_sq,pinn_fp8,pinn16,end2endacc_opt_6_7b_int8_ppl,${SOURCE_ROOT}/experiments/end2endacc_opt_6_7b_int8_ppl/results/2026-04-04_054941_05_dyn_sq_pinn_fp8_d16,${SOURCE_ROOT}/experiments/end2endacc_all_in_one/collected/end2endacc_opt_6_7b_int8_ppl/results/2026-04-04_054941_05_dyn_sq_pinn_fp8_d16,nan,,,,,
facebook-opt-6.7b,ppl,fp8,dyn_sq,pinn_fp8,pinn32,end2endacc_opt_6_7b_int8_ppl,${SOURCE_ROOT}/experiments/end2endacc_opt_6_7b_int8_ppl/results/2026-04-04_055116_07_dyn_sq_pinn_fp8_d32,${SOURCE_ROOT}/experiments/end2endacc_all_in_one/collected/end2endacc_opt_6_7b_int8_ppl/results/2026-04-04_055116_07_dyn_sq_pinn_fp8_d32,nan,,,,,
facebook-opt-6.7b,ppl,fp8,dyn_sq,pinn_fp8,pinn8,end2endacc_opt_6_7b_int8_ppl,${SOURCE_ROOT}/experiments/end2endacc_opt_6_7b_int8_ppl/results/2026-04-04_054401_03_dyn_sq_pinn_fp8_d8,${SOURCE_ROOT}/experiments/end2endacc_all_in_one/collected/end2endacc_opt_6_7b_int8_ppl/results/2026-04-04_054401_03_dyn_sq_pinn_fp8_d8,nan,,,,,
facebook-opt-6.7b,ppl,fp8,static_sq,exact,exact,end2endacc_opt_6_7b_int8_ppl,${SOURCE_ROOT}/experiments/end2endacc_opt_6_7b_int8_ppl/results/2026-04-04_180004_08_static_sq_exact_fp8,${SOURCE_ROOT}/experiments/end2endacc_all_in_one/collected/end2endacc_opt_6_7b_int8_ppl/results/2026-04-04_180004_08_static_sq_exact_fp8,11.111033775359076,,,,,
facebook-opt-6.7b,ppl,fp8,static_sq,pinn_fp,pinn16,end2endacc_opt_6_7b_int8_ppl,${SOURCE_ROOT}/experiments/end2endacc_opt_6_7b_int8_ppl/results/2026-04-04_181054_11_static_sq_pinn_fp_d16_fp8,${SOURCE_ROOT}/experiments/end2endacc_all_in_one/collected/end2endacc_opt_6_7b_int8_ppl/results/2026-04-04_181054_11_static_sq_pinn_fp_d16_fp8,11.086443188505527,,,,,
facebook-opt-6.7b,ppl,fp8,static_sq,pinn_fp,pinn32,end2endacc_opt_6_7b_int8_ppl,${SOURCE_ROOT}/experiments/end2endacc_opt_6_7b_int8_ppl/results/2026-04-04_181421_13_static_sq_pinn_fp_d32_fp8,${SOURCE_ROOT}/experiments/end2endacc_all_in_one/collected/end2endacc_opt_6_7b_int8_ppl/results/2026-04-04_181421_13_static_sq_pinn_fp_d32_fp8,11.074174075578036,,,,,
facebook-opt-6.7b,ppl,fp8,static_sq,pinn_fp,pinn8,end2endacc_opt_6_7b_int8_ppl,${SOURCE_ROOT}/experiments/end2endacc_opt_6_7b_int8_ppl/results/2026-04-04_180412_09_static_sq_pinn_fp_d8_fp8,${SOURCE_ROOT}/experiments/end2endacc_all_in_one/collected/end2endacc_opt_6_7b_int8_ppl/results/2026-04-04_180412_09_static_sq_pinn_fp_d8_fp8,11.072013126016056,,,,,
facebook-opt-6.7b,ppl,fp8,static_sq,pinn_fp8,pinn16,end2endacc_opt_6_7b_int8_ppl,${SOURCE_ROOT}/experiments/end2endacc_opt_6_7b_int8_ppl/results/2026-04-04_055648_12_static_sq_pinn_fp8_d16,${SOURCE_ROOT}/experiments/end2endacc_all_in_one/collected/end2endacc_opt_6_7b_int8_ppl/results/2026-04-04_055648_12_static_sq_pinn_fp8_d16,nan,,,,,
facebook-opt-6.7b,ppl,fp8,static_sq,pinn_fp8,pinn32,end2endacc_opt_6_7b_int8_ppl,${SOURCE_ROOT}/experiments/end2endacc_opt_6_7b_int8_ppl/results/2026-04-04_055804_14_static_sq_pinn_fp8_d32,${SOURCE_ROOT}/experiments/end2endacc_all_in_one/collected/end2endacc_opt_6_7b_int8_ppl/results/2026-04-04_055804_14_static_sq_pinn_fp8_d32,nan,,,,,
facebook-opt-6.7b,ppl,fp8,static_sq,pinn_fp8,pinn8,end2endacc_opt_6_7b_int8_ppl,${SOURCE_ROOT}/experiments/end2endacc_opt_6_7b_int8_ppl/results/2026-04-04_055532_10_static_sq_pinn_fp8_d8,${SOURCE_ROOT}/experiments/end2endacc_all_in_one/collected/end2endacc_opt_6_7b_int8_ppl/results/2026-04-04_055532_10_static_sq_pinn_fp8_d8,nan,,,,,
facebook-opt-6.7b,ppl,int8,dyn_sq,exact,exact,end2endacc_opt_6_7b_int8_ppl,${SOURCE_ROOT}/experiments/end2endacc_opt_6_7b_int8_ppl/results/2026-04-03_214346_01_dyn_sq_baseline,${SOURCE_ROOT}/experiments/end2endacc_all_in_one/collected/end2endacc_opt_6_7b_int8_ppl/results/2026-04-03_214346_01_dyn_sq_baseline,10.897624618771813,,,,,
facebook-opt-6.7b,ppl,int8,dyn_sq,pinn_fp,pinn16,end2endacc_opt_6_7b_int8_ppl,${SOURCE_ROOT}/experiments/end2endacc_opt_6_7b_int8_ppl/results/2026-04-03_215458_04_dyn_sq_pinn_fp_d16,${SOURCE_ROOT}/experiments/end2endacc_all_in_one/collected/end2endacc_opt_6_7b_int8_ppl/results/2026-04-03_215458_04_dyn_sq_pinn_fp_d16,10.868932125705959,,,,,
facebook-opt-6.7b,ppl,int8,dyn_sq,pinn_fp,pinn32,end2endacc_opt_6_7b_int8_ppl,${SOURCE_ROOT}/experiments/end2endacc_opt_6_7b_int8_ppl/results/2026-04-03_215638_06_dyn_sq_pinn_fp_d32,${SOURCE_ROOT}/experiments/end2endacc_all_in_one/collected/end2endacc_opt_6_7b_int8_ppl/results/2026-04-03_215638_06_dyn_sq_pinn_fp_d32,10.86805841967439,,,,,
facebook-opt-6.7b,ppl,int8,dyn_sq,pinn_fp,pinn8,end2endacc_opt_6_7b_int8_ppl,${SOURCE_ROOT}/experiments/end2endacc_opt_6_7b_int8_ppl/results/2026-04-03_214516_02_dyn_sq_pinn_fp_d8,${SOURCE_ROOT}/experiments/end2endacc_all_in_one/collected/end2endacc_opt_6_7b_int8_ppl/results/2026-04-03_214516_02_dyn_sq_pinn_fp_d8,10.827771175896657,,,,,
facebook-opt-6.7b,ppl,int8,dyn_sq,pinn_w8a8,pinn16,end2endacc_opt_6_7b_int8_ppl,${SOURCE_ROOT}/experiments/end2endacc_opt_6_7b_int8_ppl/results/2026-04-03_215608_05_dyn_sq_pinn_w8a8_d16,${SOURCE_ROOT}/experiments/end2endacc_all_in_one/collected/end2endacc_opt_6_7b_int8_ppl/results/2026-04-03_215608_05_dyn_sq_pinn_w8a8_d16,10.868065696950106,,,,,
facebook-opt-6.7b,ppl,int8,dyn_sq,pinn_w8a8,pinn32,end2endacc_opt_6_7b_int8_ppl,${SOURCE_ROOT}/experiments/end2endacc_opt_6_7b_int8_ppl/results/2026-04-03_215642_07_dyn_sq_pinn_w8a8_d32,${SOURCE_ROOT}/experiments/end2endacc_all_in_one/collected/end2endacc_opt_6_7b_int8_ppl/results/2026-04-03_215642_07_dyn_sq_pinn_w8a8_d32,10.850972364803976,,,,,
facebook-opt-6.7b,ppl,int8,dyn_sq,pinn_w8a8,pinn8,end2endacc_opt_6_7b_int8_ppl,${SOURCE_ROOT}/experiments/end2endacc_opt_6_7b_int8_ppl/results/2026-04-03_214945_03_dyn_sq_pinn_w8a8_d8,${SOURCE_ROOT}/experiments/end2endacc_all_in_one/collected/end2endacc_opt_6_7b_int8_ppl/results/2026-04-03_214945_03_dyn_sq_pinn_w8a8_d8,10.841883003013672,,,,,
facebook-opt-6.7b,ppl,int8,static_sq,exact,exact,end2endacc_opt_6_7b_int8_ppl,${SOURCE_ROOT}/experiments/end2endacc_opt_6_7b_int8_ppl/results/2026-04-03_232317_08_static_sq_baseline,${SOURCE_ROOT}/experiments/end2endacc_all_in_one/collected/end2endacc_opt_6_7b_int8_ppl/results/2026-04-03_232317_08_static_sq_baseline,10.921177257192172,,,,,
facebook-opt-6.7b,ppl,int8,static_sq,pinn_fp,pinn16,end2endacc_opt_6_7b_int8_ppl,${SOURCE_ROOT}/experiments/end2endacc_opt_6_7b_int8_ppl/results/2026-04-03_232317_11_static_sq_pinn_fp_d16,${SOURCE_ROOT}/experiments/end2endacc_all_in_one/collected/end2endacc_opt_6_7b_int8_ppl/results/2026-04-03_232317_11_static_sq_pinn_fp_d16,10.892524834955873,,,,,
facebook-opt-6.7b,ppl,int8,static_sq,pinn_fp,pinn32,end2endacc_opt_6_7b_int8_ppl,${SOURCE_ROOT}/experiments/end2endacc_opt_6_7b_int8_ppl/results/2026-04-03_232317_13_static_sq_pinn_fp_d32,${SOURCE_ROOT}/experiments/end2endacc_all_in_one/collected/end2endacc_opt_6_7b_int8_ppl/results/2026-04-03_232317_13_static_sq_pinn_fp_d32,10.895905170906264,,,,,
facebook-opt-6.7b,ppl,int8,static_sq,pinn_fp,pinn8,end2endacc_opt_6_7b_int8_ppl,${SOURCE_ROOT}/experiments/end2endacc_opt_6_7b_int8_ppl/results/2026-04-03_232317_09_static_sq_pinn_fp_d8,${SOURCE_ROOT}/experiments/end2endacc_all_in_one/collected/end2endacc_opt_6_7b_int8_ppl/results/2026-04-03_232317_09_static_sq_pinn_fp_d8,10.847224323421123,,,,,
facebook-opt-6.7b,ppl,int8,static_sq,pinn_w8a8,pinn16,end2endacc_opt_6_7b_int8_ppl,${SOURCE_ROOT}/experiments/end2endacc_opt_6_7b_int8_ppl/results/2026-04-03_232317_12_static_sq_pinn_w8a8_d16,${SOURCE_ROOT}/experiments/end2endacc_all_in_one/collected/end2endacc_opt_6_7b_int8_ppl/results/2026-04-03_232317_12_static_sq_pinn_w8a8_d16,10.897512146052595,,,,,
facebook-opt-6.7b,ppl,int8,static_sq,pinn_w8a8,pinn32,end2endacc_opt_6_7b_int8_ppl,${SOURCE_ROOT}/experiments/end2endacc_opt_6_7b_int8_ppl/results/2026-04-03_232317_14_static_sq_pinn_w8a8_d32,${SOURCE_ROOT}/experiments/end2endacc_all_in_one/collected/end2endacc_opt_6_7b_int8_ppl/results/2026-04-03_232317_14_static_sq_pinn_w8a8_d32,10.887520569555223,,,,,
facebook-opt-6.7b,ppl,int8,static_sq,pinn_w8a8,pinn8,end2endacc_opt_6_7b_int8_ppl,${SOURCE_ROOT}/experiments/end2endacc_opt_6_7b_int8_ppl/results/2026-04-03_232317_10_static_sq_pinn_w8a8_d8,${SOURCE_ROOT}/experiments/end2endacc_all_in_one/collected/end2endacc_opt_6_7b_int8_ppl/results/2026-04-03_232317_10_static_sq_pinn_w8a8_d8,10.874557495033715,,,,,
