case_name,case_label,system_config_path,data_type,prefill_length,batch_size,hidden_size,num_heads,head_dim,compile_mode,variant,variant_label,attention_variant,total_latency_ms,q_mul_k_ms,softmax_ms,a_mul_v_ms,compute_model_ms,fused_core_ms,hbm_io_ms,configured_hbm_io_ms,onchip_io_ms,kernel_overhead_ms,non_hbm_critical_ms,bottleneck_component,bottleneck_ms,bottleneck_share_of_total,software_q_tile_size,software_kv_tile_size,logical_q_tile_size,tensor_tflops,vector_tflops,tensor_vector_ratio,hbm_bytes,hbm_mib,configured_hbm_bandwidth_tbps,active_hbm_bandwidth_tbps,configured_onchip_bandwidth_tbps,active_onchip_bandwidth_tbps,required_hbm_bandwidth_tbps,required_hbm_bandwidth_over_config_x,ignore_hbm_bottleneck,ignore_onchip_io_bottleneck,sram_kib,l2_mb
tpuv3_fp16,TPUv3 FP16,/home/CONNECT/cxu930/Documents/pinn-fullstack/LLMCompass/configs/ours/TPUv3.json,fp16,2048,1,4096,32,128,heuristic-TPU,baseline,Unfused Attention,trivial,2.1638468085106384,0.4294510638297872,1.0523936170212764,0.6820021276595745,0.0,0.0,0.0,0.0,0.0,0.0,0.0,softmax,1.0523936170212764,0.4863531063669115,,,,123.20768,3.85024,32.0,0,0.0,0.9,inf,0.9015196097560977,0.9015196097560977,,,1,0,8192,16.0
tpuv3_fp16,TPUv3 FP16,/home/CONNECT/cxu930/Documents/pinn-fullstack/LLMCompass/configs/ours/TPUv3.json,fp16,2048,1,4096,32,128,heuristic-TPU,customsa,FlashAttention-CustomSA,flashattention_customsa,1.154604255319149,0.0,0.0,0.0,0.0,0.854604255319149,0.0,0.33554432,0.3349787234042553,0.3,0.854604255319149,fused_core,0.854604255319149,0.7401707133695989,256,2048,256,123.20768,3.85024,32.0,301989888,288.0,0.9,inf,0.9015196097560977,0.9015196097560977,0.3533681070745698,0.3926312300828553,1,0,8192,16.0
tpuv3_fp16,TPUv3 FP16,/home/CONNECT/cxu930/Documents/pinn-fullstack/LLMCompass/configs/ours/TPUv3.json,fp16,2048,1,4096,32,128,heuristic-TPU,flashattention,FlashAttention,flashattention,1.445463829787234,0.832136170212766,0.28554893617021276,0.31332765957446806,1.1454638297872342,0.0,0.0,0.33554432,0.3349787234042553,0.3,1.1454638297872342,matmul_pair,1.145463829787234,0.7924541632811671,256,2048,,123.20768,3.85024,32.0,301989888,288.0,0.9,inf,0.9015196097560977,0.9015196097560977,0.26363982881597714,0.2929331431288635,1,0,8192,16.0
tpuv3_fp16,TPUv3 FP16,/home/CONNECT/cxu930/Documents/pinn-fullstack/LLMCompass/configs/ours/TPUv3.json,fp16,4096,1,4096,32,128,heuristic-TPU,baseline,Unfused Attention,trivial,7.06244255319149,1.3739361702127662,3.3073723404255317,2.3811340425531915,0.0,0.0,0.0,0.0,0.0,0.0,0.0,softmax,3.3073723404255317,0.4683043175949011,,,,123.20768,3.85024,32.0,0,0.0,0.9,inf,0.9015196097560977,0.9015196097560977,,,1,0,8192,16.0
tpuv3_fp16,TPUv3 FP16,/home/CONNECT/cxu930/Documents/pinn-fullstack/LLMCompass/configs/ours/TPUv3.json,fp16,4096,1,4096,32,128,heuristic-TPU,customsa,FlashAttention-CustomSA,flashattention_customsa,3.682468085106383,0.0,0.0,0.0,0.0,3.382468085106383,0.0,1.2676118755555557,1.2654751773049644,0.3,3.382468085106383,fused_core,3.382468085106383,0.9185328988421272,256,4096,256,123.20768,3.85024,32.0,1140850688,1088.0,0.9,inf,0.9015196097560977,0.9015196097560977,0.3372835040257649,0.37475944891751656,1,0,8192,16.0
tpuv3_fp16,TPUv3 FP16,/home/CONNECT/cxu930/Documents/pinn-fullstack/LLMCompass/configs/ours/TPUv3.json,fp16,4096,1,4096,32,128,heuristic-TPU,flashattention,FlashAttention,flashattention,4.8132255319148936,3.328817021276596,1.1288510638297873,1.1844085106382978,4.513225531914893,0.0,0.0,1.2676118755555557,1.2654751773049644,0.3,4.513225531914893,matmul_pair,4.513225531914894,0.9376717342641021,256,4096,,123.20768,3.85024,32.0,1140850688,1088.0,0.9,inf,0.9015196097560977,0.9015196097560977,0.2527794545015689,0.2808660605572988,1,0,8192,16.0
tpuv3_fp16,TPUv3 FP16,/home/CONNECT/cxu930/Documents/pinn-fullstack/LLMCompass/configs/ours/TPUv3.json,fp16,8192,1,4096,32,128,heuristic-TPU,baseline,Unfused Attention,trivial,26.650021276595744,5.1514510638297875,12.320772340425533,9.177797872340427,0.0,0.0,0.0,0.0,0.0,0.0,0.0,softmax,12.320772340425533,0.4623175423595527,,,,123.20768,3.85024,32.0,0,0.0,0.9,inf,0.9015196097560977,0.9015196097560977,,,1,0,8192,16.0
tpuv3_fp16,TPUv3 FP16,/home/CONNECT/cxu930/Documents/pinn-fullstack/LLMCompass/configs/ours/TPUv3.json,fp16,8192,1,4096,32,128,heuristic-TPU,customsa,FlashAttention-CustomSA,flashattention_customsa,13.829872340425531,0.0,0.0,0.0,0.0,13.529872340425532,0.0,4.921316693333334,4.913021276595744,0.3,13.529872340425532,fused_core,13.529872340425532,0.9783078257979951,256,4096,256,123.20768,3.85024,32.0,4429185024,4224.0,0.9,inf,0.9015196097560977,0.9015196097560977,0.3273634009661836,0.36373711218464844,1,0,8192,16.0
tpuv3_fp16,TPUv3 FP16,/home/CONNECT/cxu930/Documents/pinn-fullstack/LLMCompass/configs/ours/TPUv3.json,fp16,8192,1,4096,32,128,heuristic-TPU,flashattention,FlashAttention,flashattention,18.352902127659576,13.315268085106384,4.515404255319149,4.737634042553191,18.05290212765957,0.0,0.0,4.921316693333334,4.913021276595744,0.3,18.05290212765957,matmul_pair,18.052902127659575,0.9836538113747214,256,4096,,123.20768,3.85024,32.0,4429185024,4224.0,0.9,inf,0.9015196097560977,0.9015196097560977,0.2453447646632875,0.2726052940703194,1,0,8192,16.0
tpuv3_fp16,TPUv3 FP16,/home/CONNECT/cxu930/Documents/pinn-fullstack/LLMCompass/configs/ours/TPUv3.json,fp16,16384,1,4096,32,128,heuristic-TPU,baseline,Unfused Attention,trivial,104.99967234042553,20.260659574468086,48.374287234042555,36.36472553191489,0.0,0.0,0.0,0.0,0.0,0.0,0.0,softmax,48.374287234042555,0.4607089351403447,,,,123.20768,3.85024,32.0,0,0.0,0.9,inf,0.9015196097560977,0.9015196097560977,,,1,0,8192,16.0
tpuv3_fp16,TPUv3 FP16,/home/CONNECT/cxu930/Documents/pinn-fullstack/LLMCompass/configs/ours/TPUv3.json,fp16,16384,1,4096,32,128,heuristic-TPU,customsa,FlashAttention-CustomSA,flashattention_customsa,54.41948936170213,0.0,0.0,0.0,0.0,54.11948936170213,0.0,19.387005155555556,19.35432624113475,0.3,54.11948936170213,fused_core,54.11948936170213,0.9944872691104095,256,4096,256,123.20768,3.85024,32.0,17448304640,16640.0,0.9,inf,0.9015196097560977,0.9015196097560977,0.3224033494363929,0.3582259438182144,1,0,8192,16.0
tpuv3_fp16,TPUv3 FP16,/home/CONNECT/cxu930/Documents/pinn-fullstack/LLMCompass/configs/ours/TPUv3.json,fp16,16384,1,4096,32,128,heuristic-TPU,flashattention,FlashAttention,flashattention,72.51160851063828,53.261072340425535,18.061617021276597,18.950536170212764,72.21160851063829,0.0,0.0,19.387005155555556,19.35432624113475,0.3,72.21160851063829,matmul_pair,72.2116085106383,0.9958627314141574,256,4096,,123.20768,3.85024,32.0,17448304640,16640.0,0.9,inf,0.9015196097560977,0.9015196097560977,0.24162741974414675,0.2684749108268297,1,0,8192,16.0
tpuv3_fp16,TPUv3 FP16,/home/CONNECT/cxu930/Documents/pinn-fullstack/LLMCompass/configs/ours/TPUv3.json,fp16,32768,1,4096,32,128,heuristic-TPU,baseline,Unfused Attention,trivial,418.4753361702127,80.69579148936171,192.57402127659574,145.20552340425533,0.0,0.0,0.0,0.0,0.0,0.0,0.0,softmax,192.57402127659574,0.46018009816059324,,,,123.20768,3.85024,32.0,0,0.0,0.9,inf,0.9015196097560977,0.9015196097560977,,,1,0,8192,16.0
tpuv3_fp16,TPUv3 FP16,/home/CONNECT/cxu930/Documents/pinn-fullstack/LLMCompass/configs/ours/TPUv3.json,fp16,32768,1,4096,32,128,heuristic-TPU,customsa,FlashAttention-CustomSA,flashattention_customsa,216.7779574468085,0.0,0.0,0.0,0.0,216.47795744680852,0.0,76.95149738666666,76.82178723404255,0.3,216.47795744680852,fused_core,216.47795744680852,0.9986160954576131,256,4096,256,123.20768,3.85024,32.0,69256347648,66048.0,0.9,inf,0.9015196097560977,0.9015196097560977,0.3199233236714976,0.35547035963499735,1,0,8192,16.0
tpuv3_fp16,TPUv3 FP16,/home/CONNECT/cxu930/Documents/pinn-fullstack/LLMCompass/configs/ours/TPUv3.json,fp16,32768,1,4096,32,128,heuristic-TPU,flashattention,FlashAttention,flashattention,289.1464340425532,213.04428936170214,72.24646808510639,75.80214468085106,288.84643404255314,0.0,0.0,76.95149738666666,76.82178723404255,0.3,288.84643404255314,matmul_pair,288.8464340425532,0.9989624634279396,256,4096,,123.20768,3.85024,32.0,69256347648,66048.0,0.9,inf,0.9015196097560977,0.9015196097560977,0.23976874728457642,0.2664097192050849,1,0,8192,16.0
tpuv3_int8,TPUv3 INT8,/home/CONNECT/cxu930/Documents/pinn-fullstack/LLMCompass/configs/ours/TPUv3.json,int8,2048,1,4096,32,128,heuristic-TPU,baseline,Unfused Attention,trivial,1.7143968085106382,0.2654563829787234,1.0523936170212764,0.39654680851063834,0.0,0.0,0.0,0.0,0.0,0.0,0.0,softmax,1.0523936170212764,0.6138564956473122,,,,123.20768,3.85024,32.0,0,0.0,0.9,inf,0.9015196097560977,0.9015196097560977,,,1,0,8192,16.0
tpuv3_int8,TPUv3 INT8,/home/CONNECT/cxu930/Documents/pinn-fullstack/LLMCompass/configs/ours/TPUv3.json,int8,2048,1,4096,32,128,heuristic-TPU,customsa,FlashAttention-CustomSA,flashattention_customsa,0.8060085106382979,0.0,0.0,0.0,0.0,0.5060085106382979,0.0,0.16777216,0.16748936170212764,0.3,0.5060085106382979,fused_core,0.5060085106382979,0.6277954934217472,256,2048,256,123.20768,3.85024,32.0,150994944,144.0,0.9,inf,0.9015196097560977,0.9015196097560977,0.2984039612486545,0.33155995694294943,1,0,8192,16.0
tpuv3_int8,TPUv3 INT8,/home/CONNECT/cxu930/Documents/pinn-fullstack/LLMCompass/configs/ours/TPUv3.json,int8,2048,1,4096,32,128,heuristic-TPU,flashattention,FlashAttention,flashattention,0.872868085106383,0.416136170212766,0.4249872340425532,0.156731914893617,0.572868085106383,0.0,0.0,0.16777216,0.16748936170212764,0.3,0.572868085106383,matmul_pair,0.572868085106383,0.6563054542618123,256,2048,,123.20768,3.85024,32.0,150994944,144.0,0.9,inf,0.9015196097560977,0.9015196097560977,0.2635771618730687,0.29286351319229853,1,0,8192,16.0
tpuv3_int8,TPUv3 INT8,/home/CONNECT/cxu930/Documents/pinn-fullstack/LLMCompass/configs/ours/TPUv3.json,int8,4096,1,4096,32,128,heuristic-TPU,baseline,Unfused Attention,trivial,5.305223404255319,0.7516702127659574,3.3073723404255317,1.24618085106383,0.0,0.0,0.0,0.0,0.0,0.0,0.0,softmax,3.3073723404255317,0.6234181086083367,,,,123.20768,3.85024,32.0,0,0.0,0.9,inf,0.9015196097560977,0.9015196097560977,,,1,0,8192,16.0
tpuv3_int8,TPUv3 INT8,/home/CONNECT/cxu930/Documents/pinn-fullstack/LLMCompass/configs/ours/TPUv3.json,int8,4096,1,4096,32,128,heuristic-TPU,customsa,FlashAttention-CustomSA,flashattention_customsa,2.288085106382979,0.0,0.0,0.0,0.0,1.988085106382979,0.0,0.6338059377777778,0.6327375886524822,0.3,1.988085106382979,fused_core,1.988085106382979,0.8688859959084991,256,4096,256,123.20768,3.85024,32.0,570425344,544.0,0.9,inf,0.9015196097560977,0.9015196097560977,0.2869219945205479,0.3188022161339421,1,0,8192,16.0
tpuv3_int8,TPUv3 INT8,/home/CONNECT/cxu930/Documents/pinn-fullstack/LLMCompass/configs/ours/TPUv3.json,int8,4096,1,4096,32,128,heuristic-TPU,flashattention,FlashAttention,flashattention,2.5568851063829787,1.664544680851064,1.686604255319149,0.5923404255319149,2.256885106382979,0.0,0.0,0.6338059377777778,0.6327375886524822,0.3,2.256885106382979,matmul_pair,2.256885106382979,0.882669737779346,256,4096,,123.20768,3.85024,32.0,570425344,544.0,0.9,inf,0.9015196097560977,0.9015196097560977,0.252748951369615,0.28083216818846113,1,0,8192,16.0
tpuv3_int8,TPUv3 INT8,/home/CONNECT/cxu930/Documents/pinn-fullstack/LLMCompass/configs/ours/TPUv3.json,int8,8192,1,4096,32,128,heuristic-TPU,baseline,Unfused Attention,trivial,19.630963829787234,2.6653382978723403,12.320772340425533,4.644853191489362,0.0,0.0,0.0,0.0,0.0,0.0,0.0,softmax,12.320772340425533,0.6276193286918744,,,,123.20768,3.85024,32.0,0,0.0,0.9,inf,0.9015196097560977,0.9015196097560977,,,1,0,8192,16.0
tpuv3_int8,TPUv3 INT8,/home/CONNECT/cxu930/Documents/pinn-fullstack/LLMCompass/configs/ours/TPUv3.json,int8,8192,1,4096,32,128,heuristic-TPU,customsa,FlashAttention-CustomSA,flashattention_customsa,8.180442553191488,0.0,0.0,0.0,0.0,7.880442553191489,0.0,2.460658346666667,2.456510638297872,0.3,7.880442553191489,fused_core,7.880442553191489,0.9633271674424315,256,8192,256,123.20768,3.85024,32.0,2214592512,2112.0,0.9,inf,0.9015196097560977,0.9015196097560977,0.2810238761404479,0.3122487512671643,1,0,8192,16.0
tpuv3_int8,TPUv3 INT8,/home/CONNECT/cxu930/Documents/pinn-fullstack/LLMCompass/configs/ours/TPUv3.json,int8,8192,1,4096,32,128,heuristic-TPU,flashattention,FlashAttention,flashattention,9.25836595744681,6.658178723404256,6.719727659574468,2.300187234042553,8.958365957446809,0.0,0.0,2.460658346666667,2.456510638297872,0.3,8.958365957446809,matmul_pair,8.958365957446809,0.9675968738566981,256,8192,,123.20768,3.85024,32.0,2214592512,2112.0,0.9,inf,0.9015196097560977,0.9015196097560977,0.2472094266431568,0.27467714071461863,1,0,8192,16.0
tpuv3_int8,TPUv3 INT8,/home/CONNECT/cxu930/Documents/pinn-fullstack/LLMCompass/configs/ours/TPUv3.json,int8,16384,1,4096,32,128,heuristic-TPU,baseline,Unfused Attention,trivial,76.93411276595745,10.320010638297873,48.374287234042555,18.23981489361702,0.0,0.0,0.0,0.0,0.0,0.0,0.0,softmax,48.374287234042555,0.6287755261596736,,,,123.20768,3.85024,32.0,0,0.0,0.9,inf,0.9015196097560977,0.9015196097560977,,,1,0,8192,16.0
tpuv3_int8,TPUv3 INT8,/home/CONNECT/cxu930/Documents/pinn-fullstack/LLMCompass/configs/ours/TPUv3.json,int8,16384,1,4096,32,128,heuristic-TPU,customsa,FlashAttention-CustomSA,flashattention_customsa,31.82177021276596,0.0,0.0,0.0,0.0,31.521770212765954,0.0,9.693502577777778,9.677163120567375,0.3,31.521770212765954,fused_core,31.521770212765954,0.9905724917880384,256,8192,256,123.20768,3.85024,32.0,8724152320,8320.0,0.9,inf,0.9015196097560977,0.9015196097560977,0.2767659386231684,0.3075177095812982,1,0,8192,16.0
tpuv3_int8,TPUv3 INT8,/home/CONNECT/cxu930/Documents/pinn-fullstack/LLMCompass/configs/ours/TPUv3.json,int8,16384,1,4096,32,128,heuristic-TPU,flashattention,FlashAttention,flashattention,36.13346382978724,26.632714893617024,26.87891063829787,9.200748936170212,35.833463829787235,0.0,0.0,9.693502577777778,9.677163120567375,0.3,35.833463829787235,matmul_pair,35.833463829787235,0.9916974469590515,256,8192,,123.20768,3.85024,32.0,8724152320,8320.0,0.9,inf,0.9015196097560977,0.9015196097560977,0.24346382926977564,0.2705153658553063,1,0,8192,16.0
tpuv3_int8,TPUv3 INT8,/home/CONNECT/cxu930/Documents/pinn-fullstack/LLMCompass/configs/ours/TPUv3.json,int8,32768,1,4096,32,128,heuristic-TPU,baseline,Unfused Attention,trivial,306.15172978723405,40.938700000000004,192.57402127659574,72.6390085106383,0.0,0.0,0.0,0.0,0.0,0.0,0.0,softmax,192.57402127659574,0.6290149704867868,,,,123.20768,3.85024,32.0,0,0.0,0.9,inf,0.9015196097560977,0.9015196097560977,,,1,0,8192,16.0
tpuv3_int8,TPUv3 INT8,/home/CONNECT/cxu930/Documents/pinn-fullstack/LLMCompass/configs/ours/TPUv3.json,int8,32768,1,4096,32,128,heuristic-TPU,customsa,FlashAttention-CustomSA,flashattention_customsa,126.38708085106381,0.0,0.0,0.0,0.0,126.08708085106382,0.0,38.47574869333333,38.41089361702127,0.3,126.08708085106382,fused_core,126.08708085106382,0.9976263396703219,256,8192,256,123.20768,3.85024,32.0,34628173824,33024.0,0.9,inf,0.9015196097560977,0.9015196097560977,0.2746369698645286,0.30515218873836514,1,0,8192,16.0
tpuv3_int8,TPUv3 INT8,/home/CONNECT/cxu930/Documents/pinn-fullstack/LLMCompass/configs/ours/TPUv3.json,int8,32768,1,4096,32,128,heuristic-TPU,flashattention,FlashAttention,flashattention,143.63385531914892,106.5308595744681,107.51564255319148,36.80299574468085,143.33385531914894,0.0,0.0,38.47574869333333,38.41089361702127,0.3,143.33385531914894,matmul_pair,143.33385531914894,0.997911355931139,256,8192,,123.20768,3.85024,32.0,34628173824,33024.0,0.9,inf,0.9015196097560977,0.9015196097560977,0.24159103058308506,0.26843447842565005,1,0,8192,16.0
tpuv4_fp16,TPUv4 FP16,/home/CONNECT/cxu930/Documents/pinn-fullstack/LLMCompass/configs/ours/TPUv4.json,fp16,2048,1,4096,32,128,heuristic-TPU,baseline,Unfused Attention,trivial,1.9416790476190475,0.3924838095238095,0.9306190476190476,0.6185761904761904,0.0,0.0,0.0,0.0,0.0,0.0,0.0,softmax,0.9306190476190476,0.47928572374523176,,,,275.2512,4.3008,64.0,0,0.0,1.2,inf,1.2010961454545455,1.2010961454545455,,,1,0,8192,16.0
tpuv4_fp16,TPUv4 FP16,/home/CONNECT/cxu930/Documents/pinn-fullstack/LLMCompass/configs/ours/TPUv4.json,fp16,2048,1,4096,32,128,heuristic-TPU,customsa,FlashAttention-CustomSA,flashattention_customsa,0.6785142857142856,0.0,0.0,0.0,0.0,0.3785142857142857,0.0,0.13981013333333334,0.1396825396825397,0.3,0.3785142857142857,fused_core,0.3785142857142857,0.5578575037897928,512,2048,512,275.2512,4.3008,64.0,167772160,160.0,1.2,inf,1.2010961454545455,1.2010961454545455,0.4432386473429952,0.369365539452496,1,0,8192,16.0
tpuv4_fp16,TPUv4 FP16,/home/CONNECT/cxu930/Documents/pinn-fullstack/LLMCompass/configs/ours/TPUv4.json,fp16,2048,1,4096,32,128,heuristic-TPU,flashattention,FlashAttention,flashattention,0.8127314285714284,0.37248000000000003,0.2556342857142857,0.14025142857142858,0.5127314285714285,0.0,0.0,0.13981013333333334,0.1396825396825397,0.3,0.5127314285714285,matmul_pair,0.5127314285714286,0.6308743707286893,512,2048,,275.2512,4.3008,64.0,167772160,160.0,1.2,inf,1.2010961454545455,1.2010961454545455,0.32721255349500716,0.272677127912506,1,0,8192,16.0
tpuv4_fp16,TPUv4 FP16,/home/CONNECT/cxu930/Documents/pinn-fullstack/LLMCompass/configs/ours/TPUv4.json,fp16,4096,1,4096,32,128,heuristic-TPU,baseline,Unfused Attention,trivial,6.1819685714285715,1.2297866666666668,2.82052380952381,2.131658095238095,0.0,0.0,0.0,0.0,0.0,0.0,0.0,softmax,2.82052380952381,0.4562501049519286,,,,275.2512,4.3008,64.0,0,0.0,1.2,inf,1.2010961454545455,1.2010961454545455,,,1,0,8192,16.0
tpuv4_fp16,TPUv4 FP16,/home/CONNECT/cxu930/Documents/pinn-fullstack/LLMCompass/configs/ours/TPUv4.json,fp16,4096,1,4096,32,128,heuristic-TPU,customsa,FlashAttention-CustomSA,flashattention_customsa,1.8060114285714286,0.0,0.0,0.0,0.0,1.5060114285714286,0.0,0.50331648,0.5028571428571429,0.3,1.5060114285714286,fused_core,1.5060114285714286,0.8338880943642185,512,4096,512,275.2512,4.3008,64.0,603979776,576.0,1.2,inf,1.2010961454545455,1.2010961454545455,0.40104594463331716,0.33420495386109766,1,0,8192,16.0
tpuv4_fp16,TPUv4 FP16,/home/CONNECT/cxu930/Documents/pinn-fullstack/LLMCompass/configs/ours/TPUv4.json,fp16,4096,1,4096,32,128,heuristic-TPU,flashattention,FlashAttention,flashattention,2.3202057142857146,1.490041904761905,1.0105904761904763,0.5301638095238095,2.0202057142857144,0.0,0.0,0.50331648,0.5028571428571429,0.3,2.0202057142857144,matmul_pair,2.0202057142857144,0.8707011200977253,512,4096,,275.2512,4.3008,64.0,603979776,576.0,1.2,inf,1.2010961454545455,1.2010961454545455,0.29896944243301954,0.2491412020275163,1,0,8192,16.0
tpuv4_fp16,TPUv4 FP16,/home/CONNECT/cxu930/Documents/pinn-fullstack/LLMCompass/configs/ours/TPUv4.json,fp16,8192,1,4096,32,128,heuristic-TPU,baseline,Unfused Attention,trivial,23.13638,4.578998095238095,10.373274285714286,8.18410761904762,0.0,0.0,0.0,0.0,0.0,0.0,0.0,softmax,10.373274285714286,0.4483533848300506,,,,275.2512,4.3008,64.0,0,0.0,1.2,inf,1.2010961454545455,1.2010961454545455,,,1,0,8192,16.0
tpuv4_fp16,TPUv4 FP16,/home/CONNECT/cxu930/Documents/pinn-fullstack/LLMCompass/configs/ours/TPUv4.json,fp16,8192,1,4096,32,128,heuristic-TPU,customsa,FlashAttention-CustomSA,flashattention_customsa,6.324045714285714,0.0,0.0,0.0,0.0,6.024045714285714,0.0,1.9014178133333333,1.8996825396825396,0.3,6.024045714285714,fused_core,6.024045714285714,0.9525620127441023,512,4096,512,275.2512,4.3008,64.0,2281701376,2176.0,1.2,inf,1.2010961454545455,1.2010961454545455,0.37876561437591066,0.3156380119799256,1,0,8192,16.0
tpuv4_fp16,TPUv4 FP16,/home/CONNECT/cxu930/Documents/pinn-fullstack/LLMCompass/configs/ours/TPUv4.json,fp16,8192,1,4096,32,128,heuristic-TPU,flashattention,FlashAttention,flashattention,8.380822857142858,5.96016761904762,4.042361904761905,2.120655238095238,8.080822857142858,0.0,0.0,1.9014178133333333,1.8996825396825396,0.3,8.080822857142858,matmul_pair,8.080822857142858,0.9642039922435164,512,4096,,275.2512,4.3008,64.0,2281701376,2176.0,1.2,inf,1.2010961454545455,1.2010961454545455,0.28236002896451845,0.23530002413709872,1,0,8192,16.0
tpuv4_fp16,TPUv4 FP16,/home/CONNECT/cxu930/Documents/pinn-fullstack/LLMCompass/configs/ours/TPUv4.json,fp16,16384,1,4096,32,128,heuristic-TPU,baseline,Unfused Attention,trivial,90.94834190476189,17.97584380952381,40.57834857142857,32.39414952380952,0.0,0.0,0.0,0.0,0.0,0.0,0.0,softmax,40.57834857142857,0.4461691958487916,,,,275.2512,4.3008,64.0,0,0.0,1.2,inf,1.2010961454545455,1.2010961454545455,,,1,0,8192,16.0
tpuv4_fp16,TPUv4 FP16,/home/CONNECT/cxu930/Documents/pinn-fullstack/LLMCompass/configs/ours/TPUv4.json,fp16,16384,1,4096,32,128,heuristic-TPU,customsa,FlashAttention-CustomSA,flashattention_customsa,24.396182857142858,0.0,0.0,0.0,0.0,24.096182857142857,0.0,7.3819750399999995,7.375238095238095,0.3,24.096182857142857,fused_core,24.096182857142857,0.9877029942857571,512,4096,512,275.2512,4.3008,64.0,8858370048,8448.0,1.2,inf,1.2010961454545455,1.2010961454545455,0.3676254492472074,0.3063545410393395,1,0,8192,16.0
tpuv4_fp16,TPUv4 FP16,/home/CONNECT/cxu930/Documents/pinn-fullstack/LLMCompass/configs/ours/TPUv4.json,fp16,16384,1,4096,32,128,heuristic-TPU,flashattention,FlashAttention,flashattention,32.623291428571434,23.84067047619048,16.16944761904762,8.482620952380952,32.32329142857143,0.0,0.0,7.3819750399999995,7.375238095238095,0.3,32.32329142857143,matmul_pair,32.32329142857143,0.9908041161126598,512,4096,,275.2512,4.3008,64.0,8858370048,8448.0,1.2,inf,1.2010961454545455,1.2010961454545455,0.2740553222302679,0.22837943519188994,1,0,8192,16.0
tpuv4_fp16,TPUv4 FP16,/home/CONNECT/cxu930/Documents/pinn-fullstack/LLMCompass/configs/ours/TPUv4.json,fp16,32768,1,4096,32,128,heuristic-TPU,baseline,Unfused Attention,trivial,362.27121523809524,71.56322666666667,161.40356190476192,129.30442666666667,0.0,0.0,0.0,0.0,0.0,0.0,0.0,softmax,161.40356190476192,0.4455323942827828,,,,275.2512,4.3008,64.0,0,0.0,1.2,inf,1.2010961454545455,1.2010961454545455,,,1,0,8192,16.0
tpuv4_fp16,TPUv4 FP16,/home/CONNECT/cxu930/Documents/pinn-fullstack/LLMCompass/configs/ours/TPUv4.json,fp16,32768,1,4096,32,128,heuristic-TPU,customsa,FlashAttention-CustomSA,flashattention_customsa,96.68473142857142,0.0,0.0,0.0,0.0,96.38473142857143,0.0,29.080507733333334,29.053968253968257,0.3,96.38473142857143,fused_core,96.38473142857143,0.9968971315784061,512,4096,512,275.2512,4.3008,64.0,34896609280,33280.0,1.2,inf,1.2010961454545455,1.2010961454545455,0.36205536668285576,0.3017128055690465,1,0,8192,16.0
tpuv4_fp16,TPUv4 FP16,/home/CONNECT/cxu930/Documents/pinn-fullstack/LLMCompass/configs/ours/TPUv4.json,fp16,32768,1,4096,32,128,heuristic-TPU,flashattention,FlashAttention,flashattention,129.59316571428573,95.36268190476191,64.67779047619048,33.93048380952381,129.29316571428572,0.0,0.0,29.080507733333334,29.053968253968257,0.3,129.29316571428572,matmul_pair,129.29316571428572,0.9976850631100299,512,4096,,275.2512,4.3008,64.0,34896609280,33280.0,1.2,inf,1.2010961454545455,1.2010961454545455,0.26990296886314263,0.22491914071928554,1,0,8192,16.0
tpuv4_int8,TPUv4 INT8,/home/CONNECT/cxu930/Documents/pinn-fullstack/LLMCompass/configs/ours/TPUv4.json,int8,2048,1,4096,32,128,heuristic-TPU,baseline,Unfused Attention,trivial,1.914227619047619,0.37424857142857143,0.9306190476190476,0.60936,0.0,0.0,0.0,0.0,0.0,0.0,0.0,softmax,0.9306190476190476,0.4861590326870616,,,,275.2512,4.3008,64.0,0,0.0,1.2,inf,1.2010961454545455,1.2010961454545455,,,1,0,8192,16.0
tpuv4_int8,TPUv4 INT8,/home/CONNECT/cxu930/Documents/pinn-fullstack/LLMCompass/configs/ours/TPUv4.json,int8,2048,1,4096,32,128,heuristic-TPU,customsa,FlashAttention-CustomSA,flashattention_customsa,0.7097219047619047,0.0,0.0,0.0,0.0,0.4097219047619048,0.0,0.06990506666666667,0.06984126984126986,0.3,0.4097219047619048,fused_core,0.4097219047619048,0.5772992238408606,512,2048,512,275.2512,4.3008,64.0,83886080,80.0,1.2,inf,1.2010961454545455,1.2010961454545455,0.2047390657542398,0.17061588812853318,1,0,8192,16.0
tpuv4_int8,TPUv4 INT8,/home/CONNECT/cxu930/Documents/pinn-fullstack/LLMCompass/configs/ours/TPUv4.json,int8,2048,1,4096,32,128,heuristic-TPU,flashattention,FlashAttention,flashattention,0.8127314285714284,0.37248000000000003,0.3804647619047619,0.14025142857142858,0.5127314285714285,0.0,0.0,0.06990506666666667,0.06984126984126986,0.3,0.5127314285714285,matmul_pair,0.5127314285714286,0.6308743707286893,512,2048,,275.2512,4.3008,64.0,83886080,80.0,1.2,inf,1.2010961454545455,1.2010961454545455,0.16360627674750358,0.136338563956253,1,0,8192,16.0
tpuv4_int8,TPUv4 INT8,/home/CONNECT/cxu930/Documents/pinn-fullstack/LLMCompass/configs/ours/TPUv4.json,int8,4096,1,4096,32,128,heuristic-TPU,baseline,Unfused Attention,trivial,6.09796761904762,1.1774933333333333,2.82052380952381,2.099950476190476,0.0,0.0,0.0,0.0,0.0,0.0,0.0,softmax,2.82052380952381,0.4625350585191069,,,,275.2512,4.3008,64.0,0,0.0,1.2,inf,1.2010961454545455,1.2010961454545455,,,1,0,8192,16.0
tpuv4_int8,TPUv4 INT8,/home/CONNECT/cxu930/Documents/pinn-fullstack/LLMCompass/configs/ours/TPUv4.json,int8,4096,1,4096,32,128,heuristic-TPU,customsa,FlashAttention-CustomSA,flashattention_customsa,1.9308419047619048,0.0,0.0,0.0,0.0,1.6308419047619047,0.0,0.25165824,0.25142857142857145,0.3,1.6308419047619047,fused_core,1.6308419047619047,0.8446273621573417,512,4096,512,275.2512,4.3008,64.0,301989888,288.0,1.2,inf,1.2010961454545455,1.2010961454545455,0.18517422634175512,0.15431185528479593,1,0,8192,16.0
tpuv4_int8,TPUv4 INT8,/home/CONNECT/cxu930/Documents/pinn-fullstack/LLMCompass/configs/ours/TPUv4.json,int8,4096,1,4096,32,128,heuristic-TPU,flashattention,FlashAttention,flashattention,2.3202057142857146,1.490041904761905,1.509912380952381,0.5301638095238095,2.0202057142857144,0.0,0.0,0.25165824,0.25142857142857145,0.3,2.0202057142857144,matmul_pair,2.0202057142857144,0.8707011200977253,512,4096,,275.2512,4.3008,64.0,301989888,288.0,1.2,inf,1.2010961454545455,1.2010961454545455,0.14948472121650977,0.12457060101375815,1,0,8192,16.0
tpuv4_int8,TPUv4 INT8,/home/CONNECT/cxu930/Documents/pinn-fullstack/LLMCompass/configs/ours/TPUv4.json,int8,8192,1,4096,32,128,heuristic-TPU,baseline,Unfused Attention,trivial,22.80716761904762,4.371459047619048,10.373274285714286,8.062434285714286,0.0,0.0,0.0,0.0,0.0,0.0,0.0,softmax,10.373274285714286,0.4548251873700858,,,,275.2512,4.3008,64.0,0,0.0,1.2,inf,1.2010961454545455,1.2010961454545455,,,1,0,8192,16.0
tpuv4_int8,TPUv4 INT8,/home/CONNECT/cxu930/Documents/pinn-fullstack/LLMCompass/configs/ours/TPUv4.json,int8,8192,1,4096,32,128,heuristic-TPU,customsa,FlashAttention-CustomSA,flashattention_customsa,6.80727619047619,0.0,0.0,0.0,0.0,6.50727619047619,0.0,0.9507089066666666,0.9498412698412698,0.3,6.50727619047619,fused_core,6.50727619047619,0.9559295096003716,512,8192,512,275.2512,4.3008,64.0,1140850688,1088.0,1.2,inf,1.2010961454545455,1.2010961454545455,0.1753192356687898,0.14609936305732482,1,0,8192,16.0
tpuv4_int8,TPUv4 INT8,/home/CONNECT/cxu930/Documents/pinn-fullstack/LLMCompass/configs/ours/TPUv4.json,int8,8192,1,4096,32,128,heuristic-TPU,flashattention,FlashAttention,flashattention,8.319382857142857,5.960411428571429,6.01575619047619,2.0589714285714287,8.019382857142856,0.0,0.0,0.9507089066666666,0.9498412698412698,0.3,8.019382857142856,matmul_pair,8.019382857142858,0.963939632884857,512,8192,,275.2512,4.3008,64.0,1140850688,1088.0,1.2,inf,1.2010961454545455,1.2010961454545455,0.14226165632980664,0.11855138027483887,1,0,8192,16.0
tpuv4_int8,TPUv4 INT8,/home/CONNECT/cxu930/Documents/pinn-fullstack/LLMCompass/configs/ours/TPUv4.json,int8,16384,1,4096,32,128,heuristic-TPU,baseline,Unfused Attention,trivial,89.63799809523809,17.147321904761906,40.57834857142857,31.912327619047616,0.0,0.0,0.0,0.0,0.0,0.0,0.0,softmax,40.57834857142857,0.452691374569913,,,,275.2512,4.3008,64.0,0,0.0,1.2,inf,1.2010961454545455,1.2010961454545455,,,1,0,8192,16.0
tpuv4_int8,TPUv4 INT8,/home/CONNECT/cxu930/Documents/pinn-fullstack/LLMCompass/configs/ours/TPUv4.json,int8,16384,1,4096,32,128,heuristic-TPU,customsa,FlashAttention-CustomSA,flashattention_customsa,26.329104761904762,0.0,0.0,0.0,0.0,26.02910476190476,0.0,3.6909875199999997,3.6876190476190476,0.3,26.02910476190476,fused_core,26.02910476190476,0.9886057652657425,512,8192,512,275.2512,4.3008,64.0,4429185024,4224.0,1.2,inf,1.2010961454545455,1.2010961454545455,0.1701627875608842,0.14180232296740353,1,0,8192,16.0
tpuv4_int8,TPUv4 INT8,/home/CONNECT/cxu930/Documents/pinn-fullstack/LLMCompass/configs/ours/TPUv4.json,int8,16384,1,4096,32,128,heuristic-TPU,flashattention,FlashAttention,flashattention,32.37753142857143,23.841645714285715,24.06302476190476,8.235885714285715,32.077531428571426,0.0,0.0,3.6909875199999997,3.6876190476190476,0.3,32.077531428571426,matmul_pair,32.07753142857143,0.9907343152253028,512,8192,,275.2512,4.3008,64.0,4429185024,4224.0,1.2,inf,1.2010961454545455,1.2010961454545455,0.1380774899671653,0.11506457497263775,1,0,8192,16.0
tpuv4_int8,TPUv4 INT8,/home/CONNECT/cxu930/Documents/pinn-fullstack/LLMCompass/configs/ours/TPUv4.json,int8,32768,1,4096,32,128,heuristic-TPU,baseline,Unfused Attention,trivial,356.9811619047619,68.25077333333333,161.40356190476192,127.32682666666668,0.0,0.0,0.0,0.0,0.0,0.0,0.0,softmax,161.40356190476192,0.45213467580068656,,,,275.2512,4.3008,64.0,0,0.0,1.2,inf,1.2010961454545455,1.2010961454545455,,,1,0,8192,16.0
tpuv4_int8,TPUv4 INT8,/home/CONNECT/cxu930/Documents/pinn-fullstack/LLMCompass/configs/ours/TPUv4.json,int8,32768,1,4096,32,128,heuristic-TPU,customsa,FlashAttention-CustomSA,flashattention_customsa,104.41641904761904,0.0,0.0,0.0,0.0,104.11641904761905,0.0,14.540253866666667,14.526984126984129,0.3,104.11641904761905,fused_core,104.11641904761905,0.9971268886374739,512,8192,512,275.2512,4.3008,64.0,17448304640,16640.0,1.2,inf,1.2010961454545455,1.2010961454545455,0.16758456350693143,0.13965380292244287,1,0,8192,16.0
tpuv4_int8,TPUv4 INT8,/home/CONNECT/cxu930/Documents/pinn-fullstack/LLMCompass/configs/ours/TPUv4.json,int8,32768,1,4096,32,128,heuristic-TPU,flashattention,FlashAttention,flashattention,128.61012571428572,95.36658285714286,96.25209904761904,32.94354285714286,128.3101257142857,0.0,0.0,14.540253866666667,14.526984126984129,0.3,128.3101257142857,matmul_pair,128.31012571428573,0.9976673687368408,512,8192,,275.2512,4.3008,64.0,17448304640,16640.0,1.2,inf,1.2010961454545455,1.2010961454545455,0.1359854067858446,0.11332117232153716,1,0,8192,16.0
tpuv5e_fp16,TPUv5e FP16,/home/CONNECT/cxu930/Documents/pinn-fullstack/LLMCompass/configs/ours/TPUv5e.json,fp16,2048,1,4096,32,128,heuristic-TPU,baseline,Unfused Attention,trivial,2.5402973333333336,0.5097293333333334,1.2115666666666667,0.8190013333333334,0.0,0.0,0.0,0.0,0.0,0.0,0.0,softmax,1.2115666666666667,0.4769389200109383,,,,196.608,6.144,32.0,0,0.0,0.8589934592,inf,0.8572841930273788,0.8572841930273788,,,1,0,8192,8.0
tpuv5e_fp16,TPUv5e FP16,/home/CONNECT/cxu930/Documents/pinn-fullstack/LLMCompass/configs/ours/TPUv5e.json,fp16,2048,1,4096,32,128,heuristic-TPU,customsa,FlashAttention-CustomSA,flashattention_customsa,0.8299200000000001,0.0,0.0,0.0,0.0,0.5299200000000001,0.0,0.1953125,0.19570191701253253,0.3,0.5299200000000001,fused_core,0.5299200000000001,0.6385193753614806,512,2048,512,196.608,6.144,32.0,167772160,160.0,0.8589934592,inf,0.8572841930273788,0.8572841930273788,0.3165990338164251,0.3685697841183575,1,0,8192,8.0
tpuv5e_fp16,TPUv5e FP16,/home/CONNECT/cxu930/Documents/pinn-fullstack/LLMCompass/configs/ours/TPUv5e.json,fp16,2048,1,4096,32,128,heuristic-TPU,flashattention,FlashAttention,flashattention,1.017824,0.521472,0.178944,0.196352,0.717824,0.0,0.0,0.1953125,0.19570191701253253,0.3,0.717824,matmul_pair,0.717824,0.7052535605369887,512,2048,,196.608,6.144,32.0,167772160,160.0,0.8589934592,inf,0.8572841930273788,0.8572841930273788,0.23372325249643366,0.2720896765781027,1,0,8192,8.0
tpuv5e_fp16,TPUv5e FP16,/home/CONNECT/cxu930/Documents/pinn-fullstack/LLMCompass/configs/ours/TPUv5e.json,fp16,4096,1,4096,32,128,heuristic-TPU,baseline,Unfused Attention,trivial,8.567028,1.6881186666666668,3.943598666666667,2.935310666666666,0.0,0.0,0.0,0.0,0.0,0.0,0.0,softmax,3.943598666666667,0.4603228408576074,,,,196.608,6.144,32.0,0,0.0,0.8589934592,inf,0.8572841930273788,0.8572841930273788,,,1,0,8192,8.0
tpuv5e_fp16,TPUv5e FP16,/home/CONNECT/cxu930/Documents/pinn-fullstack/LLMCompass/configs/ours/TPUv5e.json,fp16,4096,1,4096,32,128,heuristic-TPU,customsa,FlashAttention-CustomSA,flashattention_customsa,2.408416,0.0,0.0,0.0,0.0,2.108416,0.0,0.703125,0.7045269012451171,0.3,2.108416,fused_core,2.108416,0.8754368016156678,512,4096,512,196.608,6.144,32.0,603979776,576.0,0.8589934592,inf,0.8572841930273788,0.8572841930273788,0.286461389023798,0.3334849479419621,1,0,8192,8.0
tpuv5e_fp16,TPUv5e FP16,/home/CONNECT/cxu930/Documents/pinn-fullstack/LLMCompass/configs/ours/TPUv5e.json,fp16,4096,1,4096,32,128,heuristic-TPU,flashattention,FlashAttention,flashattention,3.128288,2.0860586666666667,0.7074133333333333,0.7422293333333333,2.828288,0.0,0.0,0.703125,0.7045269012451171,0.3,2.828288,matmul_pair,2.828288,0.9041009011957979,512,4096,,196.608,6.144,32.0,603979776,576.0,0.8589934592,inf,0.8572841930273788,0.8572841930273788,0.21354960173787113,0.24860445612328025,1,0,8192,8.0
tpuv5e_fp16,TPUv5e FP16,/home/CONNECT/cxu930/Documents/pinn-fullstack/LLMCompass/configs/ours/TPUv5e.json,fp16,8192,1,4096,32,128,heuristic-TPU,baseline,Unfused Attention,trivial,32.658910666666664,6.389345333333333,14.868932,11.400633333333333,0.0,0.0,0.0,0.0,0.0,0.0,0.0,softmax,14.868932,0.45527948411261565,,,,196.608,6.144,32.0,0,0.0,0.8589934592,inf,0.8572841930273788,0.8572841930273788,,,1,0,8192,8.0
tpuv5e_fp16,TPUv5e FP16,/home/CONNECT/cxu930/Documents/pinn-fullstack/LLMCompass/configs/ours/TPUv5e.json,fp16,8192,1,4096,32,128,heuristic-TPU,customsa,FlashAttention-CustomSA,flashattention_customsa,8.733664000000001,0.0,0.0,0.0,0.0,8.433664,0.0,2.65625,2.6615460713704424,0.3,8.433664,fused_core,8.433664,0.9656501555360957,512,4096,512,196.608,6.144,32.0,2281701376,2176.0,0.8589934592,inf,0.8572841930273788,0.8572841930273788,0.2705468674113647,0.31495800638963084,1,0,8192,8.0
tpuv5e_fp16,TPUv5e FP16,/home/CONNECT/cxu930/Documents/pinn-fullstack/LLMCompass/configs/ours/TPUv5e.json,fp16,8192,1,4096,32,128,heuristic-TPU,flashattention,FlashAttention,flashattention,11.613152,8.344234666666667,2.8296533333333334,2.968917333333333,11.313152,0.0,0.0,2.65625,2.6615460713704424,0.3,11.313152,matmul_pair,11.313152,0.9741672200622192,512,4096,,196.608,6.144,32.0,2281701376,2176.0,0.8589934592,inf,0.8572841930273788,0.8572841930273788,0.20168573497465603,0.23479309744976462,1,0,8192,8.0
tpuv5e_fp16,TPUv5e FP16,/home/CONNECT/cxu930/Documents/pinn-fullstack/LLMCompass/configs/ours/TPUv5e.json,fp16,16384,1,4096,32,128,heuristic-TPU,baseline,Unfused Attention,trivial,129.02736266666668,25.169590666666664,58.572172,45.2856,0.0,0.0,0.0,0.0,0.0,0.0,0.0,softmax,58.572172,0.4539515556193858,,,,196.608,6.144,32.0,0,0.0,0.8589934592,inf,0.8572841930273788,0.8572841930273788,,,1,0,8192,8.0
tpuv5e_fp16,TPUv5e FP16,/home/CONNECT/cxu930/Documents/pinn-fullstack/LLMCompass/configs/ours/TPUv5e.json,fp16,16384,1,4096,32,128,heuristic-TPU,customsa,FlashAttention-CustomSA,flashattention_customsa,34.034656000000005,0.0,0.0,0.0,0.0,33.734656,0.0,10.3125,10.333061218261717,0.3,33.734656,fused_core,33.734656,0.9911854552018976,512,4096,512,196.608,6.144,32.0,8858370048,8448.0,0.8589934592,inf,0.8572841930273788,0.8572841930273788,0.26258960660514813,0.30569453561346527,1,0,8192,8.0
tpuv5e_fp16,TPUv5e FP16,/home/CONNECT/cxu930/Documents/pinn-fullstack/LLMCompass/configs/ours/TPUv5e.json,fp16,16384,1,4096,32,128,heuristic-TPU,flashattention,FlashAttention,flashattention,45.552608,33.37693866666667,11.318613333333333,11.875669333333333,45.252608,0.0,0.0,10.3125,10.333061218261717,0.3,45.252608,matmul_pair,45.252608,0.9934142080295382,512,4096,,196.608,6.144,32.0,8858370048,8448.0,0.8589934592,inf,0.8572841930273788,0.8572841930273788,0.19575380159304853,0.2278874181130069,1,0,8192,8.0
tpuv5e_fp16,TPUv5e FP16,/home/CONNECT/cxu930/Documents/pinn-fullstack/LLMCompass/configs/ours/TPUv5e.json,fp16,32768,1,4096,32,128,heuristic-TPU,baseline,Unfused Attention,trivial,514.4071133333333,100.24124933333334,233.367352,180.798512,0.0,0.0,0.0,0.0,0.0,0.0,0.0,softmax,233.367352,0.4536627623358293,,,,196.608,6.144,32.0,0,0.0,0.8589934592,inf,0.8572841930273788,0.8572841930273788,,,1,0,8192,8.0
tpuv5e_fp16,TPUv5e FP16,/home/CONNECT/cxu930/Documents/pinn-fullstack/LLMCompass/configs/ours/TPUv5e.json,fp16,32768,1,4096,32,128,heuristic-TPU,customsa,FlashAttention-CustomSA,flashattention_customsa,135.23862400000002,0.0,0.0,0.0,0.0,134.938624,0.0,40.625,40.705998738606766,0.3,134.938624,fused_core,134.938624,0.9977816988140902,512,4096,512,196.608,6.144,32.0,34896609280,33280.0,0.8589934592,inf,0.8572841930273788,0.8572841930273788,0.2586109762020398,0.30106280022538245,1,0,8192,8.0
tpuv5e_fp16,TPUv5e FP16,/home/CONNECT/cxu930/Documents/pinn-fullstack/LLMCompass/configs/ours/TPUv5e.json,fp16,32768,1,4096,32,128,heuristic-TPU,flashattention,FlashAttention,flashattention,181.310432,133.50775466666667,45.274453333333334,47.50267733333333,181.010432,0.0,0.0,40.625,40.705998738606766,0.3,181.010432,matmul_pair,181.010432,0.9983453792664286,512,4096,,196.608,6.144,32.0,34896609280,33280.0,0.8589934592,inf,0.8572841930273788,0.8572841930273788,0.19278783490224474,0.22443457844462797,1,0,8192,8.0
tpuv5e_int8,TPUv5e INT8,/home/CONNECT/cxu930/Documents/pinn-fullstack/LLMCompass/configs/ours/TPUv5e.json,int8,2048,1,4096,32,128,heuristic-TPU,baseline,Unfused Attention,trivial,1.9860099999999998,0.3093286666666667,1.2115666666666667,0.4651146666666667,0.0,0.0,0.0,0.0,0.0,0.0,0.0,softmax,1.2115666666666667,0.6100506375429463,,,,196.608,6.144,32.0,0,0.0,0.8589934592,inf,0.8572841930273788,0.8572841930273788,,,1,0,8192,8.0
tpuv5e_int8,TPUv5e INT8,/home/CONNECT/cxu930/Documents/pinn-fullstack/LLMCompass/configs/ours/TPUv5e.json,int8,2048,1,4096,32,128,heuristic-TPU,customsa,FlashAttention-CustomSA,flashattention_customsa,0.5896213333333333,0.0,0.0,0.0,0.0,0.28962133333333334,0.0,0.09765625,0.09785095850626627,0.3,0.28962133333333334,fused_core,0.28962133333333334,0.49119887113989547,512,2048,512,196.608,6.144,32.0,83886080,80.0,0.8589934592,inf,0.8572841930273788,0.8572841930273788,0.2896405421331762,0.3371859692656158,1,0,8192,8.0
tpuv5e_int8,TPUv5e INT8,/home/CONNECT/cxu930/Documents/pinn-fullstack/LLMCompass/configs/ours/TPUv5e.json,int8,2048,1,4096,32,128,heuristic-TPU,flashattention,FlashAttention,flashattention,0.6589973333333333,0.26077866666666666,0.26632533333333336,0.09821866666666666,0.35899733333333333,0.0,0.0,0.09765625,0.09785095850626627,0.3,0.35899733333333333,matmul_pair,0.35899733333333333,0.5447629530114436,512,2048,,196.608,6.144,32.0,83886080,80.0,0.8589934592,inf,0.8572841930273788,0.8572841930273788,0.2336676966959829,0.2720250011142144,1,0,8192,8.0
tpuv5e_int8,TPUv5e INT8,/home/CONNECT/cxu930/Documents/pinn-fullstack/LLMCompass/configs/ours/TPUv5e.json,int8,4096,1,4096,32,128,heuristic-TPU,baseline,Unfused Attention,trivial,6.364655333333333,0.8976806666666666,3.943598666666667,1.523376,0.0,0.0,0.0,0.0,0.0,0.0,0.0,softmax,3.943598666666667,0.619609147727612,,,,196.608,6.144,32.0,0,0.0,0.8589934592,inf,0.8572841930273788,0.8572841930273788,,,1,0,8192,8.0
tpuv5e_int8,TPUv5e INT8,/home/CONNECT/cxu930/Documents/pinn-fullstack/LLMCompass/configs/ours/TPUv5e.json,int8,4096,1,4096,32,128,heuristic-TPU,customsa,FlashAttention-CustomSA,flashattention_customsa,1.4472213333333332,0.0,0.0,0.0,0.0,1.1472213333333332,0.0,0.3515625,0.35226345062255854,0.3,1.1472213333333332,fused_core,1.1472213333333332,0.7927062066525645,512,4096,512,196.608,6.144,32.0,301989888,288.0,0.8589934592,inf,0.8572841930273788,0.8572841930273788,0.2632359416840226,0.3064469686756173,1,0,8192,8.0
tpuv5e_int8,TPUv5e INT8,/home/CONNECT/cxu930/Documents/pinn-fullstack/LLMCompass/configs/ours/TPUv5e.json,int8,4096,1,4096,32,128,heuristic-TPU,flashattention,FlashAttention,flashattention,1.7143146666666664,1.0431146666666666,1.0569386666666667,0.37120000000000003,1.4143146666666666,0.0,0.0,0.3515625,0.35226345062255854,0.3,1.4143146666666666,matmul_pair,1.4143146666666666,0.8250029555056404,512,4096,,196.608,6.144,32.0,301989888,288.0,0.8589934592,inf,0.8572841930273788,0.8572841930273788,0.21352383250874865,0.248574456792265,1,0,8192,8.0
tpuv5e_int8,TPUv5e INT8,/home/CONNECT/cxu930/Documents/pinn-fullstack/LLMCompass/configs/ours/TPUv5e.json,int8,8192,1,4096,32,128,heuristic-TPU,baseline,Unfused Attention,trivial,23.876527333333335,3.2510886666666665,14.868932,5.756506666666666,0.0,0.0,0.0,0.0,0.0,0.0,0.0,softmax,14.868932,0.622742654005715,,,,196.608,6.144,32.0,0,0.0,0.8589934592,inf,0.8572841930273788,0.8572841930273788,,,1,0,8192,8.0
tpuv5e_int8,TPUv5e INT8,/home/CONNECT/cxu930/Documents/pinn-fullstack/LLMCompass/configs/ours/TPUv5e.json,int8,8192,1,4096,32,128,heuristic-TPU,customsa,FlashAttention-CustomSA,flashattention_customsa,4.866357333333333,0.0,0.0,0.0,0.0,4.566357333333333,0.0,1.328125,1.3307730356852212,0.3,4.566357333333333,fused_core,4.566357333333333,0.9383522459509755,512,8192,512,196.608,6.144,32.0,1140850688,1088.0,0.8589934592,inf,0.8572841930273788,0.8572841930273788,0.2498382418896696,0.29084999334261474,1,0,8192,8.0
tpuv5e_int8,TPUv5e INT8,/home/CONNECT/cxu930/Documents/pinn-fullstack/LLMCompass/configs/ours/TPUv5e.json,int8,8192,1,4096,32,128,heuristic-TPU,flashattention,FlashAttention,flashattention,5.913909333333334,4.1724586666666665,4.211029333333333,1.4414506666666667,5.613909333333334,0.0,0.0,1.328125,1.3307730356852212,0.3,5.613909333333334,matmul_pair,5.613909333333333,0.9492721340333928,512,8192,,196.608,6.144,32.0,1140850688,1088.0,0.8589934592,inf,0.8572841930273788,0.8572841930273788,0.20321858089621203,0.2365775649624551,1,0,8192,8.0
tpuv5e_int8,TPUv5e INT8,/home/CONNECT/cxu930/Documents/pinn-fullstack/LLMCompass/configs/ours/TPUv5e.json,int8,16384,1,4096,32,128,heuristic-TPU,baseline,Unfused Attention,trivial,93.924528,12.664720666666668,58.572172,22.68763533333333,0.0,0.0,0.0,0.0,0.0,0.0,0.0,softmax,58.572172,0.6236089043747977,,,,196.608,6.144,32.0,0,0.0,0.8589934592,inf,0.8572841930273788,0.8572841930273788,,,1,0,8192,8.0
tpuv5e_int8,TPUv5e INT8,/home/CONNECT/cxu930/Documents/pinn-fullstack/LLMCompass/configs/ours/TPUv5e.json,int8,16384,1,4096,32,128,heuristic-TPU,customsa,FlashAttention-CustomSA,flashattention_customsa,18.565429333333334,0.0,0.0,0.0,0.0,18.265429333333334,0.0,5.15625,5.1665306091308585,0.3,18.265429333333334,fused_core,18.265429333333334,0.9838409338877305,512,8192,512,196.608,6.144,32.0,4429185024,4224.0,0.8589934592,inf,0.8572841930273788,0.8572841930273788,0.24249005830467932,0.2822955817737143,1,0,8192,8.0
tpuv5e_int8,TPUv5e INT8,/home/CONNECT/cxu930/Documents/pinn-fullstack/LLMCompass/configs/ours/TPUv5e.json,int8,16384,1,4096,32,128,heuristic-TPU,flashattention,FlashAttention,flashattention,22.755637333333336,16.689834666666666,16.844117333333333,5.765802666666667,22.455637333333335,0.0,0.0,5.15625,5.1665306091308585,0.3,22.455637333333335,matmul_pair,22.455637333333332,0.9868164536283696,512,8192,,196.608,6.144,32.0,4429185024,4224.0,0.8589934592,inf,0.8572841930273788,0.8572841930273788,0.19724156381102934,0.2296194012870888,1,0,8192,8.0
tpuv5e_int8,TPUv5e INT8,/home/CONNECT/cxu930/Documents/pinn-fullstack/LLMCompass/configs/ours/TPUv5e.json,int8,32768,1,4096,32,128,heuristic-TPU,baseline,Unfused Attention,trivial,374.14764866666667,50.31924866666667,233.367352,90.461048,0.0,0.0,0.0,0.0,0.0,0.0,0.0,softmax,233.367352,0.623730639044882,,,,196.608,6.144,32.0,0,0.0,0.8589934592,inf,0.8572841930273788,0.8572841930273788,,,1,0,8192,8.0
tpuv5e_int8,TPUv5e INT8,/home/CONNECT/cxu930/Documents/pinn-fullstack/LLMCompass/configs/ours/TPUv5e.json,int8,32768,1,4096,32,128,heuristic-TPU,customsa,FlashAttention-CustomSA,flashattention_customsa,73.36171733333333,0.0,0.0,0.0,0.0,73.06171733333333,0.0,20.3125,20.352999369303383,0.3,73.06171733333333,fused_core,73.06171733333333,0.9959106737014226,512,8192,512,196.608,6.144,32.0,17448304640,16640.0,0.8589934592,inf,0.8572841930273788,0.8572841930273788,0.2388159665121842,0.2780183759892641,1,0,8192,8.0
tpuv5e_int8,TPUv5e INT8,/home/CONNECT/cxu930/Documents/pinn-fullstack/LLMCompass/configs/ours/TPUv5e.json,int8,32768,1,4096,32,128,heuristic-TPU,flashattention,FlashAttention,flashattention,90.12254933333332,66.75933866666666,67.37646933333333,23.063210666666667,89.82254933333334,0.0,0.0,20.3125,20.352999369303383,0.3,89.82254933333334,matmul_pair,89.82254933333333,0.9966711993588819,512,8192,,196.608,6.144,32.0,17448304640,16640.0,0.8589934592,inf,0.8572841930273788,0.8572841930273788,0.194253055268438,0.22614031944940566,1,0,8192,8.0
tpuv5p_fp16,TPUv5p FP16,/home/CONNECT/cxu930/Documents/pinn-fullstack/LLMCompass/configs/ours/TPUv5p.json,fp16,2048,1,4096,32,128,heuristic-TPU,baseline,Unfused Attention,trivial,1.2083485714285715,0.2766274285714286,0.5198571428571429,0.411864,0.0,0.0,0.0,0.0,0.0,0.0,0.0,softmax,0.5198571428571429,0.43022117553591444,,,,458.752,14.336,32.0,0,0.0,2.76488778752,inf,2.7633913154736245,2.7633913154736245,,,1,0,8192,16.0
tpuv5p_fp16,TPUv5p FP16,/home/CONNECT/cxu930/Documents/pinn-fullstack/LLMCompass/configs/ours/TPUv5p.json,fp16,2048,1,4096,32,128,heuristic-TPU,customsa,FlashAttention-CustomSA,flashattention_customsa,0.5271085714285715,0.0,0.0,0.0,0.0,0.22710857142857144,0.0,0.06067955479324725,0.060712414872464454,0.3,0.22710857142857144,fused_core,0.22710857142857144,0.4308572915311565,512,2048,512,458.752,14.336,32.0,167772160,160.0,2.76488778752,inf,2.7633913154736245,2.7633913154736245,0.7387310789049919,0.26718302357131307,1,0,8192,16.0
tpuv5p_fp16,TPUv5p FP16,/home/CONNECT/cxu930/Documents/pinn-fullstack/LLMCompass/configs/ours/TPUv5p.json,fp16,2048,1,4096,32,128,heuristic-TPU,flashattention,FlashAttention,flashattention,0.6076388571428571,0.22348800000000002,0.07669028571428571,0.08415085714285714,0.30763885714285716,0.0,0.0,0.06067955479324725,0.060712414872464454,0.3,0.30763885714285716,matmul_pair,0.30763885714285716,0.5062856884916604,512,2048,,458.752,14.336,32.0,167772160,160.0,2.76488778752,inf,2.7633913154736245,2.7633913154736245,0.5453542558250118,0.1972428169731163,1,0,8192,16.0
tpuv5p_fp16,TPUv5p FP16,/home/CONNECT/cxu930/Documents/pinn-fullstack/LLMCompass/configs/ours/TPUv5p.json,fp16,4096,1,4096,32,128,heuristic-TPU,baseline,Unfused Attention,trivial,3.2614388571428568,0.7720971428571428,1.1773999999999998,1.3119417142857144,0.0,0.0,0.0,0.0,0.0,0.0,0.0,a_mul_v,1.3119417142857144,0.40225856493137657,,,,458.752,14.336,32.0,0,0.0,2.76488778752,inf,2.7633913154736245,2.7633913154736245,,,1,0,8192,16.0
tpuv5p_fp16,TPUv5p FP16,/home/CONNECT/cxu930/Documents/pinn-fullstack/LLMCompass/configs/ours/TPUv5p.json,fp16,4096,1,4096,32,128,heuristic-TPU,customsa,FlashAttention-CustomSA,flashattention_customsa,1.2036068571428573,0.0,0.0,0.0,0.0,0.9036068571428572,0.0,0.21844639725569012,0.21856469354087205,0.3,0.9036068571428572,fused_core,0.9036068571428572,0.750749176760138,512,4096,512,458.752,14.336,32.0,603979776,576.0,2.76488778752,inf,2.7633913154736245,2.7633913154736245,0.6684099077221952,0.241749379753937,1,0,8192,16.0
tpuv5p_fp16,TPUv5p FP16,/home/CONNECT/cxu930/Documents/pinn-fullstack/LLMCompass/configs/ours/TPUv5p.json,fp16,4096,1,4096,32,128,heuristic-TPU,flashattention,FlashAttention,flashattention,1.5121234285714285,0.8940251428571429,0.30317714285714287,0.3180982857142857,1.2121234285714286,0.0,0.0,0.21844639725569012,0.21856469354087205,0.3,1.2121234285714286,matmul_pair,1.2121234285714286,0.8016034972201816,512,4096,,458.752,14.336,32.0,603979776,576.0,2.76488778752,inf,2.7633913154736245,2.7633913154736245,0.4982824040550326,0.18021794819455333,1,0,8192,16.0
tpuv5p_fp16,TPUv5p FP16,/home/CONNECT/cxu930/Documents/pinn-fullstack/LLMCompass/configs/ours/TPUv5p.json,fp16,8192,1,4096,32,128,heuristic-TPU,baseline,Unfused Attention,trivial,11.471811428571428,2.753976,3.8055462857142857,4.912289142857143,0.0,0.0,0.0,0.0,0.0,0.0,0.0,a_mul_v,4.912289142857143,0.42820518567997984,,,,458.752,14.336,32.0,0,0.0,2.76488778752,inf,2.7633913154736245,2.7633913154736245,,,1,0,8192,16.0
tpuv5p_fp16,TPUv5p FP16,/home/CONNECT/cxu930/Documents/pinn-fullstack/LLMCompass/configs/ours/TPUv5p.json,fp16,8192,1,4096,32,128,heuristic-TPU,customsa,FlashAttention-CustomSA,flashattention_customsa,3.914427428571429,0.0,0.0,0.0,0.0,3.6144274285714286,0.0,0.8252419451881626,0.8256888422655166,0.3,3.6144274285714286,fused_core,3.6144274285714286,0.9233604389213353,512,4096,512,458.752,14.336,32.0,2281701376,2176.0,2.76488778752,inf,2.7633913154736245,2.7633913154736245,0.631276023959851,0.22831885865649607,1,0,8192,16.0
tpuv5p_fp16,TPUv5p FP16,/home/CONNECT/cxu930/Documents/pinn-fullstack/LLMCompass/configs/ours/TPUv5p.json,fp16,8192,1,4096,32,128,heuristic-TPU,flashattention,FlashAttention,flashattention,5.148493714285714,3.5761005714285714,1.2127085714285715,1.272393142857143,4.8484937142857145,0.0,0.0,0.8252419451881626,0.8256888422655166,0.3,4.8484937142857145,matmul_pair,4.8484937142857145,0.9417305300057803,512,4096,,458.752,14.336,32.0,2281701376,2176.0,2.76488778752,inf,2.7633913154736245,2.7633913154736245,0.47060004827419744,0.17020583996152258,1,0,8192,16.0
tpuv5p_fp16,TPUv5p FP16,/home/CONNECT/cxu930/Documents/pinn-fullstack/LLMCompass/configs/ours/TPUv5p.json,fp16,16384,1,4096,32,128,heuristic-TPU,baseline,Unfused Attention,trivial,44.30932457142857,10.68149142857143,14.314081142857143,19.313752,0.0,0.0,0.0,0.0,0.0,0.0,0.0,a_mul_v,19.313752,0.4358845951006405,,,,458.752,14.336,32.0,0,0.0,2.76488778752,inf,2.7633913154736245,2.7633913154736245,,,1,0,8192,16.0
tpuv5p_fp16,TPUv5p FP16,/home/CONNECT/cxu930/Documents/pinn-fullstack/LLMCompass/configs/ours/TPUv5p.json,fp16,16384,1,4096,32,128,heuristic-TPU,customsa,FlashAttention-CustomSA,flashattention_customsa,14.757709714285715,0.0,0.0,0.0,0.0,14.457709714285714,0.0,3.203880493083455,3.2056155052661235,0.3,14.457709714285714,fused_core,14.457709714285714,0.9796716424290691,512,4096,512,458.752,14.336,32.0,8858370048,8448.0,2.76488778752,inf,2.7633913154736245,2.7633913154736245,0.6127090820786789,0.22160359810777558,1,0,8192,16.0
tpuv5p_fp16,TPUv5p FP16,/home/CONNECT/cxu930/Documents/pinn-fullstack/LLMCompass/configs/ours/TPUv5p.json,fp16,16384,1,4096,32,128,heuristic-TPU,flashattention,FlashAttention,flashattention,19.69397485714286,14.304402285714286,4.850834285714286,5.089572571428572,19.393974857142858,0.0,0.0,3.203880493083455,3.2056155052661235,0.3,19.393974857142858,matmul_pair,19.393974857142858,0.984766914643887,512,4096,,458.752,14.336,32.0,8858370048,8448.0,2.76488778752,inf,2.7633913154736245,2.7633913154736245,0.4567588703837798,0.16519978584500722,1,0,8192,16.0
tpuv5p_fp16,TPUv5p FP16,/home/CONNECT/cxu930/Documents/pinn-fullstack/LLMCompass/configs/ours/TPUv5p.json,fp16,32768,1,4096,32,128,heuristic-TPU,baseline,Unfused Attention,trivial,175.65142285714285,42.39155314285714,56.34012,76.91974971428571,0.0,0.0,0.0,0.0,0.0,0.0,0.0,a_mul_v,76.91974971428571,0.43791133862231496,,,,458.752,14.336,32.0,0,0.0,2.76488778752,inf,2.7633913154736245,2.7633913154736245,,,1,0,8192,16.0
tpuv5p_fp16,TPUv5p FP16,/home/CONNECT/cxu930/Documents/pinn-fullstack/LLMCompass/configs/ours/TPUv5p.json,fp16,32768,1,4096,32,128,heuristic-TPU,customsa,FlashAttention-CustomSA,flashattention_customsa,58.13083885714286,0.0,0.0,0.0,0.0,57.83083885714286,0.0,12.621347396995427,12.628182293472607,0.3,57.83083885714286,fused_core,57.83083885714286,0.994839228094794,512,4096,512,458.752,14.336,32.0,34896609280,33280.0,2.76488778752,inf,2.7633913154736245,2.7633913154736245,0.6034256111380929,0.21824596783341535,1,0,8192,16.0
tpuv5p_fp16,TPUv5p FP16,/home/CONNECT/cxu930/Documents/pinn-fullstack/LLMCompass/configs/ours/TPUv5p.json,fp16,32768,1,4096,32,128,heuristic-TPU,flashattention,FlashAttention,flashattention,77.87589942857143,57.21760914285714,19.403337142857144,20.358290285714286,77.57589942857143,0.0,0.0,12.621347396995427,12.628182293472607,0.3,77.57589942857143,matmul_pair,77.57589942857143,0.9961477170446659,512,4096,,458.752,14.336,32.0,34896609280,33280.0,2.76488778752,inf,2.7633913154736245,2.7633913154736245,0.449838281438571,0.16269675878674952,1,0,8192,16.0
tpuv5p_int8,TPUv5p INT8,/home/CONNECT/cxu930/Documents/pinn-fullstack/LLMCompass/configs/ours/TPUv5p.json,int8,2048,1,4096,32,128,heuristic-TPU,baseline,Unfused Attention,trivial,0.9709771428571429,0.18998285714285715,0.5198571428571429,0.2611371428571429,0.0,0.0,0.0,0.0,0.0,0.0,0.0,softmax,0.5198571428571429,0.5353958604292584,,,,458.752,14.336,32.0,0,0.0,2.76488778752,inf,2.7633913154736245,2.7633913154736245,,,1,0,8192,16.0
tpuv5p_int8,TPUv5p INT8,/home/CONNECT/cxu930/Documents/pinn-fullstack/LLMCompass/configs/ours/TPUv5p.json,int8,2048,1,4096,32,128,heuristic-TPU,customsa,FlashAttention-CustomSA,flashattention_customsa,0.42412342857142854,0.0,0.0,0.0,0.0,0.12412342857142858,0.0,0.030339777396623625,0.030356207436232227,0.3,0.12412342857142858,fused_core,0.12412342857142858,0.2926587408517198,512,2048,512,458.752,14.336,32.0,83886080,80.0,2.76488778752,inf,2.7633913154736245,2.7633913154736245,0.6758279316440777,0.24443231826426845,1,0,8192,16.0
tpuv5p_int8,TPUv5p INT8,/home/CONNECT/cxu930/Documents/pinn-fullstack/LLMCompass/configs/ours/TPUv5p.json,int8,2048,1,4096,32,128,heuristic-TPU,flashattention,FlashAttention,flashattention,0.453856,0.11176228571428572,0.11413942857142857,0.04209371428571429,0.15385600000000002,0.0,0.0,0.030339777396623625,0.030356207436232227,0.3,0.15385600000000002,matmul_pair,0.153856,0.33899739124303746,512,2048,,458.752,14.336,32.0,83886080,80.0,2.76488778752,inf,2.7633913154736245,2.7633913154736245,0.54522462562396,0.19719593253837106,1,0,8192,16.0
tpuv5p_int8,TPUv5p INT8,/home/CONNECT/cxu930/Documents/pinn-fullstack/LLMCompass/configs/ours/TPUv5p.json,int8,4096,1,4096,32,128,heuristic-TPU,baseline,Unfused Attention,trivial,2.326858857142857,0.43818228571428575,1.1773999999999998,0.7112765714285714,0.0,0.0,0.0,0.0,0.0,0.0,0.0,softmax,1.1773999999999998,0.5060040476394541,,,,458.752,14.336,32.0,0,0.0,2.76488778752,inf,2.7633913154736245,2.7633913154736245,,,1,0,8192,16.0
tpuv5p_int8,TPUv5p INT8,/home/CONNECT/cxu930/Documents/pinn-fullstack/LLMCompass/configs/ours/TPUv5p.json,int8,4096,1,4096,32,128,heuristic-TPU,customsa,FlashAttention-CustomSA,flashattention_customsa,0.7916662857142857,0.0,0.0,0.0,0.0,0.4916662857142858,0.0,0.10922319862784506,0.10928234677043602,0.3,0.4916662857142858,fused_core,0.4916662857142858,0.6210524492282463,512,4096,512,458.752,14.336,32.0,301989888,288.0,2.76488778752,inf,2.7633913154736245,2.7633913154736245,0.6142171972627194,0.22214905069028099,1,0,8192,16.0
tpuv5p_int8,TPUv5p INT8,/home/CONNECT/cxu930/Documents/pinn-fullstack/LLMCompass/configs/ours/TPUv5p.json,int8,4096,1,4096,32,128,heuristic-TPU,flashattention,FlashAttention,flashattention,0.9061348571428572,0.44704914285714287,0.4529737142857143,0.15908571428571427,0.6061348571428572,0.0,0.0,0.10922319862784506,0.10928234677043602,0.3,0.6061348571428572,matmul_pair,0.6061348571428571,0.6689234525797483,512,4096,,458.752,14.336,32.0,301989888,288.0,2.76488778752,inf,2.7633913154736245,2.7633913154736245,0.49822227585374684,0.18019620112707482,1,0,8192,16.0
tpuv5p_int8,TPUv5p INT8,/home/CONNECT/cxu930/Documents/pinn-fullstack/LLMCompass/configs/ours/TPUv5p.json,int8,8192,1,4096,32,128,heuristic-TPU,baseline,Unfused Attention,trivial,7.736445142857143,1.4190280000000002,3.8055462857142857,2.5118708571428567,0.0,0.0,0.0,0.0,0.0,0.0,0.0,softmax,3.8055462857142857,0.4918985678102878,,,,458.752,14.336,32.0,0,0.0,2.76488778752,inf,2.7633913154736245,2.7633913154736245,,,1,0,8192,16.0
tpuv5p_int8,TPUv5p INT8,/home/CONNECT/cxu930/Documents/pinn-fullstack/LLMCompass/configs/ours/TPUv5p.json,int8,8192,1,4096,32,128,heuristic-TPU,customsa,FlashAttention-CustomSA,flashattention_customsa,2.2570102857142857,0.0,0.0,0.0,0.0,1.957010285714286,0.0,0.4126209725940813,0.4128444211327583,0.3,1.957010285714286,fused_core,1.957010285714286,0.8670808006951295,512,8192,512,458.752,14.336,32.0,1140850688,1088.0,2.76488778752,inf,2.7633913154736245,2.7633913154736245,0.5829558977425624,0.2108425160593775,1,0,8192,16.0
tpuv5p_int8,TPUv5p INT8,/home/CONNECT/cxu930/Documents/pinn-fullstack/LLMCompass/configs/ours/TPUv5p.json,int8,8192,1,4096,32,128,heuristic-TPU,flashattention,FlashAttention,flashattention,2.7059611428571424,1.7881965714285715,1.8047268571428572,0.6177645714285713,2.4059611428571426,0.0,0.0,0.4126209725940813,0.4128444211327583,0.3,2.4059611428571426,matmul_pair,2.4059611428571426,0.889133662989987,512,8192,,458.752,14.336,32.0,1140850688,1088.0,2.76488778752,inf,2.7633913154736245,2.7633913154736245,0.47417668875782826,0.17149943332172146,1,0,8192,16.0
tpuv5p_int8,TPUv5p INT8,/home/CONNECT/cxu930/Documents/pinn-fullstack/LLMCompass/configs/ours/TPUv5p.json,int8,16384,1,4096,32,128,heuristic-TPU,baseline,Unfused Attention,trivial,29.369196,5.342410857142857,14.314081142857143,9.712704,0.0,0.0,0.0,0.0,0.0,0.0,0.0,softmax,14.314081142857143,0.48738416750860813,,,,458.752,14.336,32.0,0,0.0,2.76488778752,inf,2.7633913154736245,2.7633913154736245,,,1,0,8192,16.0
tpuv5p_int8,TPUv5p INT8,/home/CONNECT/cxu930/Documents/pinn-fullstack/LLMCompass/configs/ours/TPUv5p.json,int8,16384,1,4096,32,128,heuristic-TPU,customsa,FlashAttention-CustomSA,flashattention_customsa,8.128041142857144,0.0,0.0,0.0,0.0,7.828041142857144,0.0,1.6019402465417274,1.6028077526330617,0.3,7.828041142857144,fused_core,7.828041142857144,0.9630907380108874,512,8192,512,458.752,14.336,32.0,4429185024,4224.0,2.76488778752,inf,2.7633913154736245,2.7633913154736245,0.5658101360442517,0.20464126558704285,1,0,8192,16.0
tpuv5p_int8,TPUv5p INT8,/home/CONNECT/cxu930/Documents/pinn-fullstack/LLMCompass/configs/ours/TPUv5p.json,int8,16384,1,4096,32,128,heuristic-TPU,flashattention,FlashAttention,flashattention,9.923844571428571,7.152786285714286,7.218907428571429,2.4710582857142853,9.62384457142857,0.0,0.0,1.6019402465417274,1.6028077526330617,0.3,9.62384457142857,matmul_pair,9.62384457142857,0.9697697804675699,512,8192,,458.752,14.336,32.0,4429185024,4224.0,2.76488778752,inf,2.7633913154736245,2.7633913154736245,0.46023031555906857,0.16645533234167081,1,0,8192,16.0
tpuv5p_int8,TPUv5p INT8,/home/CONNECT/cxu930/Documents/pinn-fullstack/LLMCompass/configs/ours/TPUv5p.json,int8,32768,1,4096,32,128,heuristic-TPU,baseline,Unfused Attention,trivial,115.89169199999999,21.035942285714285,56.34012,38.515629714285716,0.0,0.0,0.0,0.0,0.0,0.0,0.0,softmax,56.34012,0.4861445978370909,,,,458.752,14.336,32.0,0,0.0,2.76488778752,inf,2.7633913154736245,2.7633913154736245,,,1,0,8192,16.0
tpuv5p_int8,TPUv5p INT8,/home/CONNECT/cxu930/Documents/pinn-fullstack/LLMCompass/configs/ours/TPUv5p.json,int8,32768,1,4096,32,128,heuristic-TPU,customsa,FlashAttention-CustomSA,flashattention_customsa,31.612164571428575,0.0,0.0,0.0,0.0,31.312164571428575,0.0,6.310673698497713,6.3140911467363035,0.3,31.312164571428575,fused_core,31.312164571428575,0.9905099823416982,512,8192,512,458.752,14.336,32.0,17448304640,16640.0,2.76488778752,inf,2.7633913154736245,2.7633913154736245,0.5572372551950963,0.20154064035087552,1,0,8192,16.0
tpuv5p_int8,TPUv5p INT8,/home/CONNECT/cxu930/Documents/pinn-fullstack/LLMCompass/configs/ours/TPUv5p.json,int8,32768,1,4096,32,128,heuristic-TPU,flashattention,FlashAttention,flashattention,38.795378285714285,28.611145142857143,28.875629714285715,9.884233142857141,38.49537828571428,0.0,0.0,6.310673698497713,6.3140911467363035,0.3,38.49537828571428,matmul_pair,38.49537828571428,0.9922671201247063,512,8192,,458.752,14.336,32.0,17448304640,16640.0,2.76488778752,inf,2.7633913154736245,2.7633913154736245,0.4532571289596887,0.1639332818516455,1,0,8192,16.0
tpuv6e_fp16,TPUv6e FP16,/home/CONNECT/cxu930/Documents/pinn-fullstack/LLMCompass/configs/ours/TPUv6e.json,fp16,2048,1,4096,32,128,heuristic-TPU,baseline,Unfused Attention,trivial,1.3762902857142856,0.19137142857142858,0.8798571428571428,0.3050617142857143,0.0,0.0,0.0,0.0,0.0,0.0,0.0,softmax,0.8798571428571428,0.6392961949887649,,,,917.504,7.168,128.0,0,0.0,1.6,inf,1.6,1.6,,,1,0,8192,8.0
tpuv6e_fp16,TPUv6e FP16,/home/CONNECT/cxu930/Documents/pinn-fullstack/LLMCompass/configs/ours/TPUv6e.json,fp16,2048,1,4096,32,128,heuristic-TPU,customsa,FlashAttention-CustomSA,flashattention_customsa,0.4688137142857142,0.0,0.0,0.0,0.0,0.1688137142857143,0.0,0.10485760000000001,0.10485760000000001,0.3,0.1688137142857143,fused_core,0.1688137142857143,0.3600869794155218,512,2048,512,917.504,7.168,128.0,167772160,160.0,1.6,inf,1.6,1.6,0.9938301559792028,0.6211438474870017,1,0,8192,8.0
tpuv6e_fp16,TPUv6e FP16,/home/CONNECT/cxu930/Documents/pinn-fullstack/LLMCompass/configs/ours/TPUv6e.json,fp16,2048,1,4096,32,128,heuristic-TPU,flashattention,FlashAttention,flashattention,0.5802102857142856,0.18666057142857143,0.15338057142857142,0.09354971428571428,0.2802102857142857,0.0,0.0,0.10485760000000001,0.10485760000000001,0.3,0.2802102857142857,matmul_pair,0.2802102857142857,0.4829460845722931,512,2048,,917.504,7.168,128.0,167772160,160.0,1.6,inf,1.6,1.6,0.5987366222918298,0.3742103889323936,1,0,8192,8.0
tpuv6e_fp16,TPUv6e FP16,/home/CONNECT/cxu930/Documents/pinn-fullstack/LLMCompass/configs/ours/TPUv6e.json,fp16,4096,1,4096,32,128,heuristic-TPU,baseline,Unfused Attention,trivial,3.8971177142857147,0.41336000000000006,2.6177314285714286,0.8660262857142856,0.0,0.0,0.0,0.0,0.0,0.0,0.0,softmax,2.6177314285714286,0.6717096122027766,,,,917.504,7.168,128.0,0,0.0,1.6,inf,1.6,1.6,,,1,0,8192,8.0
tpuv6e_fp16,TPUv6e FP16,/home/CONNECT/cxu930/Documents/pinn-fullstack/LLMCompass/configs/ours/TPUv6e.json,fp16,4096,1,4096,32,128,heuristic-TPU,customsa,FlashAttention-CustomSA,flashattention_customsa,0.9372205714285714,0.0,0.0,0.0,0.0,0.6372205714285715,0.0,0.37748736,0.37748736,0.3,0.6372205714285715,fused_core,0.6372205714285715,0.6799045932776308,512,4096,512,917.504,7.168,128.0,603979776,576.0,1.6,inf,1.6,1.6,0.9478347107438017,0.592396694214876,1,0,8192,8.0
tpuv6e_fp16,TPUv6e FP16,/home/CONNECT/cxu930/Documents/pinn-fullstack/LLMCompass/configs/ours/TPUv6e.json,fp16,4096,1,4096,32,128,heuristic-TPU,flashattention,FlashAttention,flashattention,1.3835382857142857,0.7466422857142857,0.6063542857142857,0.336896,1.0835382857142857,0.0,0.0,0.37748736,0.37748736,0.3,1.0835382857142857,matmul_pair,1.0835382857142857,0.7831646560867539,512,4096,,917.504,7.168,128.0,603979776,576.0,1.6,inf,1.6,1.6,0.5574143377885784,0.34838396111786146,1,0,8192,8.0
tpuv6e_fp16,TPUv6e FP16,/home/CONNECT/cxu930/Documents/pinn-fullstack/LLMCompass/configs/ours/TPUv6e.json,fp16,8192,1,4096,32,128,heuristic-TPU,baseline,Unfused Attention,trivial,13.936674285714286,1.280944,9.566243428571429,3.089486857142857,0.0,0.0,0.0,0.0,0.0,0.0,0.0,softmax,9.566243428571429,0.6864079071129083,,,,917.504,7.168,128.0,0,0.0,1.6,inf,1.6,1.6,,,1,0,8192,8.0
tpuv6e_fp16,TPUv6e FP16,/home/CONNECT/cxu930/Documents/pinn-fullstack/LLMCompass/configs/ours/TPUv6e.json,fp16,8192,1,4096,32,128,heuristic-TPU,customsa,FlashAttention-CustomSA,flashattention_customsa,2.8488822857142857,0.0,0.0,0.0,0.0,2.548882285714286,0.0,1.4260633600000001,1.4260633600000001,0.3,2.548882285714286,fused_core,2.548882285714286,0.8946955437561077,512,4096,512,917.504,7.168,128.0,2281701376,2176.0,1.6,inf,1.6,1.6,0.8951772268135905,0.559485766758494,1,0,8192,8.0
tpuv6e_fp16,TPUv6e FP16,/home/CONNECT/cxu930/Documents/pinn-fullstack/LLMCompass/configs/ours/TPUv6e.json,fp16,8192,1,4096,32,128,heuristic-TPU,flashattention,FlashAttention,flashattention,4.634153142857143,2.986569142857143,2.425417142857143,1.347584,4.334153142857143,0.0,0.0,1.4260633600000001,1.4260633600000001,0.3,4.334153142857143,matmul_pair,4.334153142857143,0.9352632529068647,512,4096,,917.504,7.168,128.0,2281701376,2176.0,1.6,inf,1.6,1.6,0.5264468745781018,0.3290292966113136,1,0,8192,8.0
tpuv6e_fp16,TPUv6e FP16,/home/CONNECT/cxu930/Documents/pinn-fullstack/LLMCompass/configs/ours/TPUv6e.json,fp16,16384,1,4096,32,128,heuristic-TPU,baseline,Unfused Attention,trivial,53.97934057142857,4.710539428571428,37.35818857142857,11.910612571428572,0.0,0.0,0.0,0.0,0.0,0.0,0.0,softmax,37.35818857142857,0.6920830854166153,,,,917.504,7.168,128.0,0,0.0,1.6,inf,1.6,1.6,,,1,0,8192,8.0
tpuv6e_fp16,TPUv6e FP16,/home/CONNECT/cxu930/Documents/pinn-fullstack/LLMCompass/configs/ours/TPUv6e.json,fp16,16384,1,4096,32,128,heuristic-TPU,customsa,FlashAttention-CustomSA,flashattention_customsa,10.495529142857142,0.0,0.0,0.0,0.0,10.195529142857144,0.0,5.53648128,5.53648128,0.3,10.195529142857144,fused_core,10.195529142857144,0.9714164006486354,512,4096,512,917.504,7.168,128.0,8858370048,8448.0,1.6,inf,1.6,1.6,0.8688484848484849,0.543030303030303,1,0,8192,8.0
tpuv6e_fp16,TPUv6e FP16,/home/CONNECT/cxu930/Documents/pinn-fullstack/LLMCompass/configs/ours/TPUv6e.json,fp16,16384,1,4096,32,128,heuristic-TPU,flashattention,FlashAttention,flashattention,17.636612571428575,11.946276571428571,9.701668571428572,5.390336,17.33661257142857,0.0,0.0,5.53648128,5.53648128,0.3,17.33661257142857,matmul_pair,17.33661257142857,0.9829899308166464,512,4096,,917.504,7.168,128.0,8858370048,8448.0,1.6,inf,1.6,1.6,0.5109631429728635,0.31935196435803964,1,0,8192,8.0
tpuv6e_fp16,TPUv6e FP16,/home/CONNECT/cxu930/Documents/pinn-fullstack/LLMCompass/configs/ours/TPUv6e.json,fp16,32768,1,4096,32,128,heuristic-TPU,baseline,Unfused Attention,trivial,214.0499794285714,18.34744,148.53275428571428,47.169785142857144,0.0,0.0,0.0,0.0,0.0,0.0,0.0,softmax,148.53275428571428,0.6939162277998712,,,,917.504,7.168,128.0,0,0.0,1.6,inf,1.6,1.6,,,1,0,8192,8.0
tpuv6e_fp16,TPUv6e FP16,/home/CONNECT/cxu930/Documents/pinn-fullstack/LLMCompass/configs/ours/TPUv6e.json,fp16,32768,1,4096,32,128,heuristic-TPU,customsa,FlashAttention-CustomSA,flashattention_customsa,41.08211657142857,0.0,0.0,0.0,0.0,40.782116571428574,0.0,21.8103808,21.8103808,0.3,40.782116571428574,fused_core,40.782116571428574,0.9926975524866546,512,4096,512,917.504,7.168,128.0,34896609280,33280.0,1.6,inf,1.6,1.6,0.855684113865932,0.5348025711662074,1,0,8192,8.0
tpuv6e_fp16,TPUv6e FP16,/home/CONNECT/cxu930/Documents/pinn-fullstack/LLMCompass/configs/ours/TPUv6e.json,fp16,32768,1,4096,32,128,heuristic-TPU,flashattention,FlashAttention,flashattention,69.64645028571428,47.785106285714285,38.80667428571429,21.561344,69.34645028571428,0.0,0.0,21.8103808,21.8103808,0.3,69.34645028571428,matmul_pair,69.34645028571428,0.9956925299312558,512,4096,,917.504,7.168,128.0,34896609280,33280.0,1.6,inf,1.6,1.6,0.5032212771702443,0.31451329823140267,1,0,8192,8.0
tpuv6e_int8,TPUv6e INT8,/home/CONNECT/cxu930/Documents/pinn-fullstack/LLMCompass/configs/ours/TPUv6e.json,int8,2048,1,4096,32,128,heuristic-TPU,baseline,Unfused Attention,trivial,1.233805714285714,0.14720571428571427,0.8798571428571428,0.20674285714285714,0.0,0.0,0.0,0.0,0.0,0.0,0.0,softmax,0.8798571428571428,0.7131245484355029,,,,917.504,7.168,128.0,0,0.0,1.6,inf,1.6,1.6,,,1,0,8192,8.0
tpuv6e_int8,TPUv6e INT8,/home/CONNECT/cxu930/Documents/pinn-fullstack/LLMCompass/configs/ours/TPUv6e.json,int8,2048,1,4096,32,128,heuristic-TPU,customsa,FlashAttention-CustomSA,flashattention_customsa,0.4313645714285714,0.0,0.0,0.0,0.0,0.13136457142857141,0.0,0.052428800000000005,0.052428800000000005,0.3,0.13136457142857141,fused_core,0.13136457142857141,0.30453259291444557,512,2048,512,917.504,7.168,128.0,83886080,80.0,1.6,inf,1.6,1.6,0.6385746102449888,0.399109131403118,1,0,8192,8.0
tpuv6e_int8,TPUv6e INT8,/home/CONNECT/cxu930/Documents/pinn-fullstack/LLMCompass/configs/ours/TPUv6e.json,int8,2048,1,4096,32,128,heuristic-TPU,flashattention,FlashAttention,flashattention,0.528278857142857,0.09333028571428571,0.22827885714285714,0.04681142857142857,0.22827885714285714,0.0,0.0,0.052428800000000005,0.052428800000000005,0.3,0.22827885714285714,softmax,0.22827885714285714,0.4321181021278806,512,2048,,917.504,7.168,128.0,83886080,80.0,1.6,inf,1.6,1.6,0.36747196411406596,0.2296699775712912,1,0,8192,8.0
tpuv6e_int8,TPUv6e INT8,/home/CONNECT/cxu930/Documents/pinn-fullstack/LLMCompass/configs/ours/TPUv6e.json,int8,4096,1,4096,32,128,heuristic-TPU,baseline,Unfused Attention,trivial,3.3481074285714287,0.24712114285714287,2.6177314285714286,0.48325485714285715,0.0,0.0,0.0,0.0,0.0,0.0,0.0,softmax,2.6177314285714286,0.7818540726121094,,,,917.504,7.168,128.0,0,0.0,1.6,inf,1.6,1.6,,,1,0,8192,8.0
tpuv6e_int8,TPUv6e INT8,/home/CONNECT/cxu930/Documents/pinn-fullstack/LLMCompass/configs/ours/TPUv6e.json,int8,4096,1,4096,32,128,heuristic-TPU,customsa,FlashAttention-CustomSA,flashattention_customsa,0.7874239999999999,0.0,0.0,0.0,0.0,0.48742399999999997,0.0,0.18874368,0.18874368,0.3,0.48742399999999997,fused_core,0.48742399999999997,0.6190108505709758,512,4096,512,917.504,7.168,128.0,301989888,288.0,1.6,inf,1.6,1.6,0.6195630252100841,0.38722689075630257,1,0,8192,8.0
tpuv6e_int8,TPUv6e INT8,/home/CONNECT/cxu930/Documents/pinn-fullstack/LLMCompass/configs/ours/TPUv6e.json,int8,4096,1,4096,32,128,heuristic-TPU,flashattention,FlashAttention,flashattention,1.2059474285714284,0.37332114285714285,0.9059474285714286,0.16852114285714284,0.9059474285714286,0.0,0.0,0.18874368,0.18874368,0.3,0.9059474285714286,softmax,0.9059474285714286,0.7512329369486849,512,4096,,917.504,7.168,128.0,301989888,288.0,1.6,inf,1.6,1.6,0.333341514613273,0.20833844663329562,1,0,8192,8.0
tpuv6e_int8,TPUv6e INT8,/home/CONNECT/cxu930/Documents/pinn-fullstack/LLMCompass/configs/ours/TPUv6e.json,int8,8192,1,4096,32,128,heuristic-TPU,baseline,Unfused Attention,trivial,11.78170742857143,0.6363188571428571,9.566243428571429,1.5791451428571428,0.0,0.0,0.0,0.0,0.0,0.0,0.0,softmax,9.566243428571429,0.8119573064064253,,,,917.504,7.168,128.0,0,0.0,1.6,inf,1.6,1.6,,,1,0,8192,8.0
tpuv6e_int8,TPUv6e INT8,/home/CONNECT/cxu930/Documents/pinn-fullstack/LLMCompass/configs/ours/TPUv6e.json,int8,8192,1,4096,32,128,heuristic-TPU,customsa,FlashAttention-CustomSA,flashattention_customsa,2.1736274285714288,0.0,0.0,0.0,0.0,1.8736274285714287,0.0,0.7130316800000001,0.7130316800000001,0.3,1.8736274285714287,fused_core,1.8736274285714287,0.8619818667833204,512,8192,512,917.504,7.168,128.0,1140850688,1088.0,1.6,inf,1.6,1.6,0.6088994378513429,0.3805621486570893,1,0,8192,8.0
tpuv6e_int8,TPUv6e INT8,/home/CONNECT/cxu930/Documents/pinn-fullstack/LLMCompass/configs/ours/TPUv6e.json,int8,8192,1,4096,32,128,heuristic-TPU,flashattention,FlashAttention,flashattention,3.909453714285714,1.4932845714285714,3.6094537142857144,0.6366354285714285,3.6094537142857144,0.0,0.0,0.7130316800000001,0.7130316800000001,0.3,3.6094537142857144,softmax,3.6094537142857144,0.9232629359688398,512,8192,,917.504,7.168,128.0,1140850688,1088.0,1.6,inf,1.6,1.6,0.31607295128475316,0.19754559455297072,1,0,8192,8.0
tpuv6e_int8,TPUv6e INT8,/home/CONNECT/cxu930/Documents/pinn-fullstack/LLMCompass/configs/ours/TPUv6e.json,int8,16384,1,4096,32,128,heuristic-TPU,baseline,Unfused Attention,trivial,45.468722285714286,2.172181714285714,37.35818857142857,5.938352,0.0,0.0,0.0,0.0,0.0,0.0,0.0,softmax,37.35818857142857,0.821623892060984,,,,917.504,7.168,128.0,0,0.0,1.6,inf,1.6,1.6,,,1,0,8192,8.0
tpuv6e_int8,TPUv6e INT8,/home/CONNECT/cxu930/Documents/pinn-fullstack/LLMCompass/configs/ours/TPUv6e.json,int8,16384,1,4096,32,128,heuristic-TPU,customsa,FlashAttention-CustomSA,flashattention_customsa,7.794509714285715,0.0,0.0,0.0,0.0,7.494509714285715,0.0,2.76824064,2.76824064,0.3,7.494509714285715,fused_core,7.494509714285715,0.9615113700544676,512,8192,512,917.504,7.168,128.0,4429185024,4224.0,1.6,inf,1.6,1.6,0.5909906308557151,0.3693691442848219,1,0,8192,8.0
tpuv6e_int8,TPUv6e INT8,/home/CONNECT/cxu930/Documents/pinn-fullstack/LLMCompass/configs/ours/TPUv6e.json,int8,16384,1,4096,32,128,heuristic-TPU,flashattention,FlashAttention,flashattention,14.737814857142856,5.973138285714286,14.437814857142858,2.546541714285714,14.437814857142858,0.0,0.0,2.76824064,2.76824064,0.3,14.437814857142858,softmax,14.437814857142858,0.9796442007917747,512,8192,,917.504,7.168,128.0,4429185024,4224.0,1.6,inf,1.6,1.6,0.30677668801167224,0.19173543000729515,1,0,8192,8.0
tpuv6e_int8,TPUv6e INT8,/home/CONNECT/cxu930/Documents/pinn-fullstack/LLMCompass/configs/ours/TPUv6e.json,int8,32768,1,4096,32,128,heuristic-TPU,baseline,Unfused Attention,trivial,180.1164217142857,8.273777142857144,148.53275428571428,23.309890285714285,0.0,0.0,0.0,0.0,0.0,0.0,0.0,softmax,148.53275428571428,0.8246485960137947,,,,917.504,7.168,128.0,0,0.0,1.6,inf,1.6,1.6,,,1,0,8192,8.0
tpuv6e_int8,TPUv6e INT8,/home/CONNECT/cxu930/Documents/pinn-fullstack/LLMCompass/configs/ours/TPUv6e.json,int8,32768,1,4096,32,128,heuristic-TPU,customsa,FlashAttention-CustomSA,flashattention_customsa,30.27803885714286,0.0,0.0,0.0,0.0,29.97803885714286,0.0,10.9051904,10.9051904,0.3,29.97803885714286,fused_core,29.97803885714286,0.9900918285554935,512,8192,512,917.504,7.168,128.0,17448304640,16640.0,1.6,inf,1.6,1.6,0.5820362273579013,0.36377264209868826,1,0,8192,8.0
tpuv6e_int8,TPUv6e INT8,/home/CONNECT/cxu930/Documents/pinn-fullstack/LLMCompass/configs/ours/TPUv6e.json,int8,32768,1,4096,32,128,heuristic-TPU,flashattention,FlashAttention,flashattention,58.05125942857143,23.892553142857142,57.75125942857143,10.186166857142856,57.75125942857143,0.0,0.0,10.9051904,10.9051904,0.3,57.75125942857143,softmax,57.75125942857143,0.9948321534631108,512,8192,,917.504,7.168,128.0,17448304640,16640.0,1.6,inf,1.6,1.6,0.3021285563751317,0.1888303477344573,1,0,8192,8.0
