seq_len,n_rows,method,repetition,latency_ms
2048,32768,fp_stream_softmax_u8,1,0.11747200042009354
2048,32768,fp_stream_softmax_u8,2,0.11484800279140472
2048,32768,fp_stream_softmax_u8,3,0.11231999844312668
2048,32768,fp_stream_softmax_u8,4,0.11072000116109848
2048,32768,fp_stream_softmax_u8,5,0.1090560033917427
2048,32768,fp_stream_softmax_u8,6,0.11158400028944016
2048,32768,fp_stream_softmax_u8,7,0.10931199789047241
2048,32768,fp_stream_softmax_u8,8,0.10892800241708755
2048,32768,fp_stream_softmax_u8,9,0.10982400178909302
2048,32768,fp_stream_softmax_u8,10,0.1088000014424324
2048,32768,fp_stream_softmax_u8,11,0.10931199789047241
2048,32768,fp_stream_softmax_u8,12,0.10815999656915665
2048,32768,fp_stream_softmax_u8,13,0.10777600109577179
2048,32768,fp_stream_softmax_u8,14,0.10847999900579453
2048,32768,fp_stream_softmax_u8,15,0.10780800133943558
2048,32768,fp_stream_softmax_u8,16,0.10995200276374817
2048,32768,fp_stream_softmax_u8,17,0.10979200154542923
2048,32768,fp_stream_softmax_u8,18,0.10995200276374817
2048,32768,fp_stream_softmax_u8,19,0.1090560033917427
2048,32768,fp_stream_softmax_u8,20,0.10787200182676315
2048,32768,illm_di_softmax_u8,1,0.1828480064868927
2048,32768,illm_di_softmax_u8,2,0.18192000687122345
2048,32768,illm_di_softmax_u8,3,0.18086400628089905
2048,32768,illm_di_softmax_u8,4,0.18051199615001678
2048,32768,illm_di_softmax_u8,5,0.18012799322605133
2048,32768,illm_di_softmax_u8,6,0.18060800433158875
2048,32768,illm_di_softmax_u8,7,0.18060800433158875
2048,32768,illm_di_softmax_u8,8,0.1799039989709854
2048,32768,illm_di_softmax_u8,9,0.17987200617790222
2048,32768,illm_di_softmax_u8,10,0.1799360066652298
2048,32768,illm_di_softmax_u8,11,0.1807679980993271
2048,32768,illm_di_softmax_u8,12,0.17961600422859192
2048,32768,illm_di_softmax_u8,13,0.1804479956626892
2048,32768,illm_di_softmax_u8,14,0.17980800569057465
2048,32768,illm_di_softmax_u8,15,0.1804800033569336
2048,32768,illm_di_softmax_u8,16,0.18051199615001678
2048,32768,illm_di_softmax_u8,17,0.17945599555969238
2048,32768,illm_di_softmax_u8,18,0.18025599420070648
2048,32768,illm_di_softmax_u8,19,0.17980800569057465
2048,32768,illm_di_softmax_u8,20,0.18006399273872375
2048,32768,intattention_idx_softmax_u8,1,0.12256000190973282
2048,32768,intattention_idx_softmax_u8,2,0.12060800194740295
2048,32768,intattention_idx_softmax_u8,3,0.11955200135707855
2048,32768,intattention_idx_softmax_u8,4,0.1196800023317337
2048,32768,intattention_idx_softmax_u8,5,0.11923199892044067
2048,32768,intattention_idx_softmax_u8,6,0.12060800194740295
2048,32768,intattention_idx_softmax_u8,7,0.11939200013875961
2048,32768,intattention_idx_softmax_u8,8,0.11900799721479416
2048,32768,intattention_idx_softmax_u8,9,0.11929599940776825
2048,32768,intattention_idx_softmax_u8,10,0.12057600170373917
2048,32768,intattention_idx_softmax_u8,11,0.12147200107574463
2048,32768,intattention_idx_softmax_u8,12,0.11843200027942657
2048,32768,intattention_idx_softmax_u8,13,0.11833599954843521
2048,32768,intattention_idx_softmax_u8,14,0.11977600306272507
2048,32768,intattention_idx_softmax_u8,15,0.1188800036907196
2048,32768,intattention_idx_softmax_u8,16,0.11923199892044067
2048,32768,intattention_idx_softmax_u8,17,0.11846400052309036
2048,32768,intattention_idx_softmax_u8,18,0.11900799721479416
2048,32768,intattention_idx_softmax_u8,19,0.11875200271606445
2048,32768,intattention_idx_softmax_u8,20,0.11910399794578552
2048,32768,memory_floor_1read_1write,1,0.061055999249219894
2048,32768,memory_floor_1read_1write,2,0.06032000109553337
2048,32768,memory_floor_1read_1write,3,0.060256000608205795
2048,32768,memory_floor_1read_1write,4,0.058079998940229416
2048,32768,memory_floor_1read_1write,5,0.05753599852323532
2048,32768,memory_floor_1read_1write,6,0.05967999994754791
2048,32768,memory_floor_1read_1write,7,0.05913599953055382
2048,32768,memory_floor_1read_1write,8,0.0594559982419014
2048,32768,memory_floor_1read_1write,9,0.05750399827957153
2048,32768,memory_floor_1read_1write,10,0.057792000472545624
2048,32768,memory_floor_1read_1write,11,0.05894400179386139
2048,32768,memory_floor_1read_1write,12,0.0589120015501976
2048,32768,memory_floor_1read_1write,13,0.058400001376867294
2048,32768,memory_floor_1read_1write,14,0.058079998940229416
2048,32768,memory_floor_1read_1write,15,0.057792000472545624
2048,32768,memory_floor_1read_1write,16,0.05923200026154518
2048,32768,memory_floor_1read_1write,17,0.058848001062870026
2048,32768,memory_floor_1read_1write,18,0.057920001447200775
2048,32768,memory_floor_1read_1write,19,0.05766399949789047
2048,32768,memory_floor_1read_1write,20,0.0586559996008873
4096,16384,fp_stream_softmax_u8,1,0.11494400352239609
4096,16384,fp_stream_softmax_u8,2,0.1122559979557991
4096,16384,fp_stream_softmax_u8,3,0.11052799969911575
4096,16384,fp_stream_softmax_u8,4,0.11030399799346924
4096,16384,fp_stream_softmax_u8,5,0.10966400057077408
4096,16384,fp_stream_softmax_u8,6,0.11068800091743469
4096,16384,fp_stream_softmax_u8,7,0.10950399935245514
4096,16384,fp_stream_softmax_u8,8,0.11206399649381638
4096,16384,fp_stream_softmax_u8,9,0.11088000237941742
4096,16384,fp_stream_softmax_u8,10,0.10953599959611893
4096,16384,fp_stream_softmax_u8,11,0.10972800105810165
4096,16384,fp_stream_softmax_u8,12,0.10937599837779999
4096,16384,fp_stream_softmax_u8,13,0.10892800241708755
4096,16384,fp_stream_softmax_u8,14,0.10927999764680862
4096,16384,fp_stream_softmax_u8,15,0.10902400314807892
4096,16384,fp_stream_softmax_u8,16,0.10870400071144104
4096,16384,fp_stream_softmax_u8,17,0.10976000130176544
4096,16384,fp_stream_softmax_u8,18,0.10892800241708755
4096,16384,fp_stream_softmax_u8,19,0.10915199667215347
4096,16384,fp_stream_softmax_u8,20,0.10870400071144104
4096,16384,illm_di_softmax_u8,1,0.18572799861431122
4096,16384,illm_di_softmax_u8,2,0.1847359985113144
4096,16384,illm_di_softmax_u8,3,0.18400000035762787
4096,16384,illm_di_softmax_u8,4,0.18380799889564514
4096,16384,illm_di_softmax_u8,5,0.18880000710487366
4096,16384,illm_di_softmax_u8,6,0.1852799952030182
4096,16384,illm_di_softmax_u8,7,0.1836480051279068
4096,16384,illm_di_softmax_u8,8,0.1831360012292862
4096,16384,illm_di_softmax_u8,9,0.1836480051279068
4096,16384,illm_di_softmax_u8,10,0.1833599954843521
4096,16384,illm_di_softmax_u8,11,0.18355199694633484
4096,16384,illm_di_softmax_u8,12,0.1836480051279068
4096,16384,illm_di_softmax_u8,13,0.18329599499702454
4096,16384,illm_di_softmax_u8,14,0.18380799889564514
4096,16384,illm_di_softmax_u8,15,0.18294399976730347
4096,16384,illm_di_softmax_u8,16,0.18326400220394135
4096,16384,illm_di_softmax_u8,17,0.1823360025882721
4096,16384,illm_di_softmax_u8,18,0.1825920045375824
4096,16384,illm_di_softmax_u8,19,0.18316799402236938
4096,16384,illm_di_softmax_u8,20,0.1828799992799759
4096,16384,intattention_idx_softmax_u8,1,0.12438400089740753
4096,16384,intattention_idx_softmax_u8,2,0.12547199428081512
4096,16384,intattention_idx_softmax_u8,3,0.12278400361537933
4096,16384,intattention_idx_softmax_u8,4,0.12265600264072418
4096,16384,intattention_idx_softmax_u8,5,0.12220799922943115
4096,16384,intattention_idx_softmax_u8,6,0.12326399981975555
4096,16384,intattention_idx_softmax_u8,7,0.1231359988451004
4096,16384,intattention_idx_softmax_u8,8,0.12172800302505493
4096,16384,intattention_idx_softmax_u8,9,0.1228799968957901
4096,16384,intattention_idx_softmax_u8,10,0.12211199849843979
4096,16384,intattention_idx_softmax_u8,11,0.12214399874210358
4096,16384,intattention_idx_softmax_u8,12,0.12223999947309494
4096,16384,intattention_idx_softmax_u8,13,0.12176000326871872
4096,16384,intattention_idx_softmax_u8,14,0.12169600278139114
4096,16384,intattention_idx_softmax_u8,15,0.12163200229406357
4096,16384,intattention_idx_softmax_u8,16,0.12303999811410904
4096,16384,intattention_idx_softmax_u8,17,0.12166400253772736
4096,16384,intattention_idx_softmax_u8,18,0.12150400131940842
4096,16384,intattention_idx_softmax_u8,19,0.12211199849843979
4096,16384,intattention_idx_softmax_u8,20,0.1218239963054657
4096,16384,memory_floor_1read_1write,1,0.06310400366783142
4096,16384,memory_floor_1read_1write,2,0.06092799827456474
4096,16384,memory_floor_1read_1write,3,0.05881600081920624
4096,16384,memory_floor_1read_1write,4,0.05920000001788139
4096,16384,memory_floor_1read_1write,5,0.05875200033187866
4096,16384,memory_floor_1read_1write,6,0.060896001756191254
4096,16384,memory_floor_1read_1write,7,0.06003199890255928
4096,16384,memory_floor_1read_1write,8,0.058368001133203506
4096,16384,memory_floor_1read_1write,9,0.05939200147986412
4096,16384,memory_floor_1read_1write,10,0.05862399935722351
4096,16384,memory_floor_1read_1write,11,0.0597120001912117
4096,16384,memory_floor_1read_1write,12,0.059487998485565186
4096,16384,memory_floor_1read_1write,13,0.05846399813890457
4096,16384,memory_floor_1read_1write,14,0.058848001062870026
4096,16384,memory_floor_1read_1write,15,0.05820799991488457
4096,16384,memory_floor_1read_1write,16,0.059776000678539276
4096,16384,memory_floor_1read_1write,17,0.059487998485565186
4096,16384,memory_floor_1read_1write,18,0.06003199890255928
4096,16384,memory_floor_1read_1write,19,0.0589120015501976
4096,16384,memory_floor_1read_1write,20,0.05875200033187866
8192,8192,fp_stream_softmax_u8,1,0.11935999989509583
8192,8192,fp_stream_softmax_u8,2,0.11577600240707397
8192,8192,fp_stream_softmax_u8,3,0.11555200070142746
8192,8192,fp_stream_softmax_u8,4,0.11353600025177002
8192,8192,fp_stream_softmax_u8,5,0.11276800185441971
8192,8192,fp_stream_softmax_u8,6,0.11292800307273865
8192,8192,fp_stream_softmax_u8,7,0.11212799698114395
8192,8192,fp_stream_softmax_u8,8,0.111455999314785
8192,8192,fp_stream_softmax_u8,9,0.11276800185441971
8192,8192,fp_stream_softmax_u8,10,0.11264000087976456
8192,8192,fp_stream_softmax_u8,11,0.11231999844312668
8192,8192,fp_stream_softmax_u8,12,0.11241599917411804
8192,8192,fp_stream_softmax_u8,13,0.11184000223875046
8192,8192,fp_stream_softmax_u8,14,0.11135999858379364
8192,8192,fp_stream_softmax_u8,15,0.11267200112342834
8192,8192,fp_stream_softmax_u8,16,0.11190400272607803
8192,8192,fp_stream_softmax_u8,17,0.1125119999051094
8192,8192,fp_stream_softmax_u8,18,0.1133119985461235
8192,8192,fp_stream_softmax_u8,19,0.1128000020980835
8192,8192,fp_stream_softmax_u8,20,0.11513599753379822
8192,8192,illm_di_softmax_u8,1,0.19513599574565887
8192,8192,illm_di_softmax_u8,2,0.1932159960269928
8192,8192,illm_di_softmax_u8,3,0.1921280026435852
8192,8192,illm_di_softmax_u8,4,0.19152000546455383
8192,8192,illm_di_softmax_u8,5,0.19164800643920898
8192,8192,illm_di_softmax_u8,6,0.19123199582099915
8192,8192,illm_di_softmax_u8,7,0.19145600497722626
8192,8192,illm_di_softmax_u8,8,0.19020800292491913
8192,8192,illm_di_softmax_u8,9,0.19023999571800232
8192,8192,illm_di_softmax_u8,10,0.19062399864196777
8192,8192,illm_di_softmax_u8,11,0.1897599995136261
8192,8192,illm_di_softmax_u8,12,0.19068799912929535
8192,8192,illm_di_softmax_u8,13,0.19065600633621216
8192,8192,illm_di_softmax_u8,14,0.19040000438690186
8192,8192,illm_di_softmax_u8,15,0.19075199961662292
8192,8192,illm_di_softmax_u8,16,0.19049599766731262
8192,8192,illm_di_softmax_u8,17,0.1910720020532608
8192,8192,illm_di_softmax_u8,18,0.19017599523067474
8192,8192,illm_di_softmax_u8,19,0.19075199961662292
8192,8192,illm_di_softmax_u8,20,0.19062399864196777
8192,8192,intattention_idx_softmax_u8,1,0.12777599692344666
8192,8192,intattention_idx_softmax_u8,2,0.1271360069513321
8192,8192,intattention_idx_softmax_u8,3,0.12611199915409088
8192,8192,intattention_idx_softmax_u8,4,0.12595200538635254
8192,8192,intattention_idx_softmax_u8,5,0.12585599720478058
8192,8192,intattention_idx_softmax_u8,6,0.1281919926404953
8192,8192,intattention_idx_softmax_u8,7,0.1364479959011078
8192,8192,intattention_idx_softmax_u8,8,0.12572799623012543
8192,8192,intattention_idx_softmax_u8,9,0.12534399330615997
8192,8192,intattention_idx_softmax_u8,10,0.12591999769210815
8192,8192,intattention_idx_softmax_u8,11,0.12598399817943573
8192,8192,intattention_idx_softmax_u8,12,0.12585599720478058
8192,8192,intattention_idx_softmax_u8,13,0.1249919980764389
8192,8192,intattention_idx_softmax_u8,14,0.12691199779510498
8192,8192,intattention_idx_softmax_u8,15,0.1263040006160736
8192,8192,intattention_idx_softmax_u8,16,0.12495999783277512
8192,8192,intattention_idx_softmax_u8,17,0.1257600039243698
8192,8192,intattention_idx_softmax_u8,18,0.12518399953842163
8192,8192,intattention_idx_softmax_u8,19,0.1247360035777092
8192,8192,intattention_idx_softmax_u8,20,0.12703999876976013
8192,8192,memory_floor_1read_1write,1,0.06176000088453293
8192,8192,memory_floor_1read_1write,2,0.0613120011985302
8192,8192,memory_floor_1read_1write,3,0.06019200012087822
8192,8192,memory_floor_1read_1write,4,0.06188800185918808
8192,8192,memory_floor_1read_1write,5,0.06147199869155884
8192,8192,memory_floor_1read_1write,6,0.061216000467538834
8192,8192,memory_floor_1read_1write,7,0.06083200126886368
8192,8192,memory_floor_1read_1write,8,0.05951999872922897
8192,8192,memory_floor_1read_1write,9,0.06019200012087822
8192,8192,memory_floor_1read_1write,10,0.06047999858856201
8192,8192,memory_floor_1read_1write,11,0.060095999389886856
8192,8192,memory_floor_1read_1write,12,0.060095999389886856
8192,8192,memory_floor_1read_1write,13,0.05990400165319443
8192,8192,memory_floor_1read_1write,14,0.060864001512527466
8192,8192,memory_floor_1read_1write,15,0.060447998344898224
8192,8192,memory_floor_1read_1write,16,0.06028800085186958
8192,8192,memory_floor_1read_1write,17,0.06003199890255928
8192,8192,memory_floor_1read_1write,18,0.059647999703884125
8192,8192,memory_floor_1read_1write,19,0.06003199890255928
8192,8192,memory_floor_1read_1write,20,0.06032000109553337
16384,4096,fp_stream_softmax_u8,1,0.13078400492668152
16384,4096,fp_stream_softmax_u8,2,0.12601600587368011
16384,4096,fp_stream_softmax_u8,3,0.12399999797344208
16384,4096,fp_stream_softmax_u8,4,0.12383999675512314
16384,4096,fp_stream_softmax_u8,5,0.12319999933242798
16384,4096,fp_stream_softmax_u8,6,0.12220799922943115
16384,4096,fp_stream_softmax_u8,7,0.12348800152540207
16384,4096,fp_stream_softmax_u8,8,0.12249600142240524
16384,4096,fp_stream_softmax_u8,9,0.12230399996042252
16384,4096,fp_stream_softmax_u8,10,0.12249600142240524
16384,4096,fp_stream_softmax_u8,11,0.12166400253772736
16384,4096,fp_stream_softmax_u8,12,0.12191999703645706
16384,4096,fp_stream_softmax_u8,13,0.12275200337171555
16384,4096,fp_stream_softmax_u8,14,0.12099199742078781
16384,4096,fp_stream_softmax_u8,15,0.12172800302505493
16384,4096,fp_stream_softmax_u8,16,0.12278400361537933
16384,4096,fp_stream_softmax_u8,17,0.12256000190973282
16384,4096,fp_stream_softmax_u8,18,0.12179200351238251
16384,4096,fp_stream_softmax_u8,19,0.12240000069141388
16384,4096,fp_stream_softmax_u8,20,0.12198399752378464
16384,4096,illm_di_softmax_u8,1,0.20902399718761444
16384,4096,illm_di_softmax_u8,2,0.2078080028295517
16384,4096,illm_di_softmax_u8,3,0.20559999346733093
16384,4096,illm_di_softmax_u8,4,0.20531199872493744
16384,4096,illm_di_softmax_u8,5,0.20585599541664124
16384,4096,illm_di_softmax_u8,6,0.2054399996995926
16384,4096,illm_di_softmax_u8,7,0.20588800311088562
16384,4096,illm_di_softmax_u8,8,0.20614400506019592
16384,4096,illm_di_softmax_u8,9,0.20531199872493744
16384,4096,illm_di_softmax_u8,10,0.20496000349521637
16384,4096,illm_di_softmax_u8,11,0.20425599813461304
16384,4096,illm_di_softmax_u8,12,0.2048960030078888
16384,4096,illm_di_softmax_u8,13,0.2051520049571991
16384,4096,illm_di_softmax_u8,14,0.2054399996995926
16384,4096,illm_di_softmax_u8,15,0.2062399983406067
16384,4096,illm_di_softmax_u8,16,0.20412799715995789
16384,4096,illm_di_softmax_u8,17,0.2056960016489029
16384,4096,illm_di_softmax_u8,18,0.20473599433898926
16384,4096,illm_di_softmax_u8,19,0.2048639953136444
16384,4096,illm_di_softmax_u8,20,0.20422400534152985
16384,4096,intattention_idx_softmax_u8,1,0.1499519944190979
16384,4096,intattention_idx_softmax_u8,2,0.14825600385665894
16384,4096,intattention_idx_softmax_u8,3,0.14697599411010742
16384,4096,intattention_idx_softmax_u8,4,0.14614400267601013
16384,4096,intattention_idx_softmax_u8,5,0.14633600413799286
16384,4096,intattention_idx_softmax_u8,6,0.14771200716495514
16384,4096,intattention_idx_softmax_u8,7,0.14659200608730316
16384,4096,intattention_idx_softmax_u8,8,0.14694400131702423
16384,4096,intattention_idx_softmax_u8,9,0.14713600277900696
16384,4096,intattention_idx_softmax_u8,10,0.14604799449443817
16384,4096,intattention_idx_softmax_u8,11,0.1467519998550415
16384,4096,intattention_idx_softmax_u8,12,0.1467839926481247
16384,4096,intattention_idx_softmax_u8,13,0.14579200744628906
16384,4096,intattention_idx_softmax_u8,14,0.1462399959564209
16384,4096,intattention_idx_softmax_u8,15,0.14588800072669983
16384,4096,intattention_idx_softmax_u8,16,0.14537599682807922
16384,4096,intattention_idx_softmax_u8,17,0.14659200608730316
16384,4096,intattention_idx_softmax_u8,18,0.14585599303245544
16384,4096,intattention_idx_softmax_u8,19,0.1451520025730133
16384,4096,intattention_idx_softmax_u8,20,0.14534400403499603
16384,4096,memory_floor_1read_1write,1,0.06310400366783142
16384,4096,memory_floor_1read_1write,2,0.06294400244951248
16384,4096,memory_floor_1read_1write,3,0.06185600161552429
16384,4096,memory_floor_1read_1write,4,0.06252799928188324
16384,4096,memory_floor_1read_1write,5,0.06220800057053566
16384,4096,memory_floor_1read_1write,6,0.06137600168585777
16384,4096,memory_floor_1read_1write,7,0.06067200005054474
16384,4096,memory_floor_1read_1write,8,0.060256000608205795
16384,4096,memory_floor_1read_1write,9,0.0607680007815361
16384,4096,memory_floor_1read_1write,10,0.06054399907588959
16384,4096,memory_floor_1read_1write,11,0.06169600039720535
16384,4096,memory_floor_1read_1write,12,0.060575999319553375
16384,4096,memory_floor_1read_1write,13,0.06108799949288368
16384,4096,memory_floor_1read_1write,14,0.0607680007815361
16384,4096,memory_floor_1read_1write,15,0.061535999178886414
16384,4096,memory_floor_1read_1write,16,0.06185600161552429
16384,4096,memory_floor_1read_1write,17,0.061344001442193985
16384,4096,memory_floor_1read_1write,18,0.06060799956321716
16384,4096,memory_floor_1read_1write,19,0.06111999973654747
16384,4096,memory_floor_1read_1write,20,0.05987200140953064
32768,2048,fp_stream_softmax_u8,1,0.13891200721263885
32768,2048,fp_stream_softmax_u8,2,0.13424000144004822
32768,2048,fp_stream_softmax_u8,3,0.13289600610733032
32768,2048,fp_stream_softmax_u8,4,0.13126400113105774
32768,2048,fp_stream_softmax_u8,5,0.13017599284648895
32768,2048,fp_stream_softmax_u8,6,0.1308480054140091
32768,2048,fp_stream_softmax_u8,7,0.13100799918174744
32768,2048,fp_stream_softmax_u8,8,0.13011200726032257
32768,2048,fp_stream_softmax_u8,9,0.13279999792575836
32768,2048,fp_stream_softmax_u8,10,0.12988799810409546
32768,2048,fp_stream_softmax_u8,11,0.1327359974384308
32768,2048,fp_stream_softmax_u8,12,0.13072000443935394
32768,2048,fp_stream_softmax_u8,13,0.13036799430847168
32768,2048,fp_stream_softmax_u8,14,0.1327040046453476
32768,2048,fp_stream_softmax_u8,15,0.13014400005340576
32768,2048,fp_stream_softmax_u8,16,0.13120000064373016
32768,2048,fp_stream_softmax_u8,17,0.1313599944114685
32768,2048,fp_stream_softmax_u8,18,0.1308480054140091
32768,2048,fp_stream_softmax_u8,19,0.13046400249004364
32768,2048,fp_stream_softmax_u8,20,0.13043199479579926
32768,2048,illm_di_softmax_u8,1,0.22121599316596985
32768,2048,illm_di_softmax_u8,2,0.21952000260353088
32768,2048,illm_di_softmax_u8,3,0.2199999988079071
32768,2048,illm_di_softmax_u8,4,0.217056006193161
32768,2048,illm_di_softmax_u8,5,0.21872000396251678
32768,2048,illm_di_softmax_u8,6,0.21753600239753723
32768,2048,illm_di_softmax_u8,7,0.21667200326919556
32768,2048,illm_di_softmax_u8,8,0.21638399362564087
32768,2048,illm_di_softmax_u8,9,0.21772800385951996
32768,2048,illm_di_softmax_u8,10,0.21545599400997162
32768,2048,illm_di_softmax_u8,11,0.21721599996089935
32768,2048,illm_di_softmax_u8,12,0.21583999693393707
32768,2048,illm_di_softmax_u8,13,0.2170879989862442
32768,2048,illm_di_softmax_u8,14,0.21663999557495117
32768,2048,illm_di_softmax_u8,15,0.21568000316619873
32768,2048,illm_di_softmax_u8,16,0.21715199947357178
32768,2048,illm_di_softmax_u8,17,0.21587200462818146
32768,2048,illm_di_softmax_u8,18,0.21433599293231964
32768,2048,illm_di_softmax_u8,19,0.218176007270813
32768,2048,illm_di_softmax_u8,20,0.21731199324131012
32768,2048,intattention_idx_softmax_u8,1,0.16332800686359406
32768,2048,intattention_idx_softmax_u8,2,0.1608320027589798
32768,2048,intattention_idx_softmax_u8,3,0.1610880047082901
32768,2048,intattention_idx_softmax_u8,4,0.1605439931154251
32768,2048,intattention_idx_softmax_u8,5,0.16102400422096252
32768,2048,intattention_idx_softmax_u8,6,0.1590079963207245
32768,2048,intattention_idx_softmax_u8,7,0.16092799603939056
32768,2048,intattention_idx_softmax_u8,8,0.1605760008096695
32768,2048,intattention_idx_softmax_u8,9,0.16131199896335602
32768,2048,intattention_idx_softmax_u8,10,0.16233600676059723
32768,2048,intattention_idx_softmax_u8,11,0.16204799711704254
32768,2048,intattention_idx_softmax_u8,12,0.15891200304031372
32768,2048,intattention_idx_softmax_u8,13,0.15961599349975586
32768,2048,intattention_idx_softmax_u8,14,0.1648000031709671
32768,2048,intattention_idx_softmax_u8,15,0.162432000041008
32768,2048,intattention_idx_softmax_u8,16,0.16105599701404572
32768,2048,intattention_idx_softmax_u8,17,0.15996800363063812
32768,2048,intattention_idx_softmax_u8,18,0.15904000401496887
32768,2048,intattention_idx_softmax_u8,19,0.1650560051202774
32768,2048,intattention_idx_softmax_u8,20,0.16140800714492798
32768,2048,memory_floor_1read_1write,1,0.06348799914121628
32768,2048,memory_floor_1read_1write,2,0.0631679967045784
32768,2048,memory_floor_1read_1write,3,0.0655680000782013
32768,2048,memory_floor_1read_1write,4,0.06415999680757523
32768,2048,memory_floor_1read_1write,5,0.06265600025653839
32768,2048,memory_floor_1read_1write,6,0.06249599903821945
32768,2048,memory_floor_1read_1write,7,0.061792001128196716
32768,2048,memory_floor_1read_1write,8,0.06201599910855293
32768,2048,memory_floor_1read_1write,9,0.06281600147485733
32768,2048,memory_floor_1read_1write,10,0.06217600032687187
32768,2048,memory_floor_1read_1write,11,0.0629120022058487
32768,2048,memory_floor_1read_1write,12,0.061216000467538834
32768,2048,memory_floor_1read_1write,13,0.062144000083208084
32768,2048,memory_floor_1read_1write,14,0.06265600025653839
32768,2048,memory_floor_1read_1write,15,0.06281600147485733
32768,2048,memory_floor_1read_1write,16,0.062463998794555664
32768,2048,memory_floor_1read_1write,17,0.062272001057863235
32768,2048,memory_floor_1read_1write,18,0.06140799820423126
32768,2048,memory_floor_1read_1write,19,0.06207999959588051
32768,2048,memory_floor_1read_1write,20,0.062272001057863235
65536,1024,fp_stream_softmax_u8,1,0.1624639928340912
65536,1024,fp_stream_softmax_u8,2,0.1590079963207245
65536,1024,fp_stream_softmax_u8,3,0.15680000185966492
65536,1024,fp_stream_softmax_u8,4,0.15644800662994385
65536,1024,fp_stream_softmax_u8,5,0.15558399260044098
65536,1024,fp_stream_softmax_u8,6,0.15574400126934052
65536,1024,fp_stream_softmax_u8,7,0.15507200360298157
65536,1024,fp_stream_softmax_u8,8,0.1544959992170334
65536,1024,fp_stream_softmax_u8,9,0.15376000106334686
65536,1024,fp_stream_softmax_u8,10,0.15494400262832642
65536,1024,fp_stream_softmax_u8,11,0.15612800419330597
65536,1024,fp_stream_softmax_u8,12,0.1544319987297058
65536,1024,fp_stream_softmax_u8,13,0.15430399775505066
65536,1024,fp_stream_softmax_u8,14,0.15507200360298157
65536,1024,fp_stream_softmax_u8,15,0.15427200496196747
65536,1024,fp_stream_softmax_u8,16,0.15516799688339233
65536,1024,fp_stream_softmax_u8,17,0.15692800283432007
65536,1024,fp_stream_softmax_u8,18,0.15484799444675446
65536,1024,fp_stream_softmax_u8,19,0.1557759940624237
65536,1024,fp_stream_softmax_u8,20,0.1547520011663437
65536,1024,illm_di_softmax_u8,1,0.256415992975235
65536,1024,illm_di_softmax_u8,2,0.2568640112876892
65536,1024,illm_di_softmax_u8,3,0.2540160119533539
65536,1024,illm_di_softmax_u8,4,0.2576960027217865
65536,1024,illm_di_softmax_u8,5,0.25331199169158936
65536,1024,illm_di_softmax_u8,6,0.255840003490448
65536,1024,illm_di_softmax_u8,7,0.2535359859466553
65536,1024,illm_di_softmax_u8,8,0.2560960054397583
65536,1024,illm_di_softmax_u8,9,0.2552320063114166
65536,1024,illm_di_softmax_u8,10,0.25542399287223816
65536,1024,illm_di_softmax_u8,11,0.25596800446510315
65536,1024,illm_di_softmax_u8,12,0.2561599910259247
65536,1024,illm_di_softmax_u8,13,0.25545600056648254
65536,1024,illm_di_softmax_u8,14,0.2558079957962036
65536,1024,illm_di_softmax_u8,15,0.25628799200057983
65536,1024,illm_di_softmax_u8,16,0.256415992975235
65536,1024,illm_di_softmax_u8,17,0.2559039890766144
65536,1024,illm_di_softmax_u8,18,0.25644800066947937
65536,1024,illm_di_softmax_u8,19,0.2558079957962036
65536,1024,illm_di_softmax_u8,20,0.25519999861717224
65536,1024,intattention_idx_softmax_u8,1,0.19350400567054749
65536,1024,intattention_idx_softmax_u8,2,0.1931840032339096
65536,1024,intattention_idx_softmax_u8,3,0.1924159973859787
65536,1024,intattention_idx_softmax_u8,4,0.19251200556755066
65536,1024,intattention_idx_softmax_u8,5,0.19167999923229218
65536,1024,intattention_idx_softmax_u8,6,0.19247999787330627
65536,1024,intattention_idx_softmax_u8,7,0.19171200692653656
65536,1024,intattention_idx_softmax_u8,8,0.1921280026435852
65536,1024,intattention_idx_softmax_u8,9,0.19193600118160248
65536,1024,intattention_idx_softmax_u8,10,0.19152000546455383
65536,1024,intattention_idx_softmax_u8,11,0.1915840059518814
65536,1024,intattention_idx_softmax_u8,12,0.19177600741386414
65536,1024,intattention_idx_softmax_u8,13,0.1921280026435852
65536,1024,intattention_idx_softmax_u8,14,0.19167999923229218
65536,1024,intattention_idx_softmax_u8,15,0.19846400618553162
65536,1024,intattention_idx_softmax_u8,16,0.19465599954128265
65536,1024,intattention_idx_softmax_u8,17,0.1937279999256134
65536,1024,intattention_idx_softmax_u8,18,0.1923840045928955
65536,1024,intattention_idx_softmax_u8,19,0.1929280012845993
65536,1024,intattention_idx_softmax_u8,20,0.19363200664520264
65536,1024,memory_floor_1read_1write,1,0.0716480016708374
65536,1024,memory_floor_1read_1write,2,0.07171200215816498
65536,1024,memory_floor_1read_1write,3,0.07273600250482559
65536,1024,memory_floor_1read_1write,4,0.07068800181150436
65536,1024,memory_floor_1read_1write,5,0.0703359991312027
65536,1024,memory_floor_1read_1write,6,0.06934399902820587
65536,1024,memory_floor_1read_1write,7,0.06969600170850754
65536,1024,memory_floor_1read_1write,8,0.07001599669456482
65536,1024,memory_floor_1read_1write,9,0.0697920024394989
65536,1024,memory_floor_1read_1write,10,0.07078400254249573
65536,1024,memory_floor_1read_1write,11,0.07030399888753891
65536,1024,memory_floor_1read_1write,12,0.07062400132417679
65536,1024,memory_floor_1read_1write,13,0.0716480016708374
65536,1024,memory_floor_1read_1write,14,0.06960000097751617
65536,1024,memory_floor_1read_1write,15,0.06931199878454208
65536,1024,memory_floor_1read_1write,16,0.06876800209283829
65536,1024,memory_floor_1read_1write,17,0.0692799985408783
65536,1024,memory_floor_1read_1write,18,0.06972800195217133
65536,1024,memory_floor_1read_1write,19,0.07039999961853027
65536,1024,memory_floor_1read_1write,20,0.06943999975919724
131072,512,fp_stream_softmax_u8,1,0.22979199886322021
131072,512,fp_stream_softmax_u8,2,0.22857600450515747
131072,512,fp_stream_softmax_u8,3,0.22524799406528473
131072,512,fp_stream_softmax_u8,4,0.2245440036058426
131072,512,fp_stream_softmax_u8,5,0.22483199834823608
131072,512,fp_stream_softmax_u8,6,0.22463999688625336
131072,512,fp_stream_softmax_u8,7,0.2247679978609085
131072,512,fp_stream_softmax_u8,8,0.2237440049648285
131072,512,fp_stream_softmax_u8,9,0.22355200350284576
131072,512,fp_stream_softmax_u8,10,0.22630399465560913
131072,512,fp_stream_softmax_u8,11,0.22463999688625336
131072,512,fp_stream_softmax_u8,12,0.22358399629592896
131072,512,fp_stream_softmax_u8,13,0.22435200214385986
131072,512,fp_stream_softmax_u8,14,0.22416000068187714
131072,512,fp_stream_softmax_u8,15,0.22284799814224243
131072,512,fp_stream_softmax_u8,16,0.22252799570560455
131072,512,fp_stream_softmax_u8,17,0.2239679992198944
131072,512,fp_stream_softmax_u8,18,0.22393600642681122
131072,512,fp_stream_softmax_u8,19,0.22288000583648682
131072,512,fp_stream_softmax_u8,20,0.22412799298763275
131072,512,illm_di_softmax_u8,1,0.31539198756217957
131072,512,illm_di_softmax_u8,2,0.31721600890159607
131072,512,illm_di_softmax_u8,3,0.3165760040283203
131072,512,illm_di_softmax_u8,4,0.31561601161956787
131072,512,illm_di_softmax_u8,5,0.3150720000267029
131072,512,illm_di_softmax_u8,6,0.3142080008983612
131072,512,illm_di_softmax_u8,7,0.3176000118255615
131072,512,illm_di_softmax_u8,8,0.3146879971027374
131072,512,illm_di_softmax_u8,9,0.31414398550987244
131072,512,illm_di_softmax_u8,10,0.3161599934101105
131072,512,illm_di_softmax_u8,11,0.3138880133628845
131072,512,illm_di_softmax_u8,12,0.31299200654029846
131072,512,illm_di_softmax_u8,13,0.31360000371932983
131072,512,illm_di_softmax_u8,14,0.31353598833084106
131072,512,illm_di_softmax_u8,15,0.31360000371932983
131072,512,illm_di_softmax_u8,16,0.3134079873561859
131072,512,illm_di_softmax_u8,17,0.3131519854068756
131072,512,illm_di_softmax_u8,18,0.3142719864845276
131072,512,illm_di_softmax_u8,19,0.3129279911518097
131072,512,illm_di_softmax_u8,20,0.31439998745918274
131072,512,intattention_idx_softmax_u8,1,0.2876160144805908
131072,512,intattention_idx_softmax_u8,2,0.2884159982204437
131072,512,intattention_idx_softmax_u8,3,0.2861439883708954
131072,512,intattention_idx_softmax_u8,4,0.28972798585891724
131072,512,intattention_idx_softmax_u8,5,0.2893120050430298
131072,512,intattention_idx_softmax_u8,6,0.2868480086326599
131072,512,intattention_idx_softmax_u8,7,0.2884480059146881
131072,512,intattention_idx_softmax_u8,8,0.28569599986076355
131072,512,intattention_idx_softmax_u8,9,0.2837440073490143
131072,512,intattention_idx_softmax_u8,10,0.2861120104789734
131072,512,intattention_idx_softmax_u8,11,0.28575998544692993
131072,512,intattention_idx_softmax_u8,12,0.28387200832366943
131072,512,intattention_idx_softmax_u8,13,0.28784000873565674
131072,512,intattention_idx_softmax_u8,14,0.2844800055027008
131072,512,intattention_idx_softmax_u8,15,0.2856000065803528
131072,512,intattention_idx_softmax_u8,16,0.2833920121192932
131072,512,intattention_idx_softmax_u8,17,0.285535991191864
131072,512,intattention_idx_softmax_u8,18,0.2850880026817322
131072,512,intattention_idx_softmax_u8,19,0.2834559977054596
131072,512,intattention_idx_softmax_u8,20,0.28387200832366943
131072,512,memory_floor_1read_1write,1,0.08876799792051315
131072,512,memory_floor_1read_1write,2,0.08915200084447861
131072,512,memory_floor_1read_1write,3,0.08883199840784073
131072,512,memory_floor_1read_1write,4,0.08771199733018875
131072,512,memory_floor_1read_1write,5,0.08767999708652496
131072,512,memory_floor_1read_1write,6,0.08876799792051315
131072,512,memory_floor_1read_1write,7,0.08975999802350998
131072,512,memory_floor_1read_1write,8,0.08924800157546997
131072,512,memory_floor_1read_1write,9,0.08879999816417694
131072,512,memory_floor_1read_1write,10,0.08790399879217148
131072,512,memory_floor_1read_1write,11,0.08671999722719193
131072,512,memory_floor_1read_1write,12,0.08671999722719193
131072,512,memory_floor_1read_1write,13,0.08636800199747086
131072,512,memory_floor_1read_1write,14,0.08668799698352814
131072,512,memory_floor_1read_1write,15,0.08675199747085571
131072,512,memory_floor_1read_1write,16,0.08697599917650223
131072,512,memory_floor_1read_1write,17,0.08806400001049042
131072,512,memory_floor_1read_1write,18,0.08835200220346451
131072,512,memory_floor_1read_1write,19,0.08764799684286118
131072,512,memory_floor_1read_1write,20,0.08720000088214874
262144,256,fp_stream_softmax_u8,1,0.38950398564338684
262144,256,fp_stream_softmax_u8,2,0.38710400462150574
262144,256,fp_stream_softmax_u8,3,0.38470399379730225
262144,256,fp_stream_softmax_u8,4,0.38521599769592285
262144,256,fp_stream_softmax_u8,5,0.3831999897956848
262144,256,fp_stream_softmax_u8,6,0.3834559917449951
262144,256,fp_stream_softmax_u8,7,0.38361600041389465
262144,256,fp_stream_softmax_u8,8,0.38464000821113586
262144,256,fp_stream_softmax_u8,9,0.3830080032348633
262144,256,fp_stream_softmax_u8,10,0.3837440013885498
262144,256,fp_stream_softmax_u8,11,0.3848640024662018
262144,256,fp_stream_softmax_u8,12,0.3864000141620636
262144,256,fp_stream_softmax_u8,13,0.3866559863090515
262144,256,fp_stream_softmax_u8,14,0.3835200071334839
262144,256,fp_stream_softmax_u8,15,0.38492798805236816
262144,256,fp_stream_softmax_u8,16,0.38412800431251526
262144,256,fp_stream_softmax_u8,17,0.3877759873867035
262144,256,fp_stream_softmax_u8,18,0.38572800159454346
262144,256,fp_stream_softmax_u8,19,0.3834879994392395
262144,256,fp_stream_softmax_u8,20,0.38364800810813904
262144,256,illm_di_softmax_u8,1,0.5217919945716858
262144,256,illm_di_softmax_u8,2,0.5155199766159058
262144,256,illm_di_softmax_u8,3,0.5141119956970215
262144,256,illm_di_softmax_u8,4,0.513696014881134
262144,256,illm_di_softmax_u8,5,0.5151680111885071
262144,256,illm_di_softmax_u8,6,0.5154880285263062
262144,256,illm_di_softmax_u8,7,0.5173119902610779
262144,256,illm_di_softmax_u8,8,0.5123519897460938
262144,256,illm_di_softmax_u8,9,0.5154560208320618
262144,256,illm_di_softmax_u8,10,0.5131199955940247
262144,256,illm_di_softmax_u8,11,0.5128960013389587
262144,256,illm_di_softmax_u8,12,0.5124480128288269
262144,256,illm_di_softmax_u8,13,0.5171840190887451
262144,256,illm_di_softmax_u8,14,0.5146239995956421
262144,256,illm_di_softmax_u8,15,0.5149120092391968
262144,256,illm_di_softmax_u8,16,0.5127679705619812
262144,256,illm_di_softmax_u8,17,0.5135679841041565
262144,256,illm_di_softmax_u8,18,0.5134400129318237
262144,256,illm_di_softmax_u8,19,0.5123839974403381
262144,256,illm_di_softmax_u8,20,0.514240026473999
262144,256,intattention_idx_softmax_u8,1,0.4899199903011322
262144,256,intattention_idx_softmax_u8,2,0.48796799778938293
262144,256,intattention_idx_softmax_u8,3,0.4888960123062134
262144,256,intattention_idx_softmax_u8,4,0.4880320131778717
262144,256,intattention_idx_softmax_u8,5,0.48841598629951477
262144,256,intattention_idx_softmax_u8,6,0.4886400103569031
262144,256,intattention_idx_softmax_u8,7,0.48736000061035156
262144,256,intattention_idx_softmax_u8,8,0.4885120093822479
262144,256,intattention_idx_softmax_u8,9,0.488319993019104
262144,256,intattention_idx_softmax_u8,10,0.48924800753593445
262144,256,intattention_idx_softmax_u8,11,0.4862079918384552
262144,256,intattention_idx_softmax_u8,12,0.4864639937877655
262144,256,intattention_idx_softmax_u8,13,0.4869120121002197
262144,256,intattention_idx_softmax_u8,14,0.4864960014820099
262144,256,intattention_idx_softmax_u8,15,0.48927998542785645
262144,256,intattention_idx_softmax_u8,16,0.4878079891204834
262144,256,intattention_idx_softmax_u8,17,0.4866879880428314
262144,256,intattention_idx_softmax_u8,18,0.4888960123062134
262144,256,intattention_idx_softmax_u8,19,0.4887680113315582
262144,256,intattention_idx_softmax_u8,20,0.48684799671173096
262144,256,memory_floor_1read_1write,1,0.13923199474811554
262144,256,memory_floor_1read_1write,2,0.1401599943637848
262144,256,memory_floor_1read_1write,3,0.13955199718475342
262144,256,memory_floor_1read_1write,4,0.1388159990310669
262144,256,memory_floor_1read_1write,5,0.13967999815940857
262144,256,memory_floor_1read_1write,6,0.14028799533843994
262144,256,memory_floor_1read_1write,7,0.13980799913406372
262144,256,memory_floor_1read_1write,8,0.13884800672531128
262144,256,memory_floor_1read_1write,9,0.14790399372577667
262144,256,memory_floor_1read_1write,10,0.13980799913406372
262144,256,memory_floor_1read_1write,11,0.13894400000572205
262144,256,memory_floor_1read_1write,12,0.1387840062379837
262144,256,memory_floor_1read_1write,13,0.13923199474811554
262144,256,memory_floor_1read_1write,14,0.1385599970817566
262144,256,memory_floor_1read_1write,15,0.13920000195503235
262144,256,memory_floor_1read_1write,16,0.1393599957227707
262144,256,memory_floor_1read_1write,17,0.13859200477600098
262144,256,memory_floor_1read_1write,18,0.13887999951839447
262144,256,memory_floor_1read_1write,19,0.1385599970817566
262144,256,memory_floor_1read_1write,20,0.1380160003900528
524288,128,fp_stream_softmax_u8,1,0.7161279916763306
524288,128,fp_stream_softmax_u8,2,0.7126719951629639
524288,128,fp_stream_softmax_u8,3,0.7082880139350891
524288,128,fp_stream_softmax_u8,4,0.706496000289917
524288,128,fp_stream_softmax_u8,5,0.708512008190155
524288,128,fp_stream_softmax_u8,6,0.7092159986495972
524288,128,fp_stream_softmax_u8,7,0.7088000178337097
524288,128,fp_stream_softmax_u8,8,0.7135360240936279
524288,128,fp_stream_softmax_u8,9,0.7077119946479797
524288,128,fp_stream_softmax_u8,10,0.7099840044975281
524288,128,fp_stream_softmax_u8,11,0.7091519832611084
524288,128,fp_stream_softmax_u8,12,0.7118080258369446
524288,128,fp_stream_softmax_u8,13,0.7067520022392273
524288,128,fp_stream_softmax_u8,14,0.7073280215263367
524288,128,fp_stream_softmax_u8,15,0.7077440023422241
524288,128,fp_stream_softmax_u8,16,0.7066879868507385
524288,128,fp_stream_softmax_u8,17,0.7071679830551147
524288,128,fp_stream_softmax_u8,18,0.7076159715652466
524288,128,fp_stream_softmax_u8,19,0.707040011882782
524288,128,fp_stream_softmax_u8,20,0.704255998134613
524288,128,illm_di_softmax_u8,1,0.9407039880752563
524288,128,illm_di_softmax_u8,2,0.9385280013084412
524288,128,illm_di_softmax_u8,3,0.9385920166969299
524288,128,illm_di_softmax_u8,4,0.9377279877662659
524288,128,illm_di_softmax_u8,5,0.9390079975128174
524288,128,illm_di_softmax_u8,6,0.9417279958724976
524288,128,illm_di_softmax_u8,7,0.936896026134491
524288,128,illm_di_softmax_u8,8,0.9359679818153381
524288,128,illm_di_softmax_u8,9,0.9392639994621277
524288,128,illm_di_softmax_u8,10,0.9355199933052063
524288,128,illm_di_softmax_u8,11,0.9360960125923157
524288,128,illm_di_softmax_u8,12,0.9384639859199524
524288,128,illm_di_softmax_u8,13,0.9398080110549927
524288,128,illm_di_softmax_u8,14,0.938431978225708
524288,128,illm_di_softmax_u8,15,0.9366080164909363
524288,128,illm_di_softmax_u8,16,0.9376639723777771
524288,128,illm_di_softmax_u8,17,0.9347519874572754
524288,128,illm_di_softmax_u8,18,0.936959981918335
524288,128,illm_di_softmax_u8,19,0.9342719912528992
524288,128,illm_di_softmax_u8,20,0.9346240162849426
524288,128,intattention_idx_softmax_u8,1,0.9088320136070251
524288,128,intattention_idx_softmax_u8,2,0.9041600227355957
524288,128,intattention_idx_softmax_u8,3,0.9079359769821167
524288,128,intattention_idx_softmax_u8,4,0.9036160111427307
524288,128,intattention_idx_softmax_u8,5,0.9029759764671326
524288,128,intattention_idx_softmax_u8,6,0.9045119881629944
524288,128,intattention_idx_softmax_u8,7,0.902944028377533
524288,128,intattention_idx_softmax_u8,8,0.9039679765701294
524288,128,intattention_idx_softmax_u8,9,0.9047999978065491
524288,128,intattention_idx_softmax_u8,10,0.9010239839553833
524288,128,intattention_idx_softmax_u8,11,0.9036480188369751
524288,128,intattention_idx_softmax_u8,12,0.9023039937019348
524288,128,intattention_idx_softmax_u8,13,0.903872013092041
524288,128,intattention_idx_softmax_u8,14,0.9042879939079285
524288,128,intattention_idx_softmax_u8,15,0.9012799859046936
524288,128,intattention_idx_softmax_u8,16,0.9015679955482483
524288,128,intattention_idx_softmax_u8,17,0.9010879993438721
524288,128,intattention_idx_softmax_u8,18,0.9031680226325989
524288,128,intattention_idx_softmax_u8,19,0.9035840034484863
524288,128,intattention_idx_softmax_u8,20,0.9027199745178223
524288,128,memory_floor_1read_1write,1,0.2353920042514801
524288,128,memory_floor_1read_1write,2,0.23552000522613525
524288,128,memory_floor_1read_1write,3,0.23350399732589722
524288,128,memory_floor_1read_1write,4,0.23388800024986267
524288,128,memory_floor_1read_1write,5,0.2369920015335083
524288,128,memory_floor_1read_1write,6,0.235167995095253
524288,128,memory_floor_1read_1write,7,0.23430399596691132
524288,128,memory_floor_1read_1write,8,0.2353920042514801
524288,128,memory_floor_1read_1write,9,0.23296000063419342
524288,128,memory_floor_1read_1write,10,0.23398399353027344
524288,128,memory_floor_1read_1write,11,0.2343679964542389
524288,128,memory_floor_1read_1write,12,0.2335679978132248
524288,128,memory_floor_1read_1write,13,0.23478400707244873
524288,128,memory_floor_1read_1write,14,0.2356480062007904
524288,128,memory_floor_1read_1write,15,0.2332800030708313
524288,128,memory_floor_1read_1write,16,0.23417599499225616
524288,128,memory_floor_1read_1write,17,0.23254400491714478
524288,128,memory_floor_1read_1write,18,0.23321600258350372
524288,128,memory_floor_1read_1write,19,0.23375999927520752
524288,128,memory_floor_1read_1write,20,0.23478400707244873
